make: Entering directory '/home/osaleem/repos/linux-imx'
  SYNC    include/config/auto.conf.cmd
  UPD     include/generated/uapi/linux/version.h
  HOSTCC  scripts/genksyms/genksyms.o
  YACC    scripts/genksyms/parse.tab.[ch]
  HOSTCC  scripts/genksyms/parse.tab.o
  HOSTCC  scripts/genksyms/lex.lex.o
  HOSTLD  scripts/genksyms/genksyms
  UPD     include/config/kernel.release
  UPD     include/generated/utsrelease.h
  DTC     arch/arm64/boot/dts/freescale/fsl-ls1028a-kontron-kbox-a-230-ls.dtb
  DTC     arch/arm64/boot/dts/freescale/fsl-ls1028a-kontron-sl28-var1.dtb
  DTC     arch/arm64/boot/dts/freescale/fsl-ls1028a-kontron-sl28.dtb
  DTC     arch/arm64/boot/dts/freescale/fsl-ls1028a-kontron-sl28-var3-ads2.dtb
  DTC     arch/arm64/boot/dts/freescale/fsl-ls1028a-kontron-sl28-var2.dtb
  DTC     arch/arm64/boot/dts/freescale/fsl-ls1028a-kontron-sl28-var4.dtb
  DTC     arch/arm64/boot/dts/freescale/fsl-ls1088a-ten64.dtb
  DTC     arch/arm64/boot/dts/freescale/fsl-lx2160a-clearfog-cx.dtb
  DTC     arch/arm64/boot/dts/freescale/fsl-lx2160a-honeycomb.dtb
  DTC     arch/arm64/boot/dts/freescale/imx8dxl-evk.dtb
  DTC     arch/arm64/boot/dts/freescale/imx8mm-ab2.dtb
  DTC     arch/arm64/boot/dts/freescale/imx8mm-ab2-m4.dtb
  DTC     arch/arm64/boot/dts/freescale/imx8mm-ddr4-ab2.dtb
  DTC     arch/arm64/boot/dts/freescale/imx8mm-ddr4-ab2-m4.dtb
  DTC     arch/arm64/boot/dts/freescale/imx8mm-ddr4-ab2-revb.dtb
  DTC     arch/arm64/boot/dts/freescale/imx8mm-ddr4-ab2-m4-revb.dtb
  CC      arch/arm64/kernel/asm-offsets.s
  DTC     arch/arm64/boot/dts/freescale/imx8mm-evk.dtb
  DTC     arch/arm64/boot/dts/freescale/imx8mm-evk-rpmsg.dtb
  DTC     arch/arm64/boot/dts/freescale/imx8mm-evk-rm67191.dtb
  DTC     arch/arm64/boot/dts/freescale/imx8mm-evk-root.dtb
  DTC     arch/arm64/boot/dts/freescale/imx8mm-evk-revb-qca-wifi.dtb
  DTC     arch/arm64/boot/dts/freescale/imx8mm-evk-ecspi-slave.dtb
  DTC     arch/arm64/boot/dts/freescale/imx8mm-evk-pcie-ep.dtb
  DTC     arch/arm64/boot/dts/freescale/imx8mm-evk-usd-wifi.dtb
  DTC     arch/arm64/boot/dts/freescale/imx8mm-evk-qca-wifi.dtb
  DTC     arch/arm64/boot/dts/freescale/imx8mm-evk-dpdk.dtb
  DTC     arch/arm64/boot/dts/freescale/imx8mm-evk-rm67199.dtb
  DTC     arch/arm64/boot/dts/freescale/imx8mm-evk-rm67191-cmd-ram.dtb
  DTC     arch/arm64/boot/dts/freescale/imx8mm-evk-rm67199-cmd-ram.dtb
  DTC     arch/arm64/boot/dts/freescale/imx8mm-evk-lk.dtb
  DTC     arch/arm64/boot/dts/freescale/imx8mm-evk-rpmsg-wm8524-lpv.dtb
  DTC     arch/arm64/boot/dts/freescale/imx8mm-evk-rpmsg-wm8524.dtb
  DTC     arch/arm64/boot/dts/freescale/imx8mm-evk-ak4497.dtb
  DTC     arch/arm64/boot/dts/freescale/imx8mm-evk-ak5558.dtb
  DTC     arch/arm64/boot/dts/freescale/imx8mm-evk-audio-tdm.dtb
  DTC     arch/arm64/boot/dts/freescale/imx8mm-evk-8mic-revE.dtb
  DTC     arch/arm64/boot/dts/freescale/imx8mm-evk-8mic-swpdm.dtb
  DTC     arch/arm64/boot/dts/freescale/imx8mm-evk-iqaudio-dacplus.dtb
  DTC     arch/arm64/boot/dts/freescale/imx8mm-evk-iqaudio-dacpro.dtb
  DTC     arch/arm64/boot/dts/freescale/imx8mm-evk-hifiberry-dacplus.dtb
  DTC     arch/arm64/boot/dts/freescale/imx8mm-evk-hifiberry-dac2.dtb
  DTC     arch/arm64/boot/dts/freescale/imx8mm-evk-hifiberry-dacplusadc.dtb
  DTC     arch/arm64/boot/dts/freescale/imx8mm-ddr4-evk.dtb
  DTC     arch/arm64/boot/dts/freescale/imx8mm-ddr4-evk-rm67191.dtb
  DTC     arch/arm64/boot/dts/freescale/imx8mm-ddr4-evk-revb.dtb
  DTC     arch/arm64/boot/dts/freescale/imx8mm-ddr4-evk-revb-rm67191.dtb
  DTC     arch/arm64/boot/dts/freescale/imx8mm-ddr4-evk-revb-rm67191-cmd-ram.dtb
  DTC     arch/arm64/boot/dts/freescale/imx8mm-ddr4-evk-root.dtb
  DTC     arch/arm64/boot/dts/freescale/imx8mm-ddr4-evk-inmate.dtb
  DTC     arch/arm64/boot/dts/freescale/imx8mm-ddr4-evk-pcie-ep.dtb
  DTC     arch/arm64/boot/dts/freescale/imx8mm-ddr4-evk-revb-rm67199.dtb
  DTC     arch/arm64/boot/dts/freescale/imx8mm-ddr4-evk-revb-rm67199-cmd-ram.dtb
  DTC     arch/arm64/boot/dts/freescale/imx8mm-ddr4-evk-rm67199.dtb
  DTC     arch/arm64/boot/dts/freescale/imx8mm-ddr4-evk-rm67191-cmd-ram.dtb
  DTC     arch/arm64/boot/dts/freescale/imx8mm-ddr4-evk-rm67199-cmd-ram.dtb
  DTC     arch/arm64/boot/dts/freescale/imx8mm-emcon-avari.dtb
  DTC     arch/arm64/boot/dts/freescale/imx8mm-icore-mx8mm-ctouch2.dtb
  DTC     arch/arm64/boot/dts/freescale/imx8mm-icore-mx8mm-edimm2.2.dtb
  DTC     arch/arm64/boot/dts/freescale/imx8mm-nitrogen-r2.dtb
  DTC     arch/arm64/boot/dts/freescale/imx8mn-bsh-smm-s2.dtb
  DTC     arch/arm64/boot/dts/freescale/imx8mn-bsh-smm-s2pro.dtb
  DTC     arch/arm64/boot/dts/freescale/imx8mn-evk.dtb
  DTC     arch/arm64/boot/dts/freescale/imx8mn-evk-rm67191.dtb
  DTC     arch/arm64/boot/dts/freescale/imx8mn-evk-rm67199.dtb
  DTC     arch/arm64/boot/dts/freescale/imx8mn-evk-rm67191-cmd-ram.dtb
  DTC     arch/arm64/boot/dts/freescale/imx8mn-evk-rm67199-cmd-ram.dtb
  DTC     arch/arm64/boot/dts/freescale/imx8mn-evk-rpmsg.dtb
  DTC     arch/arm64/boot/dts/freescale/imx8mn-evk-8mic-revE.dtb
  DTC     arch/arm64/boot/dts/freescale/imx8mn-evk-8mic-swpdm.dtb
  DTC     arch/arm64/boot/dts/freescale/imx8mn-evk-usd-wifi.dtb
  DTC     arch/arm64/boot/dts/freescale/imx8mn-ddr3l-evk.dtb
  DTC     arch/arm64/boot/dts/freescale/imx8mn-ddr4-evk.dtb
  DTC     arch/arm64/boot/dts/freescale/imx8mn-ddr4-evk-rm67191.dtb
  DTC     arch/arm64/boot/dts/freescale/imx8mn-ddr4-evk-rm67199.dtb
  DTC     arch/arm64/boot/dts/freescale/imx8mn-ddr4-evk-rm67191-cmd-ram.dtb
  DTC     arch/arm64/boot/dts/freescale/imx8mn-ddr4-evk-rm67199-cmd-ram.dtb
  DTC     arch/arm64/boot/dts/freescale/imx8mn-ddr4-evk-usd-wifi.dtb
  DTC     arch/arm64/boot/dts/freescale/imx8mn-ddr4-evk-rpmsg.dtb
  DTC     arch/arm64/boot/dts/freescale/imx8mn-ddr3l-evk-rpmsg.dtb
  DTC     arch/arm64/boot/dts/freescale/imx8mn-ddr4-evk-root.dtb
  DTC     arch/arm64/boot/dts/freescale/imx8mn-evk-root.dtb
  DTC     arch/arm64/boot/dts/freescale/imx8mn-evk-lk.dtb
  DTC     arch/arm64/boot/dts/freescale/imx8mn-ddr4-evk-lk.dtb
  DTC     arch/arm64/boot/dts/freescale/imx8mn-ddr3l-evk-ak5558.dtb
  DTC     arch/arm64/boot/dts/freescale/imx8mn-ddr4-evk-ak5558.dtb
  DTC     arch/arm64/boot/dts/freescale/imx8mn-evk-ak5558.dtb
  DTC     arch/arm64/boot/dts/freescale/imx8mn-ab2.dtb
  DTC     arch/arm64/boot/dts/freescale/imx8mn-ddr3l-ab2.dtb
  DTC     arch/arm64/boot/dts/freescale/imx8mn-ddr4-ab2.dtb
  DTC     arch/arm64/boot/dts/freescale/imx8mn-evk-iqaudio-dacplus.dtb
  DTC     arch/arm64/boot/dts/freescale/imx8mn-evk-iqaudio-dacpro.dtb
  DTC     arch/arm64/boot/dts/freescale/imx8mn-evk-hifiberry-dacplus.dtb
  DTC     arch/arm64/boot/dts/freescale/imx8mn-evk-hifiberry-dac2.dtb
  DTC     arch/arm64/boot/dts/freescale/imx8mp-evk.dtb
  DTC     arch/arm64/boot/dts/freescale/imx8mp-evk-rm67191.dtb
  DTC     arch/arm64/boot/dts/freescale/imx8mp-evk-it6263-lvds-dual-channel.dtb
  DTC     arch/arm64/boot/dts/freescale/imx8mp-evk-pcie-ep.dtb
  DTC     arch/arm64/boot/dts/freescale/imx8mp-evk-rpmsg.dtb
  DTC     arch/arm64/boot/dts/freescale/imx8mp-evk-ecspi-slave.dtb
  DTC     arch/arm64/boot/dts/freescale/imx8mp-evk-jdi-wuxga-lvds-panel.dtb
  DTC     arch/arm64/boot/dts/freescale/imx8mp-evk-flexcan2.dtb
  DTC     arch/arm64/boot/dts/freescale/imx8mp-evk-root.dtb
  DTC     arch/arm64/boot/dts/freescale/imx8mp-evk-ov2775.dtb
  DTC     arch/arm64/boot/dts/freescale/imx8mp-evk-ov2775-ov5640.dtb
  DTC     arch/arm64/boot/dts/freescale/imx8mp-evk-basler-ov5640.dtb
  DTC     arch/arm64/boot/dts/freescale/imx8mp-evk-basler.dtb
  DTC     arch/arm64/boot/dts/freescale/imx8mp-evk-basler-ov2775.dtb
  DTC     arch/arm64/boot/dts/freescale/imx8mp-evk-dual-basler.dtb
  DTC     arch/arm64/boot/dts/freescale/imx8mp-evk-dual-ov2775.dtb
  DTC     arch/arm64/boot/dts/freescale/imx8mp-evk-spdif-lb.dtb
  DTC     arch/arm64/boot/dts/freescale/imx8mp-evk-dsp.dtb
  DTC     arch/arm64/boot/dts/freescale/imx8mp-evk-sof-wm8960.dtb
  DTC     arch/arm64/boot/dts/freescale/imx8mp-evk-sof-pdm.dtb
  DTC     arch/arm64/boot/dts/freescale/imx8mp-evk-os08a20-ov5640.dtb
  DTC     arch/arm64/boot/dts/freescale/imx8mp-evk-os08a20.dtb
  DTC     arch/arm64/boot/dts/freescale/imx8mp-evk-dual-os08a20.dtb
  DTC     arch/arm64/boot/dts/freescale/imx8mp-evk-iqaudio-dacplus.dtb
  DTC     arch/arm64/boot/dts/freescale/imx8mp-evk-iqaudio-dacpro.dtb
  DTC     arch/arm64/boot/dts/freescale/imx8mp-evk-hifiberry-dacplus.dtb
  DTC     arch/arm64/boot/dts/freescale/imx8mp-evk-hifiberry-dac2.dtb
  DTC     arch/arm64/boot/dts/freescale/imx8mp-evk-hifiberry-dacplusadc.dtb
  DTC     arch/arm64/boot/dts/freescale/imx8mp-evk-usdhc1-m2.dtb
  DTC     arch/arm64/boot/dts/freescale/imx8mp-evk-rm67199.dtb
  DTC     arch/arm64/boot/dts/freescale/imx8mp-evk-dpdk.dtb
  DTC     arch/arm64/boot/dts/freescale/imx8mp-evk-8mic-swpdm.dtb
  DTC     arch/arm64/boot/dts/freescale/imx8mp-evk-rpmsg-lpv.dtb
  DTC     arch/arm64/boot/dts/freescale/imx8mp-evk-revA3-8mic-revE.dtb
  DTC     arch/arm64/boot/dts/freescale/imx8mp-msc-sm2s-ep1.dtb
  DTC     arch/arm64/boot/dts/freescale/imx8mp-phyboard-pollux-rdk.dtb
  DTC     arch/arm64/boot/dts/freescale/imx8mp-ab2.dtb
  DTC     arch/arm64/boot/dts/freescale/imx8mp-ddr4-evk.dtb
  DTC     arch/arm64/boot/dts/freescale/imx8mp-evk-ndm.dtb
  DTOVL   arch/arm64/boot/dts/freescale/imx8mp-evk-revb4.dtb
  DTOVL   arch/arm64/boot/dts/freescale/imx8mp-evk-revb4-rm67191.dtb
  DTOVL   arch/arm64/boot/dts/freescale/imx8mp-evk-revb4-it6263-lvds-dual-channel.dtb
  DTOVL   arch/arm64/boot/dts/freescale/imx8mp-evk-revb4-pcie-ep.dtb
  DTOVL   arch/arm64/boot/dts/freescale/imx8mp-evk-revb4-ecspi-slave.dtb
  DTOVL   arch/arm64/boot/dts/freescale/imx8mp-evk-revb4-jdi-wuxga-lvds-panel.dtb
  DTOVL   arch/arm64/boot/dts/freescale/imx8mp-evk-revb4-flexcan2.dtb
  DTOVL   arch/arm64/boot/dts/freescale/imx8mp-evk-revb4-root.dtb
  DTOVL   arch/arm64/boot/dts/freescale/imx8mp-evk-revb4-ov2775.dtb
  DTOVL   arch/arm64/boot/dts/freescale/imx8mp-evk-revb4-ov2775-ov5640.dtb
  DTOVL   arch/arm64/boot/dts/freescale/imx8mp-evk-revb4-basler-ov5640.dtb
  DTOVL   arch/arm64/boot/dts/freescale/imx8mp-evk-revb4-basler.dtb
  DTOVL   arch/arm64/boot/dts/freescale/imx8mp-evk-revb4-dual-basler.dtb
  DTOVL   arch/arm64/boot/dts/freescale/imx8mp-evk-revb4-basler-ov2775.dtb
  DTOVL   arch/arm64/boot/dts/freescale/imx8mp-evk-revb4-dual-ov2775.dtb
  DTOVL   arch/arm64/boot/dts/freescale/imx8mp-evk-revb4-spdif-lb.dtb
  DTOVL   arch/arm64/boot/dts/freescale/imx8mp-evk-revb4-os08a20-ov5640.dtb
  DTOVL   arch/arm64/boot/dts/freescale/imx8mp-evk-revb4-os08a20.dtb
  DTOVL   arch/arm64/boot/dts/freescale/imx8mp-evk-revb4-dual-os08a20.dtb
  DTOVL   arch/arm64/boot/dts/freescale/imx8mp-evk-revb4-iqaudio-dacplus.dtb
  DTOVL   arch/arm64/boot/dts/freescale/imx8mp-evk-revb4-iqaudio-dacpro.dtb
  DTOVL   arch/arm64/boot/dts/freescale/imx8mp-evk-revb4-hifiberry-dacplus.dtb
  DTOVL   arch/arm64/boot/dts/freescale/imx8mp-evk-revb4-hifiberry-dac2.dtb
  DTOVL   arch/arm64/boot/dts/freescale/imx8mp-evk-revb4-hifiberry-dacplusadc.dtb
  DTOVL   arch/arm64/boot/dts/freescale/imx8mp-evk-revb4-usdhc1-m2.dtb
  DTOVL   arch/arm64/boot/dts/freescale/imx8mp-evk-revb4-rm67199.dtb
  DTOVL   arch/arm64/boot/dts/freescale/imx8mp-evk-revb4-dpdk.dtb
  DTOVL   arch/arm64/boot/dts/freescale/imx8mp-evk-revb4-8mic-swpdm.dtb
  DTC     arch/arm64/boot/dts/freescale/imx8mp-evk-revb4-sof-wm8962.dtb
  DTC     arch/arm64/boot/dts/freescale/imx8mp-evk-revb4-rpmsg.dtb
  DTC     arch/arm64/boot/dts/freescale/imx8mp-evk-revb4-rpmsg-lpv.dtb
  DTC     arch/arm64/boot/dts/freescale/imx8mq-evk.dtb
  DTC     arch/arm64/boot/dts/freescale/imx8mq-evk-rpmsg.dtb
  DTC     arch/arm64/boot/dts/freescale/imx8mq-evk-pcie1-m2.dtb
  DTC     arch/arm64/boot/dts/freescale/imx8mq-evk-usd-wifi.dtb
  DTC     arch/arm64/boot/dts/freescale/imx8mq-evk-usdhc2-m2.dtb
  DTC     arch/arm64/boot/dts/freescale/imx8mq-evk-ak4497.dtb
  DTC     arch/arm64/boot/dts/freescale/imx8mq-evk-audio-tdm.dtb
  DTC     arch/arm64/boot/dts/freescale/imx8mq-evk-pdm.dtb
  DTC     arch/arm64/boot/dts/freescale/imx8mq-evk-root.dtb
  DTC     arch/arm64/boot/dts/freescale/imx8mq-evk-lcdif-rm67191.dtb
  DTC     arch/arm64/boot/dts/freescale/imx8mq-evk-lcdif-adv7535.dtb
  DTC     arch/arm64/boot/dts/freescale/imx8mq-evk-lcdif-rm67199.dtb
  DTC     arch/arm64/boot/dts/freescale/imx8mq-evk-dcss-rm67191.dtb
  DTC     arch/arm64/boot/dts/freescale/imx8mq-evk-dcss-adv7535.dtb
  DTC     arch/arm64/boot/dts/freescale/imx8mq-evk-dcss-rm67199.dtb
  DTC     arch/arm64/boot/dts/freescale/imx8mq-evk-dual-display.dtb
  DTC     arch/arm64/boot/dts/freescale/imx8mq-hummingboard-pulse.dtb
  DTC     arch/arm64/boot/dts/freescale/imx8mq-kontron-pitx-imx8m.dtb
  DTC     arch/arm64/boot/dts/freescale/imx8mq-mnt-reform2.dtb
  DTC     arch/arm64/boot/dts/freescale/imx8mq-nitrogen.dtb
  DTC     arch/arm64/boot/dts/freescale/imx8mq-phanbell.dtb
  DTC     arch/arm64/boot/dts/freescale/imx8mq-pico-pi.dtb
  DTC     arch/arm64/boot/dts/freescale/imx8mq-thor96.dtb
  DTC     arch/arm64/boot/dts/freescale/imx8mq-evk-dp.dtb
  DTC     arch/arm64/boot/dts/freescale/imx8mq-zii-ultra-rmb3.dtb
  DTC     arch/arm64/boot/dts/freescale/imx8mq-zii-ultra-zest.dtb
  DTC     arch/arm64/boot/dts/freescale/imx8mq-ddr3l-val.dtb
  DTC     arch/arm64/boot/dts/freescale/imx8mq-ddr4-val.dtb
  DTC     arch/arm64/boot/dts/freescale/imx8mq-ddr4-val-gpmi-nand.dtb
  DTC     arch/arm64/boot/dts/freescale/imx8mq-evk-pcie-ep.dtb
  DTC     arch/arm64/boot/dts/freescale/imx8mq-wevk.dtb
  DTC     arch/arm64/boot/dts/freescale/imx8qm-mek.dtb
  DTC     arch/arm64/boot/dts/freescale/imx8qxp-ai_ml.dtb
  DTC     arch/arm64/boot/dts/freescale/imx8qxp-colibri-eval-v3.dtb
  DTC     arch/arm64/boot/dts/freescale/imx8qxp-mek.dtb
  DTC     arch/arm64/boot/dts/freescale/imx8ulp-evk.dtb
  DTC     arch/arm64/boot/dts/freescale/imx8ulp-evk-lpspi-slave.dtb
  DTC     arch/arm64/boot/dts/freescale/imx8ulp-evk-i3c.dtb
  DTC     arch/arm64/boot/dts/freescale/imx8ulp-evk-rk055hdmipi4m.dtb
  DTC     arch/arm64/boot/dts/freescale/imx8ulp-evk-rk055hdmipi4mv2.dtb
  DTC     arch/arm64/boot/dts/freescale/imx8ulp-evk-epdc.dtb
  DTC     arch/arm64/boot/dts/freescale/imx8ulp-evk-sof-btsco.dtb
  DTC     arch/arm64/boot/dts/freescale/imx8ulp-evk-flexio-i2c.dtb
  DTC     arch/arm64/boot/dts/freescale/imx8ulp-evk-nd.dtb
  DTC     arch/arm64/boot/dts/freescale/imx8ulp-9x9-evk.dtb
  DTC     arch/arm64/boot/dts/freescale/imx8ulp-9x9-evk-rk055hdmipi4m.dtb
  DTC     arch/arm64/boot/dts/freescale/imx8ulp-9x9-evk-rk055hdmipi4mv2.dtb
  DTC     arch/arm64/boot/dts/freescale/imx8ulp-9x9-evk-lpspi.dtb
  DTC     arch/arm64/boot/dts/freescale/imx8ulp-9x9-evk-lpspi-slave.dtb
  DTC     arch/arm64/boot/dts/freescale/imx8ulp-9x9-evk-i3c.dtb
  DTC     arch/arm64/boot/dts/freescale/imx8ulp-9x9-evk-sof-btsco.dtb
  DTC     arch/arm64/boot/dts/freescale/imx8ulp-evk-lpa.dtb
  DTC     arch/arm64/boot/dts/freescale/imx8ulp-9x9-evk-lpa.dtb
  DTC     arch/arm64/boot/dts/freescale/imx8qm-mek-ov5640.dtb
  DTC     arch/arm64/boot/dts/freescale/imx8qm-mek-enet2-tja1100.dtb
  DTC     arch/arm64/boot/dts/freescale/imx8qm-mek-rpmsg.dtb
  DTC     arch/arm64/boot/dts/freescale/imx8qm-mek-hdmi.dtb
  DTC     arch/arm64/boot/dts/freescale/imx8qm-mek-jdi-wuxga-lvds1-panel.dtb
  DTC     arch/arm64/boot/dts/freescale/imx8qm-mek-jdi-wuxga-lvds1-panel-rpmsg.dtb
  DTC     arch/arm64/boot/dts/freescale/imx8qm-mek-pcie-ep.dtb
  DTC     arch/arm64/boot/dts/freescale/imx8qm-mek-usdhc3-m2.dtb
  DTC     arch/arm64/boot/dts/freescale/imx8qm-mek-usd-wifi.dtb
  DTC     arch/arm64/boot/dts/freescale/imx8qm-mek-hdmi-rx.dtb
  DTC     arch/arm64/boot/dts/freescale/imx8qm-mek-hdmi-rx-ov5640.dtb
  DTC     arch/arm64/boot/dts/freescale/imx8qm-lpddr4-val.dtb
  DTC     arch/arm64/boot/dts/freescale/imx8qm-lpddr4-val-mqs.dtb
  DTC     arch/arm64/boot/dts/freescale/imx8qm-lpddr4-val-spdif.dtb
  DTC     arch/arm64/boot/dts/freescale/imx8qm-mek-ca53.dtb
  DTC     arch/arm64/boot/dts/freescale/imx8qm-mek-ca72.dtb
  DTC     arch/arm64/boot/dts/freescale/imx8qm-lpddr4-val-ca53.dtb
  DTC     arch/arm64/boot/dts/freescale/imx8qm-lpddr4-val-ca72.dtb
  DTC     arch/arm64/boot/dts/freescale/imx8qm-ddr4-val.dtb
  DTC     arch/arm64/boot/dts/freescale/imx8qm-lpddr4-val-lpspi.dtb
  DTC     arch/arm64/boot/dts/freescale/imx8qm-lpddr4-val-lpspi-slave.dtb
  DTC     arch/arm64/boot/dts/freescale/imx8qm-mek-dsi-rm67191.dtb
  DTC     arch/arm64/boot/dts/freescale/imx8qm-mek-dsi-rm67199.dtb
  DTC     arch/arm64/boot/dts/freescale/imx8qm-lpddr4-val-dp.dtb
  DTC     arch/arm64/boot/dts/freescale/imx8qp-lpddr4-val.dtb
  DTC     arch/arm64/boot/dts/freescale/imx8dm-lpddr4-val.dtb
  DTC     arch/arm64/boot/dts/freescale/imx8qm-pcieax2pciebx1.dtb
  DTC     arch/arm64/boot/dts/freescale/imx8qm-mek-cockpit-a53.dtb
  DTC     arch/arm64/boot/dts/freescale/imx8qm-mek-cockpit-a72.dtb
  DTC     arch/arm64/boot/dts/freescale/imx8qm-mek-esai.dtb
  DTC     arch/arm64/boot/dts/freescale/imx8qm-mek-dom0.dtb
  DTC     arch/arm64/boot/dts/freescale/imx8qm-mek-domu.dtb
  DTC     arch/arm64/boot/dts/freescale/imx8qm-mek-root.dtb
  DTC     arch/arm64/boot/dts/freescale/imx8qm-mek-inmate.dtb
  DTOVL   arch/arm64/boot/dts/freescale/imx8qm-mek-revd.dtb
  DTOVL   arch/arm64/boot/dts/freescale/imx8qm-mek-revd-rpmsg.dtb
  DTOVL   arch/arm64/boot/dts/freescale/imx8qm-mek-revd-ov5640.dtb
  DTOVL   arch/arm64/boot/dts/freescale/imx8qm-mek-revd-enet2-tja1100.dtb
  DTOVL   arch/arm64/boot/dts/freescale/imx8qm-mek-revd-hdmi.dtb
  DTOVL   arch/arm64/boot/dts/freescale/imx8qm-mek-revd-jdi-wuxga-lvds1-panel.dtb
  DTOVL   arch/arm64/boot/dts/freescale/imx8qm-mek-revd-jdi-wuxga-lvds1-panel-rpmsg.dtb
  DTOVL   arch/arm64/boot/dts/freescale/imx8qm-mek-revd-pcie-ep.dtb
  DTOVL   arch/arm64/boot/dts/freescale/imx8qm-mek-revd-usdhc3-m2.dtb
  DTOVL   arch/arm64/boot/dts/freescale/imx8qm-mek-revd-usd-wifi.dtb
  DTOVL   arch/arm64/boot/dts/freescale/imx8qm-mek-revd-hdmi-rx.dtb
  DTOVL   arch/arm64/boot/dts/freescale/imx8qm-mek-revd-hdmi-rx-ov5640.dtb
  DTOVL   arch/arm64/boot/dts/freescale/imx8qm-mek-revd-ca53.dtb
  DTOVL   arch/arm64/boot/dts/freescale/imx8qm-mek-revd-ca72.dtb
  DTC     arch/arm64/boot/dts/freescale/imx8dxl-evk-enet0.dtb
  DTC     arch/arm64/boot/dts/freescale/imx8dxl-evk-enet0-tja1100.dtb
  DTC     arch/arm64/boot/dts/freescale/imx8dxl-evk-pcie-ep.dtb
  DTC     arch/arm64/boot/dts/freescale/imx8dxl-evk-lcdif.dtb
  DTC     arch/arm64/boot/dts/freescale/imx8dxl-evk-lpspi-slave.dtb
  DTC     arch/arm64/boot/dts/freescale/imx8dxl-evk-rpmsg.dtb
  DTC     arch/arm64/boot/dts/freescale/imx8dxl-ddr3l-evk.dtb
  DTC     arch/arm64/boot/dts/freescale/imx8dxl-ddr3l-evk-rpmsg.dtb
  DTC     arch/arm64/boot/dts/freescale/imx8dxl-phantom-mek.dtb
  DTC     arch/arm64/boot/dts/freescale/imx8dxl-phantom-mek-rpmsg.dtb
  DTC     arch/arm64/boot/dts/freescale/imx8dxl-orangebox.dtb
  DTC     arch/arm64/boot/dts/freescale/imx8dxl-orangebox-sd.dtb
  DTC     arch/arm64/boot/dts/freescale/imx8qxp-mek-ov5640.dtb
  DTC     arch/arm64/boot/dts/freescale/imx8qxp-mek-enet2.dtb
  DTC     arch/arm64/boot/dts/freescale/imx8qxp-mek-enet2-sja1105.dtb
  DTC     arch/arm64/boot/dts/freescale/imx8qxp-mek-enet2-tja1100.dtb
  DTC     arch/arm64/boot/dts/freescale/imx8qxp-mek-sof-cs42888.dtb
  DTC     arch/arm64/boot/dts/freescale/imx8qxp-mek-sof-wm8960.dtb
  DTC     arch/arm64/boot/dts/freescale/imx8qxp-mek-sof.dtb
  DTC     arch/arm64/boot/dts/freescale/imx8qxp-mek-rpmsg.dtb
  DTC     arch/arm64/boot/dts/freescale/imx8qxp-mek-a0.dtb
  DTC     arch/arm64/boot/dts/freescale/imx8qxp-mek-it6263-lvds0-dual-channel.dtb
  DTC     arch/arm64/boot/dts/freescale/imx8qxp-mek-it6263-lvds1-dual-channel.dtb
  DTC     arch/arm64/boot/dts/freescale/imx8qxp-mek-it6263-lvds0-dual-channel-rpmsg.dtb
  DTC     arch/arm64/boot/dts/freescale/imx8qxp-mek-it6263-lvds1-dual-channel-rpmsg.dtb
  DTC     arch/arm64/boot/dts/freescale/imx8qxp-mek-jdi-wuxga-lvds0-panel.dtb
  CALL    scripts/checksyscalls.sh
  DTC     arch/arm64/boot/dts/freescale/imx8qxp-mek-jdi-wuxga-lvds1-panel.dtb
  DTC     arch/arm64/boot/dts/freescale/imx8qxp-mek-jdi-wuxga-lvds0-panel-rpmsg.dtb
  DTC     arch/arm64/boot/dts/freescale/imx8qxp-mek-jdi-wuxga-lvds1-panel-rpmsg.dtb
  DTC     arch/arm64/boot/dts/freescale/imx8qxp-mek-dsi-rm67191.dtb
  DTC     arch/arm64/boot/dts/freescale/imx8qxp-mek-dsi-rm67191-rpmsg.dtb
  DTC     arch/arm64/boot/dts/freescale/imx8qxp-mek-dsi-rm67199.dtb
  DTC     arch/arm64/boot/dts/freescale/imx8qxp-mek-dsi-rm67199-rpmsg.dtb
  DTC     arch/arm64/boot/dts/freescale/imx8qxp-mek-ov5640-rpmsg.dtb
  DTC     arch/arm64/boot/dts/freescale/imx8qxp-mek-dpu-lcdif.dtb
  DTC     arch/arm64/boot/dts/freescale/imx8qxp-mek-dpu-lcdif-rpmsg.dtb
  DTC     arch/arm64/boot/dts/freescale/imx8qxp-mek-pcie-ep.dtb
  DTC     arch/arm64/boot/dts/freescale/imx8dx-mek.dtb
  DTC     arch/arm64/boot/dts/freescale/imx8dx-mek-rpmsg.dtb
  DTC     arch/arm64/boot/dts/freescale/imx8dx-mek-enet2-tja1100.dtb
  DTC     arch/arm64/boot/dts/freescale/imx8dx-mek-it6263-lvds0-dual-channel.dtb
  LDS     arch/arm64/kernel/vdso/vdso.lds
  AS      arch/arm64/kernel/vdso/note.o
  DTC     arch/arm64/boot/dts/freescale/imx8dx-mek-it6263-lvds1-dual-channel.dtb
  DTC     arch/arm64/boot/dts/freescale/imx8dx-mek-it6263-lvds0-dual-channel-rpmsg.dtb
  DTC     arch/arm64/boot/dts/freescale/imx8dx-mek-it6263-lvds1-dual-channel-rpmsg.dtb
  DTC     arch/arm64/boot/dts/freescale/imx8dx-mek-jdi-wuxga-lvds0-panel.dtb
  DTC     arch/arm64/boot/dts/freescale/imx8dx-mek-jdi-wuxga-lvds1-panel.dtb
  DTC     arch/arm64/boot/dts/freescale/imx8dx-mek-jdi-wuxga-lvds0-panel-rpmsg.dtb
  DTC     arch/arm64/boot/dts/freescale/imx8dx-mek-jdi-wuxga-lvds1-panel-rpmsg.dtb
  DTC     arch/arm64/boot/dts/freescale/imx8dx-mek-ov5640.dtb
  DTC     arch/arm64/boot/dts/freescale/imx8dx-mek-ov5640-rpmsg.dtb
  DTC     arch/arm64/boot/dts/freescale/imx8dx-mek-dsi-rm67191.dtb
  DTC     arch/arm64/boot/dts/freescale/imx8dx-mek-dsi-rm67191-rpmsg.dtb
  DTC     arch/arm64/boot/dts/freescale/imx8qxp-mek-lcdif.dtb
  DTC     arch/arm64/boot/dts/freescale/imx8qxp-mek-lcdif-rpmsg.dtb
  DTC     arch/arm64/boot/dts/freescale/imx8qxp-lpddr4-val-a0.dtb
  DTC     arch/arm64/boot/dts/freescale/imx8qxp-lpddr4-val.dtb
  LD      arch/arm64/kernel/vdso/vdso.so.dbg
  VDSOSYM include/generated/vdso-offsets.h
  OBJCOPY arch/arm64/kernel/vdso/vdso.so
  DTC     arch/arm64/boot/dts/freescale/imx8qxp-lpddr4-val-mqs.dtb
  DTC     arch/arm64/boot/dts/freescale/imx8qxp-ddr3l-val.dtb
  DTC     arch/arm64/boot/dts/freescale/imx8qxp-lpddr4-val-lpspi.dtb
  DTC     arch/arm64/boot/dts/freescale/imx8qxp-lpddr4-val-lpspi-slave.dtb
  DTC     arch/arm64/boot/dts/freescale/imx8qxp-lpddr4-val-spdif.dtb
  DTC     arch/arm64/boot/dts/freescale/imx8qxp-lpddr4-val-gpmi-nand.dtb
  DTC     arch/arm64/boot/dts/freescale/imx8dxp-lpddr4-val.dtb
  DTC     arch/arm64/boot/dts/freescale/imx8qxp-17x17-val.dtb
  DTC     arch/arm64/boot/dts/freescale/imx8dx-lpddr4-val.dtb
  DTC     arch/arm64/boot/dts/freescale/imx8dx-17x17-val.dtb
  DTC     arch/arm64/boot/dts/freescale/imx8qxp-mek-dom0.dtb
  DTC     arch/arm64/boot/dts/freescale/imx8qxp-mek-root.dtb
  CC      certs/system_keyring.o
  CC      init/main.o
  DTC     arch/arm64/boot/dts/freescale/imx8qxp-mek-inmate.dtb
  DTC     arch/arm64/boot/dts/freescale/imx93-14x14-evk.dtb
  DTC     arch/arm64/boot/dts/freescale/imx93-14x14-evk-tja1103.dtb
  CC      init/do_mounts.o
  CC      arch/arm64/net/bpf_jit_comp.o
  DTC     arch/arm64/boot/dts/freescale/imx93-14x14-evk-rm67199.dtb
  CC      arch/arm64/xen/../../arm/xen/enlighten.o
  CC      ipc/compat.o
  CC      arch/arm64/mm/dma-mapping.o
  DTC     arch/arm64/boot/dts/freescale/imx93-14x14-evk-mqs.dtb
  CC      arch/arm64/crypto/sha1-ce-glue.o
  CC      security/keys/gc.o
  DTC     arch/arm64/boot/dts/freescale/imx93-14x14-evk-aud-hat.dtb
  LDS     arch/arm64/kernel/vmlinux.lds
  DTC     arch/arm64/boot/dts/freescale/imx93-14x14-evk-lvds-it6263.dtb
  CC      arch/arm64/kvm/hyp-constants.s
  CC      arch/arm64/kernel/debug-monitors.o
  DTC     arch/arm64/boot/dts/freescale/imx93-14x14-evk-sja1105.dtb
  CC      fs/open.o
  CC      kernel/fork.o
  DTC     arch/arm64/boot/dts/freescale/imx93-14x14-evk-flexspi-m2.dtb
  CC      mm/filemap.o
  DTC     arch/arm64/boot/dts/freescale/imx93-14x14-evk-dsi-serdes.dtb
  DTC     arch/arm64/boot/dts/freescale/imx93-11x11-evk.dtb
  DTC     arch/arm64/boot/dts/freescale/imx93-11x11-evk-root.dtb
  DTC     arch/arm64/boot/dts/freescale/imx93-11x11-evk-flexio-i2c.dtb
  DTC     arch/arm64/boot/dts/freescale/imx93-11x11-evk-lpspi.dtb
  CC      crypto/api.o
  DTC     arch/arm64/boot/dts/freescale/imx93-11x11-evk-lpspi-slave.dtb
  DTC     arch/arm64/boot/dts/freescale/imx93-11x11-evk-i3c.dtb
  DTC     arch/arm64/boot/dts/freescale/imx93-11x11-evk-lpuart.dtb
  DTC     arch/arm64/boot/dts/freescale/imx93-11x11-evk-mqs.dtb
  DTC     arch/arm64/boot/dts/freescale/imx93-11x11-evk-aud-hat.dtb
  DTC     arch/arm64/boot/dts/freescale/imx93-11x11-evk-rm67199.dtb
  DTC     arch/arm64/boot/dts/freescale/imx93-11x11-evk-boe-wxga-lvds-panel.dtb
  DTC     arch/arm64/boot/dts/freescale/imx93-11x11-evk-flexspi-m2.dtb
  AR      certs/built-in.a
  CC      init/do_mounts_initrd.o
  DTC     arch/arm64/boot/dts/freescale/imx93-11x11-evk-mt9m114.dtb
  CC      arch/arm64/crypto/sha2-ce-glue.o
  DTC     arch/arm64/boot/dts/freescale/imx93-11x11-evk-ld.dtb
  CC      ipc/util.o
  DTC     arch/arm64/boot/dts/freescale/imx93-11x11-evk-rpmsg.dtb
  DTC     arch/arm64/boot/dts/freescale/imx93-11x11-evk-rpmsg-lpv.dtb
  CC      security/keys/key.o
  DTC     arch/arm64/boot/dts/freescale/imx93-9x9-qsb.dtb
  CC      arch/arm64/kvm/hyp/vhe/timer-sr.o
  DTC     arch/arm64/boot/dts/freescale/imx93-9x9-qsb-can1.dtb
  DTC     arch/arm64/boot/dts/freescale/imx93-9x9-qsb-flexspi-m2.dtb
  DTC     arch/arm64/boot/dts/freescale/imx93-9x9-qsb-ontat-wvga-panel.dtb
  CC      arch/arm64/kernel/irq.o
  DTC     arch/arm64/boot/dts/freescale/imx93-9x9-qsb-mt9m114.dtb
  DTC     arch/arm64/boot/dts/freescale/imx93-9x9-qsb-i3c.dtb
  CC      arch/arm64/mm/extable.o
  DTC     arch/arm64/boot/dts/freescale/imx93-9x9-qsb-lpspi.dtb
  DTC     arch/arm64/boot/dts/freescale/imx93-9x9-qsb-lpspi-slave.dtb
  DTC     arch/arm64/boot/dts/freescale/imx93-9x9-qsb-ld.dtb
  DTC     arch/arm64/boot/dts/freescale/imx93-9x9-qsb-aud-hat.dtb
  DTC     arch/arm64/boot/dts/freescale/imx93-9x9-qsb-rpmsg.dtb
  DTC     arch/arm64/boot/dts/freescale/imx93-9x9-qsb-rpmsg-lpv.dtb
  CC      arch/arm64/crypto/ghash-ce-glue.o
  DTC     arch/arm64/boot/dts/freescale/imx91p-9x9-qsb.dtb
  CC      security/commoncap.o
  CC      arch/arm64/xen/../../arm/xen/grant-table.o
  DTC     arch/arm64/boot/dts/freescale/imx91p-9x9-qsb-aud-hat.dtb
  CC      crypto/cipher.o
  DTC     arch/arm64/boot/dts/freescale/imx91p-9x9-qsb-mt9m114.dtb
  DTC     arch/arm64/boot/dts/freescale/imx91p-9x9-qsb-flexspi-m2.dtb
  DTC     arch/arm64/boot/dts/freescale/imx91p-9x9-qsb-spi-nand-m2.dtb
  CC      arch/arm64/mm/fault.o
  DTC     arch/arm64/boot/dts/freescale/imx91p-9x9-qsb-i3c.dtb
  CC      arch/arm64/kvm/hyp/vhe/sysreg-sr.o
  DTC     arch/arm64/boot/dts/freescale/imx91p-9x9-qsb-lpspi.dtb
  DTC     arch/arm64/boot/dts/freescale/imx91p-9x9-qsb-lpspi-slave.dtb
  DTC     arch/arm64/boot/dts/freescale/imx91p-9x9-qsb-ld.dtb
  DTC     arch/arm64/boot/dts/freescale/imx91p-9x9-qsb-ontat-wvga-panel.dtb
  DTC     arch/arm64/boot/dts/freescale/imx91p-9x9-qsb-can1.dtb
  CC      arch/arm64/kernel/fpsimd.o
  CC      ipc/msgutil.o
  DTC     arch/arm64/boot/dts/freescale/imx91p-11x11-evk.dtb
  DTC     arch/arm64/boot/dts/freescale/imx91p-11x11-evk-mt9m114.dtb
  DTC     arch/arm64/boot/dts/freescale/imx91p-11x11-evk-mqs.dtb
  DTC     arch/arm64/boot/dts/freescale/imx91p-11x11-evk-aud-hat.dtb
  DTC     arch/arm64/boot/dts/freescale/imx91p-11x11-evk-ontat-wvga-panel.dtb
  DTC     arch/arm64/boot/dts/freescale/imx91p-11x11-evk-flexspi-m2.dtb
  DTC     arch/arm64/boot/dts/freescale/imx91p-11x11-evk-ld.dtb
  LDS     arch/arm64/kvm/hyp/nvhe/hyp.lds
  CC      arch/arm64/kvm/hyp/nvhe/timer-sr.nvhe.o
  DTC     arch/arm64/boot/dts/freescale/imx91p-11x11-evk-i3c.dtb
  CC      init/initramfs.o
  CC      arch/arm64/xen/../../arm/xen/p2m.o
  DTC     arch/arm64/boot/dts/freescale/imx91p-11x11-evk-lpspi.dtb
  DTC     arch/arm64/boot/dts/freescale/imx91p-11x11-evk-lpspi-slave.dtb
  CC      security/keys/keyring.o
  DTC     arch/arm64/boot/dts/freescale/imx8qm-mek-sof-cs42888.dtb
  CC      fs/read_write.o
  DTC     arch/arm64/boot/dts/freescale/imx8qm-mek-sof-wm8960.dtb
  CC      arch/arm64/crypto/aes-ce-glue.o
  AR      arch/arm64/net/built-in.a
  CC      crypto/compress.o
  CC      kernel/exec_domain.o
  DTC     arch/arm64/boot/dts/freescale/imx8qm-mek-revd-sof-wm8962.dtb
  DTC     arch/arm64/boot/dts/freescale/imx8qm-mek-sof.dtb
  CC      ipc/msg.o
  CC      arch/arm64/kvm/hyp/vhe/debug-sr.o
  DTOVL   arch/arm64/boot/dts/freescale/imx8mp-evk-revb4-8mic-revE.dtb
  DTOVL   arch/arm64/boot/dts/freescale/imx8mp-ddr4-evk-revb4.dtb
  DTOVL   arch/arm64/boot/dts/freescale/imx8mp-evk-revb4-ndm.dtb
  DTOVL   arch/arm64/boot/dts/freescale/imx8qm-mek-revd-dsi-rm67191.dtb
  DTOVL   arch/arm64/boot/dts/freescale/imx8qm-mek-revd-dsi-rm67199.dtb
  DTOVL   arch/arm64/boot/dts/freescale/imx8qm-pcieax2pciebx1-revd.dtb
  DTOVL   arch/arm64/boot/dts/freescale/imx8qm-mek-revd-esai.dtb
  DTOVL   arch/arm64/boot/dts/freescale/imx8qm-mek-revd-root.dtb
  CC      arch/arm64/mm/init.o
  CC      security/min_addr.o
  CC      arch/arm64/kernel/entry-common.o
  CC      arch/arm64/kvm/hyp/nvhe/sysreg-sr.nvhe.o
  CC      security/keys/keyctl.o
  CC      kernel/panic.o
  CC      crypto/algapi.o
  CC      arch/arm64/crypto/aes-ce-ccm-glue.o
  CC      arch/arm64/xen/../../arm/xen/mm.o
  CC      fs/file_table.o
  CC      arch/arm64/kvm/hyp/vhe/switch.o
  CC      init/calibrate.o
  CC      mm/mempool.o
  CC      block/bdev.o
  CC      arch/arm64/kvm/hyp/nvhe/debug-sr.nvhe.o
  CC      ipc/sem.o
  CC      arch/arm64/kernel/process.o
  CC      init/init_task.o
  CC      arch/arm64/kvm/hyp/vhe/tlb.o
  AR      arch/arm64/xen/built-in.a
  CC      arch/arm64/kvm/hyp/pgtable.o
  CC      arch/arm64/crypto/aes-glue-ce.o
  CC      arch/arm64/mm/copypage.o
  CC      security/keys/permission.o
  CC      kernel/cpu.o
  CC      arch/arm64/mm/flush.o
  CC      security/keys/process_keys.o
  CC      arch/arm64/kvm/hyp/nvhe/switch.nvhe.o
  CC      arch/arm64/kvm/hyp/vhe/../vgic-v3-sr.o
  CC      fs/super.o
  CC      mm/oom_kill.o
  CC      arch/arm64/crypto/sha256-glue.o
  CC      crypto/scatterwalk.o
  CC      init/version.o
  CC      security/keys/request_key.o
  CC      fs/char_dev.o
  CC      arch/arm64/kernel/ptrace.o
  CC      block/fops.o
  CC      mm/fadvise.o
  CC      arch/arm64/mm/ioremap.o
  CC      arch/arm64/kvm/hyp/nvhe/tlb.nvhe.o
  AR      init/built-in.a
  CC      crypto/proc.o
  CC      ipc/shm.o
  CC      arch/arm64/kvm/hyp/vhe/../aarch32.o
  CC      arch/arm64/kvm/hyp/nvhe/hyp-main.nvhe.o
  CC [M]  arch/arm64/crypto/sha512-ce-glue.o
  CC      arch/arm64/mm/mmap.o
  CC      security/security.o
  CC      crypto/aead.o
  CC      arch/arm64/kernel/setup.o
  CC      block/bio.o
  CC      arch/arm64/kvm/hyp/vhe/../vgic-v2-cpuif-proxy.o
  CC      kernel/exit.o
  CC      security/keys/request_key_auth.o
  CC      crypto/geniv.o
  CC      security/keys/user_defined.o
  CC [M]  arch/arm64/crypto/sha3-ce-glue.o
  CC      arch/arm64/kvm/hyp/nvhe/hyp-smp.nvhe.o
  CC      mm/maccess.o
  CC      fs/stat.o
  CC      io_uring/io_uring.o
  CC      arch/arm64/mm/pgd.o
  CC      ipc/syscall.o
  CC      arch/arm64/kernel/signal.o
  CC [M]  arch/arm64/crypto/sm3-ce-glue.o
  CC      block/elevator.o
  CC      arch/arm64/kvm/hyp/vhe/../exception.o
  CC      kernel/softirq.o
  CC      arch/arm64/kvm/hyp/nvhe/psci-relay.nvhe.o
  CC      arch/arm64/mm/mmu.o
  CC      security/keys/compat.o
  CC      ipc/ipc_sysctl.o
  CC [M]  arch/arm64/crypto/polyval-ce-glue.o
  CC      mm/page-writeback.o
  CC      crypto/skcipher.o
  CC      ipc/mqueue.o
  CC      arch/arm64/kvm/hyp/nvhe/early_alloc.nvhe.o
  AR      arch/arm64/kvm/hyp/vhe/built-in.a
  CC      security/inode.o
  CC      security/keys/proc.o
  CC      fs/exec.o
  CC [M]  arch/arm64/crypto/crct10dif-ce-glue.o
  CC      arch/arm64/kernel/sys.o
  CC      arch/arm64/kvm/hyp/nvhe/page_alloc.nvhe.o
  CC      security/keys/sysctl.o
  CC      kernel/resource.o
  CC      block/blk-core.o
  CC      arch/arm64/lib/csum.o
  CC [M]  arch/arm64/crypto/aes-glue-neon.o
  CC      fs/pipe.o
  CC      arch/arm64/kernel/stacktrace.o
  CC      lib/bug.o
  CC      arch/arm64/mm/context.o
  CC      block/blk-sysfs.o
  CC      security/keys/keyctl_pkey.o
  CC      arch/arm64/kvm/hyp/nvhe/setup.nvhe.o
  CC      arch/arm64/lib/delay.o
  CC      io_uring/xattr.o
  CC      crypto/echainiv.o
  CC      ipc/namespace.o
  CC      arch/arm64/kernel/time.o
  CC      lib/buildid.o
  CC [M]  security/keys/trusted-keys/trusted_core.o
  CC [M]  arch/arm64/crypto/sha512-glue.o
  CC      kernel/sysctl.o
  CC [M]  arch/arm64/lib/xor-neon.o
  CC      ipc/mq_sysctl.o
  CC      arch/arm64/kvm/hyp/nvhe/mm.nvhe.o
  CC      crypto/ahash.o
  CC      io_uring/nop.o
  CC      mm/folio-compat.o
  CC      mm/readahead.o
  CC      arch/arm64/mm/pageattr.o
  CC      lib/cpumask.o
  CC      drivers/irqchip/irqchip.o
  AR      ipc/built-in.a
  CC [M]  arch/arm64/crypto/chacha-neon-glue.o
  CC      arch/arm64/kernel/traps.o
  CC      fs/namei.o
  CC      security/lsm_audit.o
  CC      block/blk-flush.o
  CC      io_uring/fs.o
  CC      arch/arm64/kvm/hyp/nvhe/mem_protect.nvhe.o
  CC      arch/arm64/mm/hugetlbpage.o
  CC [M]  security/keys/trusted-keys/trusted_caam.o
  CC      lib/decompress_bunzip2.o
  AR      arch/arm64/lib/lib.a
  CC      drivers/bus/arm-cci.o
  CC      drivers/irqchip/irq-gic.o
  CC      kernel/capability.o
  CC [M]  arch/arm64/crypto/aes-neonbs-glue.o
  CC      crypto/shash.o
  CC      arch/arm64/kernel/io.o
  CC      io_uring/splice.o
  LD [M]  security/keys/trusted-keys/trusted.o
  AR      security/keys/built-in.a
  CC      mm/swap.o
  CC      block/blk-settings.o
  CC      arch/arm64/kvm/hyp/nvhe/sys_regs.nvhe.o
  CC      lib/decompress_inflate.o
  CC      security/device_cgroup.o
  CC      arch/arm64/mm/trans_pgd.o
  AR      arch/arm64/crypto/built-in.a
  LD [M]  arch/arm64/crypto/sha512-ce.o
  LD [M]  arch/arm64/crypto/sha3-ce.o
  LD [M]  arch/arm64/crypto/sm3-ce.o
  LD [M]  arch/arm64/crypto/polyval-ce.o
  LD [M]  arch/arm64/crypto/crct10dif-ce.o
  LD [M]  arch/arm64/crypto/aes-neon-blk.o
  LD [M]  arch/arm64/crypto/sha512-arm64.o
  LD [M]  arch/arm64/crypto/chacha-neon.o
  LD [M]  arch/arm64/crypto/aes-neon-bs.o
  CC      fs/fcntl.o
  CC      arch/arm64/kernel/vdso.o
  CC      sound/sound_core.o
  CC      drivers/bus/brcmstb_gisb.o
  CC      io_uring/sync.o
  CC      lib/decompress_unlz4.o
  CC      sound/core/sound.o
  CC      drivers/irqchip/irq-gic-common.o
  CC      kernel/ptrace.o
  CC      arch/arm64/mm/mteswap.o
  CC      arch/arm64/kvm/hyp/nvhe/pkvm.nvhe.o
  CC      crypto/akcipher.o
  CC      arch/arm64/kernel/psci.o
  CC      lib/decompress_unlzma.o
  CC      drivers/bus/fsl-mc/fsl-mc-bus.o
  CC      io_uring/advise.o
  CC [M]  samples/rpmsg/rpmsg_client_sample.o
  CC      drivers/irqchip/irq-gic-v2m.o
  CC      block/blk-ioc.o
  CC      sound/core/init.o
  AR      arch/arm64/mm/built-in.a
  CC      net/devres.o
  CC      arch/arm64/kernel/cpu_ops.o
  CC      arch/arm64/kvm/hyp/nvhe/stacktrace.nvhe.o
  CC      mm/truncate.o
  CC      security/integrity/iint.o
  CC      mm/vmscan.o
  CC      lib/decompress_unlzo.o
  CC      net/socket.o
  CC      io_uring/filetable.o
  CC      drivers/irqchip/irq-gic-v3.o
  CC      crypto/kpp.o
  CC      arch/arm64/kernel/return_address.o
  CC      fs/ioctl.o
  CC      lib/decompress_unxz.o
  CC      security/integrity/integrity_audit.o
  CC      kernel/user.o
  CC      arch/arm64/kvm/hyp/nvhe/../vgic-v3-sr.nvhe.o
  CC      drivers/bus/fsl-mc/mc-sys.o
  CC      block/blk-map.o
  CC      sound/core/memory.o
  CC      arch/arm64/kvm/hyp/nvhe/../aarch32.nvhe.o
  CC      lib/decompress_unzstd.o
  CC      io_uring/openclose.o
  AR      security/integrity/built-in.a
  AR      security/built-in.a
  CC      drivers/bus/fsl-mc/mc-io.o
  CC      arch/arm64/kernel/cpuinfo.o
  CC      crypto/rsa.o
  CC      kernel/signal.o
  CC      fs/readdir.o
  CC      lib/dump_stack.o
  CC      arch/arm64/kernel/cpu_errata.o
  CC      arch/arm64/kvm/hyp/nvhe/../vgic-v2-cpuif-proxy.nvhe.o
  CC      drivers/phy/phy-core.o
  CC      sound/core/control.o
  CC      drivers/bus/fsl-mc/dpbp.o
  CC      crypto/rsa-pkcs1pad.o
  CC      kernel/sys.o
  CC      drivers/irqchip/irq-gic-v3-mbi.o
  CC      io_uring/uring_cmd.o
  CC      net/core/sock.o
  CC      arch/arm64/kernel/cpufeature.o
  CC      block/blk-merge.o
  CC      arch/arm64/kvm/hyp/nvhe/../exception.nvhe.o
  CC      lib/extable.o
  CC      fs/select.o
  CC      crypto/acompress.o
  CC      drivers/irqchip/irq-gic-v3-its.o
  CC      drivers/bus/fsl-mc/dpcon.o
  CC      virt/lib/irqbypass.o
  CC      lib/idr.o
  CC      mm/shmem.o
  CC      drivers/phy/phy-core-mipi-dphy.o
  CC      arch/arm64/kvm/hyp/nvhe/../pgtable.nvhe.o
  CC      io_uring/epoll.o
  CC      drivers/bus/fsl-mc/dprc.o
  AR      virt/lib/built-in.a
  AR      virt/built-in.a
  CC      lib/is_single_threaded.o
  CC      arch/arm64/kernel/alternative.o
  CC      crypto/scompress.o
  CC      sound/core/misc.o
  CC      block/blk-timeout.o
  CC      lib/klist.o
  CC      drivers/bus/simple-pm-bus.o
  CC      io_uring/statx.o
  LD      arch/arm64/kvm/hyp/nvhe/kvm_nvhe.tmp.o
  HYPREL  arch/arm64/kvm/hyp/nvhe/hyp-reloc.S
  AS      arch/arm64/kvm/hyp/nvhe/hyp-reloc.o
  CC      drivers/phy/phy-xgene.o
  CC      kernel/umh.o
  LD      arch/arm64/kvm/hyp/nvhe/kvm_nvhe.rel.o
  CC      drivers/pinctrl/core.o
  HYPCOPY arch/arm64/kvm/hyp/nvhe/kvm_nvhe.o
  AR      arch/arm64/kvm/hyp/nvhe/built-in.a
  AR      arch/arm64/kvm/hyp/built-in.a
  CC      arch/arm64/kvm/../../../virt/kvm/kvm_main.o
  CC [M]  sound/drivers/aloop.o
  CC      fs/dcache.o
  CC      drivers/bus/fsl-mc/dprc-driver.o
  CC      lib/kobject.o
  CC      arch/arm64/kernel/cacheinfo.o
  CC      io_uring/net.o
  CC      crypto/algboss.o
  CC      sound/core/device.o
  CC      block/blk-lib.o
  CC      drivers/phy/phy-mixel-lvds.o
  CC      drivers/irqchip/irq-gic-v3-its-platform-msi.o
  CC      kernel/workqueue.o
  CC      lib/kobject_uevent.o
  CC      drivers/bus/fsl-mc/fsl-mc-allocator.o
  CC      crypto/testmgr.o
  CC      mm/util.o
  CC      sound/core/info.o
  LD [M]  sound/drivers/snd-aloop.o
  CC      drivers/pinctrl/pinctrl-utils.o
  CC      io_uring/msg_ring.o
  CC      arch/arm64/kernel/smp.o
  CC      net/core/request_sock.o
  CC      drivers/irqchip/irq-gic-v4.o
  CC      net/compat.o
  CC      drivers/phy/phy-mixel-lvds-combo.o
  CC      drivers/irqchip/irq-gic-v3-its-pci-msi.o
  CC      block/blk-mq.o
  CC      drivers/pinctrl/pinmux.o
  CC      crypto/crypto_user_base.o
  CC      fs/inode.o
  CC      drivers/bus/fsl-mc/fsl-mc-msi.o
  CC      io_uring/timeout.o
  CC      net/core/skbuff.o
  CC      sound/core/ctljack.o
  CC      drivers/irqchip/irq-gic-v3-its-fsl-mc-msi.o
  CC      lib/logic_pio.o
  CC      mm/mmzone.o
  CC      arch/arm64/kernel/smp_spin_table.o
  CC      drivers/bus/fsl-mc/dpmcp.o
  CC      sound/core/jack.o
  CC      drivers/pinctrl/pinconf.o
  CC      crypto/cmac.o
  CC      io_uring/sqpoll.o
  CC      drivers/phy/cadence/phy-cadence-salvo.o
  CC      drivers/phy/freescale/phy-fsl-imx8mp-lvds.o
  CC      drivers/irqchip/irq-partition-percpu.o
  CC      mm/vmstat.o
  CC      arch/arm64/kernel/topology.o
  CC      drivers/bus/fsl-mc/obj-api.o
  CC      arch/arm64/kvm/../../../virt/kvm/eventfd.o
  CC      drivers/pinctrl/pinconf-generic.o
  CC      crypto/hmac.o
  CC      lib/maple_tree.o
  CC      kernel/pid.o
  AR      drivers/phy/cadence/built-in.a
  CC      crypto/crypto_null.o
  CC      drivers/phy/freescale/phy-fsl-imx8mq-usb.o
  CC      sound/core/timer.o
  CC      drivers/irqchip/irq-imx-gpcv2.o
  CC      arch/arm64/kernel/syscall.o
  CC      io_uring/fdinfo.o
  CC      drivers/bus/fsl-mc/fsl-mc-uapi.o
  CC      fs/attr.o
  CC      drivers/pinctrl/devicetree.o
  CC      arch/arm64/kvm/../../../virt/kvm/binary_stats.o
  CC      drivers/irqchip/irq-ls-extirq.o
  CC      arch/arm64/kernel/proton-pack.o
  CC      drivers/phy/freescale/phy-fsl-imx93-mipi-dphy.o
  CC      crypto/sha1_generic.o
  AR      drivers/bus/fsl-mc/built-in.a
  CC      drivers/bus/vexpress-config.o
  CC      block/blk-mq-tag.o
  CC      io_uring/tctx.o
  CC      arch/arm64/kvm/../../../virt/kvm/vfio.o
  CC      mm/backing-dev.o
  CC      drivers/irqchip/irq-ls-scfg-msi.o
  CC      drivers/pinctrl/pinctrl-max77620.o
  CC      fs/bad_inode.o
  CC      drivers/phy/freescale/phy-fsl-imx8-mipi-dphy.o
  CC      kernel/task_work.o
  CC      drivers/irqchip/irq-imx-irqsteer.o
  CC      crypto/sha256_generic.o
  CC      arch/arm64/kernel/idreg-override.o
  CC      sound/core/pcm.o
  CC      io_uring/poll.o
  AR      drivers/bus/built-in.a
  CC      net/core/datagram.o
  CC      arch/arm64/kvm/../../../virt/kvm/coalesced_mmio.o
  CC      drivers/pinctrl/pinctrl-single.o
  CC      mm/mm_init.o
  CC      fs/file.o
  CC      drivers/irqchip/irq-imx-intmux.o
  CC      kernel/extable.o
  CC      arch/arm64/kernel/idle.o
  CC      drivers/phy/freescale/phy-fsl-imx8m-pcie.o
  CC      block/blk-stat.o
  CC      crypto/sha512_generic.o
  CC      arch/arm64/kvm/../../../virt/kvm/irqchip.o
  CC      arch/arm64/kernel/patching.o
  CC      drivers/irqchip/irq-sl28cpld.o
  CC      io_uring/cancel.o
drivers/phy/freescale/phy-fsl-imx8m-pcie.c: In function ‘imx8_pcie_phy_power_on’:
drivers/phy/freescale/phy-fsl-imx8m-pcie.c:132:9: warning: enumeration value ‘IMX8MP’ not handled in switch [-Wswitch]
  132 |         switch (imx8_phy->drvdata->variant) {
      |         ^~~~~~
  CC [M]  drivers/irqchip/irq-imx-mu-msi.o
  CC      sound/core/pcm_native.o
  CC      kernel/params.o
  CC      net/llc/llc_core.o
  CC      drivers/pinctrl/freescale/pinctrl-imx.o
  CC      drivers/phy/freescale/phy-fsl-imx8q-pcie.o
  CC      mm/percpu.o
  CC      arch/arm64/kvm/arm.o
  CC      crypto/gf128mul.o
  CC      arch/arm64/kernel/sys32.o
  CC      net/llc/llc_input.o
  CC      io_uring/kbuf.o
  AR      drivers/irqchip/built-in.a
  CC      block/blk-mq-sysfs.o
  CC      block/blk-mq-cpumap.o
  CC      net/core/stream.o
  CC      drivers/phy/freescale/phy-fsl-samsung-hdmi.o
  CC      lib/nmi_backtrace.o
  CC      arch/arm64/kernel/signal32.o
  CC      fs/filesystems.o
  CC      drivers/pinctrl/freescale/pinctrl-scu.o
  CC      kernel/kthread.o
  CC      net/ethernet/eth.o
  CC      crypto/ecb.o
  CC      mm/slab_common.o
  CC      lib/radix-tree.o
  CC      io_uring/rsrc.o
  AR      drivers/phy/freescale/built-in.a
  CC      net/llc/llc_output.o
  CC      drivers/phy/qualcomm/phy-qcom-usb-hs.o
  CC      crypto/ctr.o
  CC      block/blk-mq-sched.o
  CC      drivers/pinctrl/freescale/pinctrl-imx8mm.o
  CC      arch/arm64/kvm/mmu.o
  CC      arch/arm64/kernel/sys_compat.o
  CC      fs/namespace.o
  CC      net/core/scm.o
  CC      crypto/gcm.o
  AR      drivers/phy/qualcomm/built-in.a
  CC      drivers/phy/samsung/phy-samsung-usb2.o
  CC      drivers/pinctrl/freescale/pinctrl-imx8mn.o
  CC      net/llc/llc_if.o
  CC      kernel/nsproxy.o
  CC      arch/arm64/kernel/module.o
  CC      lib/ratelimit.o
  CC      fs/seq_file.o
  CC      mm/compaction.o
  CC      drivers/pinctrl/freescale/pinctrl-imx8mp.o
  CC      sound/core/pcm_lib.o
  CC      io_uring/rw.o
  AR      net/ethernet/built-in.a
  CC      net/core/gen_stats.o
  AR      drivers/phy/samsung/built-in.a
  AR      drivers/phy/built-in.a
  CC      arch/arm64/kvm/mmio.o
  CC      lib/seq_buf.o
  CC      crypto/ccm.o
  CC      block/ioctl.o
  CC      drivers/pinctrl/freescale/pinctrl-imx8mq.o
  CC      net/llc/llc_c_ev.o
  CC      arch/arm64/kernel/module-plts.o
  CC      net/802/p8022.o
  CC      kernel/notifier.o
  CC      drivers/pinctrl/freescale/pinctrl-imx8qm.o
  CC      sound/core/pcm_misc.o
  CC      arch/arm64/kvm/psci.o
  CC      lib/show_mem.o
  CC      arch/arm64/kernel/perf_regs.o
  CC      mm/interval_tree.o
  CC      crypto/aes_generic.o
  CC      io_uring/opdef.o
  CC      drivers/pinctrl/freescale/pinctrl-imx8qxp.o
  CC      net/core/gen_estimator.o
  CC      lib/siphash.o
  CC      kernel/ksysfs.o
  CC      net/llc/llc_c_ac.o
  CC      arch/arm64/kernel/perf_callchain.o
  CC      net/802/psnap.o
  CC      kernel/cred.o
  CC      arch/arm64/kvm/hypercalls.o
  CC      crypto/deflate.o
  CC      block/genhd.o
  CC      drivers/pinctrl/freescale/pinctrl-imx8dxl.o
  CC      sound/core/pcm_memory.o
  CC      fs/xattr.o
  CC      io_uring/notif.o
  CC      io_uring/io-wq.o
  CC      arch/arm64/kernel/perf_event.o
  CC      lib/string.o
  CC      drivers/pinctrl/freescale/pinctrl-imx8ulp.o
  CC      mm/list_lru.o
  CC      crypto/michael_mic.o
  CC      arch/arm64/kvm/pvtime.o
  CC      net/802/stp.o
  CC      net/llc/llc_conn.o
  CC      net/core/net_namespace.o
  CC      crypto/crc32c_generic.o
  CC      drivers/pinctrl/freescale/pinctrl-imx93.o
  CC      sound/core/memalloc.o
  CC      kernel/reboot.o
  CC      net/llc/llc_c_st.o
  CC      lib/vsprintf.o
  CC      kernel/async.o
  CC      arch/arm64/kvm/inject_fault.o
  CC      arch/arm64/kernel/hw_breakpoint.o
  CC      crypto/crct10dif_common.o
  CC      drivers/pinctrl/freescale/pinctrl-s32v234.o
  CC      fs/libfs.o
  CC      block/ioprio.o
  AR      io_uring/built-in.a
  CC      drivers/gpio/gpiolib.o
  CC      mm/workingset.o
  CC      drivers/pinctrl/freescale/pinctrl-s32v-core.o
  CC      drivers/gpio/gpiolib-devres.o
  CC      net/llc/llc_pdu.o
  CC      net/802/garp.o
  CC      crypto/crct10dif_generic.o
  CC      sound/core/pcm_timer.o
  CC      drivers/gpio/gpiolib-legacy.o
  CC      arch/arm64/kvm/va_layout.o
  CC      arch/arm64/kernel/suspend.o
  CC      kernel/smpboot.o
  CC      mm/debug.o
  CC      crypto/crc64_rocksoft_generic.o
  AR      drivers/pinctrl/freescale/built-in.a
  AR      drivers/pinctrl/built-in.a
  CC      arch/arm64/kernel/cpuidle.o
  CC      sound/core/pcm_drm_eld.o
  CC      block/badblocks.o
  CC      net/llc/llc_sap.o
  CC      lib/win_minmax.o
  CC      net/sched/sch_generic.o
  CC      arch/arm64/kvm/handle_exit.o
  CC      net/core/secure_seq.o
  CC      mm/gup.o
  CC      crypto/lzo.o
  CC      fs/fs-writeback.o
  CC      kernel/ucount.o
  CC      arch/arm64/kernel/efi.o
  CC      net/802/mrp.o
  CC      crypto/lzo-rle.o
  CC      kernel/regset.o
  CC      sound/core/pcm_iec958.o
  CC      arch/arm64/kvm/guest.o
  CC      net/netlink/af_netlink.o
  CC      block/partitions/core.o
  CC      net/llc/llc_s_ac.o
  CC      drivers/pwm/core.o
  CC      crypto/rng.o
  CC      lib/xarray.o
  CC      kernel/kmod.o
  CC      drivers/gpio/gpiolib-of.o
  CC      arch/arm64/kernel/pci.o
  CC      sound/core/pcm_dmaengine.o
  CC      net/llc/llc_s_ev.o
  CC      net/core/flow_dissector.o
  CC      arch/arm64/kvm/debug.o
  AR      net/802/built-in.a
  CC      net/sched/sch_mq.o
  CC      drivers/pwm/sysfs.o
  CC      fs/pnode.o
  CC      block/partitions/msdos.o
  CC      crypto/ansi_cprng.o
  CC      mm/mmap_lock.o
  CC      crypto/drbg.o
  CC      arch/arm64/kernel/acpi.o
  CC      kernel/groups.o
  CC      drivers/gpio/gpiolib-cdev.o
  CC      net/llc/llc_s_st.o
  CC      arch/arm64/kvm/reset.o
  CC      sound/core/rawmidi.o
  CC      lib/random32.o
  CC      drivers/pwm/pwm-adp5585.o
  CC      arch/arm64/kvm/sys_regs.o
  CC      fs/splice.o
  CC      net/sched/sch_frag.o
  CC      mm/highmem.o
  CC      block/partitions/efi.o
  CC      net/llc/af_llc.o
  CC      crypto/jitterentropy-kcapi.o
  CC      drivers/pwm/pwm-imx27.o
  CC      lib/bust_spinlocks.o
  CC      mm/memory.o
  CC      block/blk-rq-qos.o
  CC      arch/arm64/kernel/acpi_numa.o
  CC      kernel/sched/core.o
  CC      crypto/ghash-generic.o
  CC      net/netlink/genetlink.o
  CC      lib/bitmap.o
  CC      drivers/pwm/pwm-rpmsg-imx.o
  AR      block/partitions/built-in.a
  CC      sound/core/compress_offload.o
  CC      drivers/gpio/gpiolib-acpi.o
  CC      net/core/sysctl_net_core.o
  CC      crypto/zstd.o
  CC      arch/arm64/kernel/paravirt.o
  CC      block/disk-events.o
  CC      arch/arm64/kvm/stacktrace.o
  CC      fs/sync.o
  CC      net/llc/llc_station.o
  CC      net/sched/sch_api.o
  CC [M]  drivers/pwm/pwm-cros-ec.o
  CC      arch/arm64/kernel/kaslr.o
  CC      crypto/ecc.o
  CC      drivers/pci/access.o
  CC      arch/arm64/kernel/elfcore.o
  CC [M]  drivers/pwm/pwm-fsl-ftm.o
  CC [M]  sound/core/hwdep.o
  CC      arch/arm64/kvm/vgic-sys-reg-v3.o
  CC      lib/scatterlist.o
  CC      net/llc/llc_proc.o
  CC      drivers/gpio/gpio-mmio.o
  CC      arch/arm64/kernel/machine_kexec.o
  CC      block/blk-ia-ranges.o
  CC [M]  drivers/pwm/pwm-sl28cpld.o
  CC      fs/utimes.o
  CC      net/netlink/policy.o
  CC      net/core/dev.o
  CC      arch/arm64/kvm/fpsimd.o
  CC      drivers/pci/bus.o
  AR      sound/core/built-in.a
  LD [M]  sound/core/snd-hwdep.o
  CC      arch/arm64/kernel/machine_kexec_file.o
  CC [M]  sound/usb/card.o
  AR      drivers/pwm/built-in.a
  CC      block/bsg.o
  CC      net/llc/sysctl_net_llc.o
  CC      fs/d_path.o
  CC      lib/iov_iter.o
  AR      net/netlink/built-in.a
  CC      mm/mincore.o
  CC      drivers/gpio/gpio-adp5585.o
  CC      crypto/ecdh.o
  CC      arch/arm64/kvm/pkvm.o
  CC      mm/mlock.o
  CC      arch/arm64/kernel/kexec_image.o
  AR      net/llc/built-in.a
  CC      kernel/sched/fair.o
  CC      net/sched/sch_blackhole.o
  CC      drivers/gpio/gpio-dwapb.o
  CC      drivers/pci/probe.o
  CC      crypto/asymmetric_keys/asymmetric_type.o
  CC [M]  sound/usb/clock.o
  CC      mm/mmap.o
  CC      arch/arm64/kernel/crash_dump.o
  CC      net/sched/cls_api.o
  CC      arch/arm64/kvm/arch_timer.o
  CC      block/bsg-lib.o
  CC      fs/stack.o
  CC      net/core/dev_addr_lists.o
  CC      drivers/video/aperture.o
  CC      arch/arm64/kernel/crash_core.o
  CC [M]  sound/usb/endpoint.o
  CC      drivers/gpio/gpio-imx-scu.o
  CC      crypto/asymmetric_keys/restrict.o
  CC      fs/fs_struct.o
  CC      arch/arm64/kernel/pointer_auth.o
  CC      arch/arm64/kvm/trng.o
  CC      lib/bsearch.o
  CC      drivers/gpio/gpio-max732x.o
  CC      crypto/asymmetric_keys/signature.o
  CC      block/blk-cgroup.o
  CC      arch/arm64/kvm/vmid.o
  CC      arch/arm64/kernel/mte.o
  CC      drivers/video/hdmi.o
  CC      drivers/pci/host-bridge.o
  CC      fs/statfs.o
  CC [M]  sound/usb/format.o
  AS      arch/arm64/kernel/vdso-wrap.o
  CC      net/bpf/test_run.o
  CC      kernel/locking/mutex.o
  CC      crypto/asymmetric_keys/public_key.o
  CC      drivers/gpio/gpio-max77620.o
  CC      lib/kfifo.o
  CC      arch/arm64/kvm/vgic/vgic.o
  CC      mm/mmu_gather.o
  AR      arch/arm64/kernel/built-in.a
  CC      net/core/dst.o
  CC [M]  sound/usb/helper.o
  CC      drivers/gpio/gpio-mb86s7x.o
  CC      drivers/pci/remove.o
  CC      drivers/video/console/dummycon.o
  CC      fs/fs_pin.o
  CC      net/sched/act_api.o
  CC      crypto/asymmetric_keys/x509_public_key.o
  CC [M]  sound/usb/implicit.o
  CC      kernel/locking/semaphore.o
  CC      lib/percpu-refcount.o
  CC      mm/mprotect.o
  CC      arch/arm64/kvm/vgic/vgic-init.o
  CC      drivers/gpio/gpio-mpc8xxx.o
  CC      fs/nsfs.o
  CC      block/mq-deadline.o
  CC      crypto/asymmetric_keys/pkcs7_parser.o
  CC      drivers/pci/pci.o
  AR      drivers/video/console/built-in.a
  CC      drivers/video/logo/logo.o
  CC [M]  sound/usb/mixer.o
  CC      drivers/gpio/gpio-mxc.o
  CC      arch/arm64/kvm/vgic/vgic-irqfd.o
  CC      lib/rhashtable.o
  CC      kernel/locking/rwsem.o
  CC [M]  sound/usb/mixer_quirks.o
  CC      fs/fs_types.o
  CC      mm/mremap.o
  CC      net/bpf/bpf_dummy_struct_ops.o
  AR      drivers/video/logo/built-in.a
  CC      kernel/sched/build_policy.o
  CC      drivers/video/backlight/backlight.o
  AR      crypto/asymmetric_keys/built-in.a
  CC [M]  crypto/crypto_engine.o
  CC      block/kyber-iosched.o
  CC      arch/arm64/kvm/vgic/vgic-v2.o
  CC      drivers/gpio/gpio-pca953x.o
  CC      fs/fs_context.o
  AR      net/bpf/built-in.a
  CC      drivers/video/backlight/gpio_backlight.o
  CC      kernel/locking/percpu-rwsem.o
  CC [M]  crypto/dh.o
  CC      net/sched/sch_fifo.o
  CC      mm/msync.o
  CC [M]  net/sched/act_gact.o
  CC      lib/once.o
  CC      arch/arm64/kvm/vgic/vgic-v3.o
  CC [M]  sound/usb/mixer_scarlett.o
  CC      block/bio-integrity.o
  CC      net/core/netevent.o
  CC      drivers/gpio/gpio-pl061.o
  CC [M]  sound/usb/mixer_scarlett2.o
  CC [M]  crypto/vmac.o
  CC      drivers/video/backlight/pwm_bl.o
  CC      mm/page_vma_mapped.o
  CC      kernel/locking/spinlock.o
  CC      lib/usercopy.o
  CC      mm/pagewalk.o
  CC      fs/fs_parser.o
  CC [M]  crypto/xcbc.o
  CC      arch/arm64/kvm/vgic/vgic-v4.o
  CC      drivers/gpio/gpio-imx-rpmsg.o
  CC      drivers/pci/pci-driver.o
  CC [M]  net/sched/act_mirred.o
  CC [M]  drivers/video/backlight/lp855x_bl.o
  CC      net/core/neighbour.o
  CC      lib/bucket_locks.o
  CC      drivers/video/fbdev/core/fb_cmdline.o
  CC [M]  crypto/md4.o
  CC      drivers/video/fbdev/mxc/mxc_edid.o
  CC      block/blk-integrity.o
  CC      mm/pgtable-generic.o
  CC      kernel/locking/osq_lock.o
  CC      fs/fsopen.o
  CC [M]  sound/usb/mixer_us16x08.o
  CC      drivers/gpio/gpio-xgene.o
  CC      arch/arm64/kvm/vgic/vgic-mmio.o
  CC      kernel/locking/qspinlock.o
  CC [M]  crypto/md5.o
  AR      drivers/video/backlight/built-in.a
  CC      net/ethtool/ioctl.o
  CC      lib/generic-radix-tree.o
  CC [M]  net/sched/act_skbedit.o
  CC      mm/rmap.o
  CC      fs/init.o
  CC [M]  drivers/gpio/gpio-regmap.o
  CC [M]  sound/usb/mixer_s1810c.o
  CC      drivers/video/fbdev/core/fb_notify.o
  CC      kernel/sched/build_utility.o
  CC      arch/arm64/kvm/vgic/vgic-mmio-v2.o
  CC [M]  crypto/rmd160.o
  CC      kernel/locking/rtmutex_api.o
  CC      drivers/video/fbdev/mxc/mxc_epdc_v2_fb.o
  CC      drivers/pci/search.o
  CC      lib/string_helpers.o
  CC      fs/kernel_read_file.o
  CC      block/t10-pi.o
  CC [M]  sound/usb/pcm.o
  CC [M]  net/sched/act_gate.o
  CC [M]  drivers/gpio/gpio-altera.o
  CC      arch/arm64/kvm/vgic/vgic-mmio-v3.o
  CC [M]  crypto/sha3_generic.o
  CC      drivers/video/fbdev/core/fbmem.o
  CC      fs/remap_range.o
  CC      drivers/pci/pci-sysfs.o
  CC [M]  drivers/gpio/gpio-bd9571mwv.o
  CC      kernel/locking/qrwlock.o
  CC      lib/kstrtox.o
  CC [M]  sound/usb/power.o
  CC      mm/vmalloc.o
  CC [M]  net/sched/sch_ingress.o
  CC [M]  crypto/sm3.o
  CC      arch/arm64/kvm/vgic/vgic-kvm-device.o
  CC      net/core/rtnetlink.o
  CC      block/blk-mq-pci.o
  CC [M]  drivers/gpio/gpio-sl28cpld.o
  CC [M]  sound/usb/proc.o
  CC      lib/debug_info.o
  AR      kernel/locking/built-in.a
  CC      fs/buffer.o
  CC      drivers/pci/rom.o
  CC [M]  net/sched/sch_multiq.o
  AR      drivers/video/fbdev/mxc/built-in.a
  CC [M]  drivers/gpio/gpio-wcd934x.o
  CC      net/netfilter/core.o
  CC      arch/arm64/kvm/vgic/vgic-its.o
  CC      net/ethtool/common.o
  CC [M]  sound/usb/quirks.o
  CC      net/ipv4/route.o
  CC      drivers/video/fbdev/core/fbmon.o
  CC [M]  crypto/sm3_generic.o
  CC      block/blk-mq-virtio.o
  AR      drivers/gpio/built-in.a
  CC      net/ipv4/inetpeer.o
  CC      lib/math/rational.o
  CC      drivers/pci/setup-res.o
  CC [M]  net/sched/sch_mqprio.o
  AR      kernel/sched/built-in.a
  CC      kernel/power/qos.o
  CC [M]  sound/usb/stream.o
  CC [M]  crypto/streebog_generic.o
  CC      net/ethtool/netlink.o
  AR      lib/math/built-in.a
  CC      lib/crypto/memneq.o
  CC      arch/arm64/kvm/vgic/vgic-debug.o
  CC      drivers/pci/irq.o
  CC      block/blk-mq-debugfs.o
  CC [M]  crypto/wp512.o
  CC      drivers/video/fbdev/core/fbcmap.o
  CC [M]  net/sched/sch_cbs.o
  CC      net/netfilter/nf_log.o
  CC      mm/process_vm_access.o
  CC      lib/crypto/utils.o
  CC [M]  sound/usb/validate.o
  CC      net/tls/tls_main.o
  CC      kernel/power/main.o
  CC      fs/direct-io.o
  CC      arch/arm64/kvm/pmu-emul.o
  CC [M]  crypto/blake2b_generic.o
  CC      drivers/pci/vpd.o
  CC [M]  sound/usb/media.o
  CC      mm/page_alloc.o
  CC      lib/crypto/aes.o
  CC [M]  net/sched/sch_etf.o
  CC      net/ethtool/bitset.o
  CC      block/blk-pm.o
  CC      drivers/video/fbdev/core/fbsysfs.o
  CC      arch/arm64/kvm/pmu.o
  CC      net/core/utils.o
  CC      net/ipv4/protocol.o
  CC [M]  sound/usb/midi.o
  CC      kernel/power/console.o
  CC      net/netfilter/nf_queue.o
  CC [M]  crypto/cbc.o
  CC      drivers/pci/setup-bus.o
  CC      lib/crypto/arc4.o
  CC      fs/mpage.o
  CC      net/tls/tls_sw.o
  CC [M]  net/sched/sch_taprio.o
  AR      arch/arm64/kvm/built-in.a
  CC      net/ethtool/strset.o
  AR      arch/arm64/built-in.a
  CC      drivers/char/ipmi/ipmi_dmi.o
  CC [M]  crypto/cfb.o
  CC      block/holder.o
  CC      drivers/video/fbdev/core/modedb.o
  CC      lib/crypto/blake2s.o
  CC      kernel/power/process.o
  CC [M]  crypto/pcbc.o
  CC      net/ipv4/ip_input.o
  CC      net/core/link_watch.o
  CC      net/ethtool/linkinfo.o
  LD [M]  sound/usb/snd-usb-audio.o
  LD [M]  sound/usb/snd-usbmidi-lib.o
  CC      drivers/char/ipmi/ipmi_plat_data.o
  CC      fs/proc_namespace.o
  CC      sound/soc/soc-core.o
  CC      lib/crypto/blake2s-generic.o
  CC [M]  crypto/cts.o
  AR      block/built-in.a
  CC      net/netfilter/nf_sockopt.o
  CC      kernel/power/suspend.o
  CC      drivers/video/fbdev/amba-clcd.o
  CC      drivers/pci/vc.o
  CC      fs/notify/fsnotify.o
  CC      drivers/video/fbdev/core/fbcvt.o
  CC      net/ethtool/linkmodes.o
  CC [M]  crypto/lrw.o
  CC      net/tls/tls_proc.o
  CC [M]  drivers/char/ipmi/ipmi_msghandler.o
  CC      lib/crypto/sha1.o
  CC      drivers/pci/mmap.o
  CC [M]  net/sched/cls_u32.o
  CC      kernel/power/suspend_test.o
  CC      net/core/filter.o
  CC [M]  crypto/xts.o
  CC      drivers/video/fbdev/core/fb_defio.o
  CC      net/ipv4/ip_fragment.o
  CC      net/netfilter/utils.o
  CC      net/ethtool/linkstate.o
  CC      net/core/sock_diag.o
  CC      fs/notify/notification.o
  CC      drivers/pci/setup-irq.o
  CC      net/tls/trace.o
  CC      lib/crypto/sha256.o
  CC      kernel/power/energy_model.o
  CC [M]  crypto/chacha20poly1305.o
  CC      sound/soc/soc-dapm.o
  CC      net/tls/tls_strp.o
  CC      drivers/pci/msi/pcidev_msi.o
  CC      mm/init-mm.o
  CC      net/ethtool/debug.o
  CC [M]  net/sched/cls_basic.o
  CC      fs/notify/group.o
  CC      drivers/video/fbdev/core/fbcon.o
  CC [M]  lib/crypto/libchacha.o
  CC      drivers/pci/msi/msi.o
  CC [M]  crypto/des_generic.o
  CC      mm/memblock.o
  AR      kernel/power/built-in.a
  CC      kernel/printk/printk.o
  CC [M]  net/sched/cls_flower.o
  CC      net/ethtool/wol.o
  CC      net/netfilter/nfnetlink.o
  CC [M]  crypto/fcrypt.o
  CC      net/ipv4/ip_forward.o
  CC [M]  crypto/blowfish_generic.o
  CC      net/tls/tls_device.o
  CC [M]  lib/crypto/curve25519-generic.o
  CC      fs/notify/mark.o
  CC [M]  drivers/char/ipmi/ipmi_devintf.o
  CC      net/ipv4/ip_options.o
  CC      drivers/pci/msi/irqdomain.o
  CC      mm/madvise.o
  CC [M]  crypto/blowfish_common.o
  CC [M]  lib/crypto/des.o
  CC      net/ethtool/features.o
  CC      net/unix/af_unix.o
  CC [M]  drivers/char/ipmi/ipmi_si_intf.o
  CC      sound/soc/soc-jack.o
  CC      fs/notify/fdinfo.o
  CC      drivers/video/fbdev/core/bitblit.o
  CC [M]  crypto/twofish_generic.o
  CC      kernel/printk/printk_safe.o
  CC      net/netfilter/nf_tables_core.o
  AR      drivers/pci/msi/built-in.a
  CC      net/ethtool/privflags.o
  CC      drivers/pci/pcie/portdrv_core.o
  CC [M]  lib/crypto/poly1305.o
  CC      fs/notify/dnotify/dnotify.o
  CC      mm/page_io.o
  CC [M]  crypto/twofish_common.o
  CC [M]  drivers/char/ipmi/ipmi_kcs_sm.o
  CC      drivers/video/fbdev/core/softcursor.o
  CC      net/ipv4/ip_output.o
  CC      net/tls/tls_device_fallback.o
  AR      net/sched/built-in.a
  CC      lib/pci_iomap.o
  CC      kernel/printk/printk_ringbuffer.o
  CC      net/ethtool/rings.o
  CC      sound/soc/soc-utils.o
  AR      fs/notify/dnotify/built-in.a
  CC      fs/notify/inotify/inotify_fsnotify.o
  AR      lib/crypto/built-in.a
  LD [M]  lib/crypto/libcurve25519-generic.o
  LD [M]  lib/crypto/libdes.o
  LD [M]  lib/crypto/libpoly1305.o
  CC      drivers/pci/pcie/portdrv_pci.o
  CC      net/ipv6/af_inet6.o
  CC [M]  drivers/char/ipmi/ipmi_smic_sm.o
  CC      drivers/video/fbdev/core/cfbfillrect.o
  CC      mm/swap_state.o
  CC      fs/notify/inotify/inotify_user.o
  CC      kernel/printk/sysctl.o
  CC      net/netfilter/nf_tables_api.o
  CC [M]  crypto/serpent_generic.o
  CC      drivers/pci/pcie/rcec.o
  AR      kernel/printk/built-in.a
  CC      lib/iomap_copy.o
  CC      net/ethtool/channels.o
  CC      kernel/irq/irqdesc.o
  CC      sound/soc/soc-dai.o
  CC [M]  drivers/char/ipmi/ipmi_bt_sm.o
  AR      fs/notify/inotify/built-in.a
  CC      drivers/pci/pcie/aspm.o
  CC      fs/notify/fanotify/fanotify.o
  CC      lib/devres.o
  CC      net/unix/garbage.o
  CC      mm/swapfile.o
  CC      net/core/dev_ioctl.o
  AR      net/tls/built-in.a
  CC      fs/notify/fanotify/fanotify_user.o
  CC      drivers/video/fbdev/core/cfbcopyarea.o
  CC      net/ethtool/coalesce.o
  CC [M]  drivers/char/ipmi/ipmi_si_hotmod.o
  CC      kernel/irq/handle.o
  CC      sound/soc/soc-component.o
  CC      net/ethtool/pause.o
  CC      net/ipv6/anycast.o
  CC      net/ipv4/ip_sockglue.o
  CC      net/unix/sysctl_net_unix.o
  CC [M]  drivers/char/ipmi/ipmi_si_hardcode.o
  CC      lib/linear_ranges.o
  CC      lib/packing.o
  CC      drivers/pci/pcie/pme.o
  CC      kernel/irq/manage.o
  CC [M]  crypto/sm4.o
  AR      fs/notify/fanotify/built-in.a
  AR      fs/notify/built-in.a
  CC      fs/eventpoll.o
  CC      drivers/video/fbdev/core/cfbimgblt.o
  CC [M]  drivers/char/ipmi/ipmi_si_platform.o
  CC      net/ethtool/eee.o
  CC      net/unix/unix_bpf.o
  CC      net/packet/af_packet.o
  CC      net/core/tso.o
  CC      net/ipv6/ip6_output.o
  AR      drivers/pci/pcie/built-in.a
  CC      drivers/pci/proc.o
  CC      lib/crc16.o
  CC [M]  crypto/sm4_generic.o
  CC      sound/soc/soc-pcm.o
  CC [M]  drivers/char/ipmi/ipmi_si_port_io.o
  CC      net/ethtool/tsinfo.o
  CC [M]  crypto/camellia_generic.o
  CC      mm/swap_slots.o
  CC      drivers/pci/slot.o
  CC      lib/crc-t10dif.o
  CC      drivers/video/fbdev/core/sysfillrect.o
  CC      net/unix/scm.o
  CC [M]  drivers/char/ipmi/ipmi_si_mem_io.o
  CC      kernel/irq/spurious.o
  CC      fs/anon_inodes.o
  CC      net/core/sock_reuseport.o
  CC      net/ipv4/inet_hashtables.o
  CC      net/ethtool/cabletest.o
  CC      mm/dmapool.o
  CC      lib/crc-itu-t.o
  CC      kernel/irq/resend.o
  CC [M]  drivers/char/ipmi/ipmi_si_pci.o
  CC [M]  crypto/cast_common.o
  CC      drivers/pci/pci-acpi.o
  CC      fs/signalfd.o
  CC      kernel/irq/chip.o
  CC      drivers/video/fbdev/core/syscopyarea.o
  AR      drivers/char/ipmi/built-in.a
  LD [M]  drivers/char/ipmi/ipmi_si.o
  CC      lib/crc32.o
  CC      sound/soc/soc-devres.o
  CC      net/bridge/br.o
  AR      net/unix/built-in.a
  CC      net/bridge/br_device.o
  CC      mm/hugetlb.o
  CC [M]  crypto/cast5_generic.o
  CC      fs/timerfd.o
  CC      net/ethtool/tunnels.o
  CC      drivers/pci/of.o
  CC      net/core/fib_notifier.o
  CC      net/ipv6/ip6_input.o
  CC      sound/soc/soc-ops.o
  CC      lib/crc64.o
  CC      kernel/irq/dummychip.o
  CC      drivers/video/fbdev/core/sysimgblt.o
  CC      fs/eventfd.o
  AR      net/packet/built-in.a
  CC      sound/soc/soc-link.o
  CC [M]  crypto/cast6_generic.o
  CC      drivers/acpi/tables.o
  CC      net/netfilter/nft_chain_filter.o
  CC      net/ipv4/inet_timewait_sock.o
  CC      net/ethtool/fec.o
  CC      lib/crc7.o
  CC      net/bridge/br_fdb.o
  CC      kernel/irq/devres.o
  CC      drivers/pci/quirks.o
  CC      drivers/acpi/osi.o
  CC [M]  crypto/arc4.o
  CC      net/core/xdp.o
  CC      sound/soc/soc-card.o
  CC      drivers/pci/hotplug/pci_hotplug_core.o
  CC      fs/aio.o
  CC      drivers/video/fbdev/core/fb_sys_fops.o
  CC      lib/libcrc32c.o
  CC [M]  crypto/tea.o
  CC      net/netfilter/nf_tables_trace.o
  CC      net/ethtool/eeprom.o
  CC      kernel/irq/generic-chip.o
  CC      net/ipv6/addrconf.o
  CC      drivers/acpi/osl.o
  CC [M]  crypto/khazad.o
  CC      lib/crc8.o
  CC      sound/soc/soc-topology.o
  CC      net/ipv4/inet_connection_sock.o
  CC      drivers/pci/hotplug/acpi_pcihp.o
  AR      drivers/video/fbdev/core/built-in.a
  CC      drivers/video/fbdev/xen-fbfront.o
  CC      net/ethtool/stats.o
  CC [M]  crypto/anubis.o
  CC      kernel/irq/autoprobe.o
  CC      lib/crc64-rocksoft.o
  CC      net/core/flow_offload.o
  CC      mm/mempolicy.o
  CC      net/bridge/br_forward.o
  CC      net/netfilter/nft_immediate.o
  CC      drivers/video/fbdev/efifb.o
  CC [M]  crypto/seed.o
  CC      drivers/pci/hotplug/acpiphp_core.o
  CC      drivers/acpi/utils.o
  CC      fs/locks.o
  CC      drivers/acpi/reboot.o
  CC      net/ethtool/phc_vclocks.o
  CC      lib/xxhash.o
  CC      kernel/irq/irqdomain.o
  CC      sound/soc/soc-generic-dmaengine-pcm.o
  CC      net/ipv4/tcp.o
  CC      net/netfilter/nft_cmp.o
  CC [M]  crypto/aria_generic.o
  CC      drivers/video/fbdev/mx3fb.o
  CC      net/ethtool/module.o
  CC      net/core/gro.o
  CC      drivers/pci/hotplug/acpiphp_glue.o
  CC      lib/genalloc.o
  CC      drivers/acpi/nvs.o
  CC      net/bridge/br_if.o
  CC      kernel/rcu/update.o
  CC      sound/soc/soc-compress.o
  CC      net/netfilter/nft_range.o
  CC [M]  crypto/chacha_generic.o
  CC      kernel/irq/proc.o
  CC      net/ethtool/pse-pd.o
  CC      drivers/acpi/wakeup.o
  AR      drivers/video/fbdev/built-in.a
  CC      drivers/video/of_display_timing.o
  CC      mm/sparse.o
  CC      fs/binfmt_script.o
  AR      drivers/pci/hotplug/built-in.a
  CC      drivers/pci/ats.o
  CC      lib/zlib_inflate/infutil.o
  CC [M]  crypto/poly1305_generic.o
  CC      fs/binfmt_elf.o
  CC      kernel/irq/cpuhotplug.o
  CC      drivers/video/of_videomode.o
  CC      net/netfilter/nft_bitwise.o
  CC      lib/zlib_inflate/inflate_syms.o
  AR      net/ethtool/built-in.a
  CC [M]  crypto/authenc.o
  CC      sound/soc/generic/simple-card-utils.o
  CC      drivers/acpi/device_sysfs.o
  CC      sound/soc/codecs/bt-sco.o
  CC      drivers/pci/iov.o
  CC      net/core/net-sysfs.o
  CC      kernel/irq/pm.o
  CC      kernel/rcu/sync.o
  CC      mm/sparse-vmemmap.o
  CC      net/ipv6/addrlabel.o
  AR      drivers/video/built-in.a
  CC      lib/zlib_deflate/deflate.o
  CC      net/bridge/br_input.o
  CC      kernel/rcu/srcutree.o
  AR      lib/zlib_inflate/built-in.a
  CC      net/ipv4/tcp_input.o
  CC      sound/soc/codecs/cs42xx8.o
  CC      kernel/irq/msi.o
  CC      fs/compat_binfmt_elf.o
  CC      mm/mmu_notifier.o
  CC      drivers/acpi/device_pm.o
  CC      lib/zlib_deflate/deflate_syms.o
  CC      sound/soc/generic/simple-card.o
  CC [M]  crypto/authencesn.o
  CC      net/netfilter/nft_byteorder.o
  CC      net/ipv6/route.o
  CC      drivers/pci/pci-label.o
  AR      lib/zlib_deflate/built-in.a
  CC      lib/lzo/lzo1x_compress.o
  CC      kernel/rcu/tree.o
  CC      sound/soc/generic/audio-graph-card.o
  CC      sound/soc/codecs/cs42xx8-i2c.o
  CC [M]  crypto/tls.o
  CC      mm/ksm.o
  CC      drivers/pci/syscall.o
  CC      kernel/irq/ipi.o
  CC      lib/lzo/lzo1x_decompress_safe.o
  CC      net/netfilter/nft_payload.o
  CC      fs/mbcache.o
  CC      net/bridge/br_ioctl.o
  CC      net/core/page_pool.o
  CC      sound/soc/codecs/hdmi-codec.o
  CC      drivers/acpi/bus.o
  CC      drivers/acpi/glue.o
  CC      drivers/pci/ecam.o
  CC [M]  crypto/xxhash_generic.o
  AR      lib/lzo/built-in.a
  CC      kernel/irq/affinity.o
  CC      lib/lz4/lz4_decompress.o
  AR      sound/soc/generic/built-in.a
  CC      net/ipv4/tcp_output.o
  CC      fs/posix_acl.o
  CC [M]  crypto/tcrypt.o
  CC      net/netfilter/nft_lookup.o
  CC      sound/soc/codecs/wm8524.o
  CC      net/bridge/br_stp.o
  AR      kernel/irq/built-in.a
  CC      drivers/pnp/core.o
  CC      drivers/pci/vgaarb.o
  CC      fs/nfs_common/grace.o
  CC      net/core/net-procfs.o
  CC [M]  sound/soc/codecs/ak4458.o
  CC      drivers/acpi/scan.o
  CC      net/netfilter/nft_dynset.o
  CC      mm/slub.o
  CC      kernel/rcu/rcu_segcblist.o
  CC      drivers/pnp/card.o
  AR      lib/lz4/built-in.a
  CC      lib/zstd/zstd_compress_module.o
  CC      fs/nfs_common/nfs_ssc.o
  CC      net/core/selftests.o
  CC [M]  sound/soc/codecs/ak4613.o
  CC      net/ipv4/tcp_timer.o
  CC      drivers/pci/endpoint/pci-ep-cfs.o
  CC      net/bridge/br_stp_bpdu.o
  CC [M]  crypto/polyval-generic.o
  CC      net/netfilter/nft_meta.o
  CC      net/devlink/leftover.o
  CC      lib/zstd/zstd_decompress_module.o
  AR      kernel/rcu/built-in.a
  CC      kernel/dma/mapping.o
  CC      drivers/pnp/driver.o
  CC      net/ipv6/ip6_fib.o
  CC [M]  sound/soc/codecs/ak5558.o
  CC      drivers/acpi/resource.o
  CC [M]  crypto/af_alg.o
  CC      lib/zstd/common/entropy_common.o
  CC      drivers/pci/endpoint/pci-epc-core.o
  AR      fs/nfs_common/built-in.a
  CC      net/bridge/br_stp_if.o
  CC      fs/coredump.o
  CC      drivers/pnp/resource.o
  CC [M]  sound/soc/codecs/cros_ec_codec.o
  CC      drivers/amba/bus.o
  CC      net/core/ptp_classifier.o
  CC      kernel/dma/direct.o
  CC      drivers/acpi/acpi_processor.o
  CC      lib/zstd/common/zstd_common.o
  CC      net/netfilter/nft_rt.o
  CC      net/ipv4/tcp_ipv4.o
  CC      net/bridge/br_stp_timer.o
  CC      drivers/pci/endpoint/pci-epf-core.o
  CC [M]  sound/soc/codecs/dmic.o
  CC      kernel/dma/ops_helpers.o
  AR      lib/zstd/built-in.a
  CC      lib/xz/xz_dec_syms.o
  CC      fs/drop_caches.o
  CC      drivers/pnp/manager.o
  CC      mm/memtest.o
  AR      drivers/amba/built-in.a
  CC      lib/percpu_counter.o
  CC      net/netfilter/nft_exthdr.o
  CC      drivers/acpi/processor_core.o
  CC [M]  crypto/algif_hash.o
  CC      net/core/dst_cache.o
  CC      net/ipv6/ipv6_sockglue.o
  CC [M]  sound/soc/codecs/es7134.o
  CC      net/bridge/br_netlink.o
  CC      kernel/dma/dummy.o
  CC      mm/migrate.o
  CC      drivers/pci/endpoint/pci-epc-mem.o
  CC      fs/fhandle.o
  CC      lib/xz/xz_dec_stream.o
  CC      drivers/pnp/support.o
  CC [M]  sound/soc/codecs/es7241.o
  CC      kernel/dma/contiguous.o
  CC      drivers/pci/controller/pci-host-common.o
  CC      lib/xz/xz_dec_lzma2.o
  CC      drivers/acpi/ec.o
  CC [M]  crypto/algif_skcipher.o
  CC      fs/iomap/trace.o
  CC      net/netfilter/nft_last.o
  CC [M]  sound/soc/codecs/gtm601.o
  CC      drivers/pci/endpoint/functions/pci-epf-test.o
  CC      kernel/dma/coherent.o
  CC      drivers/pnp/interface.o
  CC      net/core/gro_cells.o
  CC      net/bridge/br_netlink_tunnel.o
  CC      lib/xz/xz_dec_bcj.o
  CC      drivers/pci/controller/pci-host-generic.o
  CC      fs/iomap/iter.o
  CC [M]  sound/soc/codecs/max98357a.o
  CC      kernel/dma/swiotlb.o
  CC [M]  crypto/algif_rng.o
  CC      net/ipv4/tcp_minisocks.o
  CC      net/netfilter/nft_counter.o
  CC      drivers/pnp/quirks.o
  AR      lib/xz/built-in.a
  CC      lib/audit.o
  AR      drivers/pci/endpoint/functions/built-in.a
  AR      drivers/pci/endpoint/built-in.a
  CC      drivers/acpi/pci_root.o
  CC      drivers/pci/controller/pci-thunder-ecam.o
  CC      fs/iomap/buffered-io.o
  CC      net/ipv6/ndisc.o
  CC      net/bridge/br_arp_nd_proxy.o
  CC [M]  sound/soc/codecs/max98927.o
  CC      mm/memory-tiers.o
  CC [M]  crypto/algif_aead.o
  CC      drivers/pnp/system.o
  CC      net/core/failover.o
  CC      lib/syscall.o
  CC      kernel/entry/kvm.o
  CC      drivers/pci/controller/pci-thunder-pem.o
  CC      net/netfilter/nft_chain_route.o
  CC      drivers/pnp/pnpacpi/core.o
  AR      net/devlink/built-in.a
  CC      kernel/dma/pool.o
  CC      lib/nlattr.o
  CC      net/ipv4/tcp_cong.o
  CC [M]  sound/soc/codecs/msm8916-wcd-analog.o
  CC      drivers/acpi/pci_link.o
  CC      drivers/pci/controller/pci-xgene.o
  CC      net/bridge/br_sysfs_if.o
  CC [M]  crypto/ofb.o
  CC      kernel/dma/remap.o
  CC      net/core/skmsg.o
  CC      mm/huge_memory.o
  CC      net/ipv6/udp.o
  AR      kernel/entry/built-in.a
  CC      drivers/pci/controller/pci-xgene-msi.o
  CC      net/netfilter/nf_tables_offload.o
  CC [M]  crypto/essiv.o
  CC      drivers/pnp/pnpacpi/rsparser.o
  CC      drivers/acpi/pci_irq.o
  CC [M]  sound/soc/codecs/msm8916-wcd-digital.o
  CC      net/bridge/br_sysfs_br.o
  CC      fs/iomap/direct-io.o
  AR      kernel/dma/built-in.a
  CC      kernel/module/main.o
  CC      lib/checksum.o
  CC      mm/khugepaged.o
  CC      drivers/pci/controller/pcie-altera.o
  CC [M]  crypto/curve25519-generic.o
  CC      drivers/acpi/acpi_lpss.o
  CC [M]  sound/soc/codecs/pcm186x.o
  AR      drivers/pnp/pnpacpi/built-in.a
  AR      drivers/pnp/built-in.a
  CC      net/core/sock_map.o
  CC      net/bluetooth/af_bluetooth.o
  CC      net/netfilter/nft_set_hash.o
  CC      lib/cpu_rmap.o
  CC      net/ipv4/tcp_metrics.o
  CC [M]  crypto/xor.o
  CC      drivers/pci/controller/pcie-altera-msi.o
  CC      net/bridge/br_nf_core.o
  CC      drivers/acpi/acpi_apd.o
  CC      fs/iomap/fiemap.o
  CC      lib/glob.o
  CC      drivers/pci/controller/dwc/pcie-designware.o
  CC      drivers/acpi/acpi_platform.o
  CC [M]  sound/soc/codecs/pcm186x-i2c.o
  CC      drivers/pci/controller/mobiveil/pcie-mobiveil.o
  CC      kernel/module/strict_rwx.o
  AR      crypto/built-in.a
  LD [M]  crypto/dh_generic.o
  CC      kernel/kcmp.o
  CC      net/bridge/br_multicast.o
  CC      net/netfilter/nft_set_bitmap.o
  CC      net/ipv4/tcp_fastopen.o
  CC      net/sunrpc/clnt.o
  CC      net/ipv6/udplite.o
  CC      net/bluetooth/hci_core.o
  CC      lib/mpi/generic_mpih-lshift.o
  CC      fs/iomap/seek.o
  CC      mm/page_counter.o
  CC [M]  sound/soc/codecs/pcm3168a.o
  CC      kernel/module/tree_lookup.o
  CC      drivers/pci/controller/mobiveil/pcie-mobiveil-host.o
  CC      net/sunrpc/xprt.o
  CC      mm/memcontrol.o
  CC      drivers/acpi/acpi_pnp.o
  CC      lib/mpi/generic_mpih-mul1.o
  CC      kernel/module/kallsyms.o
  CC      net/netfilter/nft_set_rbtree.o
  CC      drivers/pci/controller/dwc/pcie-designware-host.o
  CC      net/ipv6/raw.o
  CC      net/core/bpf_sk_storage.o
  CC      drivers/pci/controller/mobiveil/pcie-layerscape-gen4.o
  CC      lib/mpi/generic_mpih-mul2.o
  CC      fs/iomap/swapfile.o
  CC [M]  sound/soc/codecs/pcm3168a-i2c.o
  CC      drivers/acpi/acpi_amba.o
  CC      lib/mpi/generic_mpih-mul3.o
  AR      drivers/pci/controller/mobiveil/built-in.a
  CC      net/ipv4/tcp_rate.o
  CC      kernel/module/procfs.o
  CC      drivers/pci/controller/dwc/pcie-designware-ep.o
  CC      net/netfilter/nft_set_pipapo.o
  CC      lib/mpi/generic_mpih-rshift.o
  CC      drivers/clk/clk-devres.o
  CC      drivers/acpi/power.o
  CC [M]  sound/soc/codecs/pcm512x.o
  AR      fs/iomap/built-in.a
  CC      kernel/module/sysfs.o
  CC      fs/quota/dquot.o
  CC      drivers/clk/clk-bulk.o
  CC      lib/mpi/generic_mpih-sub1.o
  CC      net/sunrpc/socklib.o
  CC      net/core/of_net.o
  CC      kernel/module/version.o
  CC [M]  sound/soc/codecs/pcm512x-i2c.o
  CC      drivers/acpi/event.o
  CC      lib/mpi/generic_mpih-add1.o
  CC      drivers/clk/clkdev.o
  CC      net/bluetooth/hci_conn.o
  CC      net/ipv6/icmp.o
  CC      drivers/pci/controller/dwc/pci-imx6.o
  CC      net/ipv4/tcp_recovery.o
  CC [M]  net/netfilter/nfnetlink_osf.o
  CC      net/bridge/br_mdb.o
  CC      drivers/clk/clk.o
  CC      lib/mpi/ec.o
  AR      kernel/module/built-in.a
  CC      kernel/freezer.o
  CC [M]  sound/soc/codecs/rl6231.o
  CC      net/ipv4/tcp_ulp.o
  CC [M]  net/core/pktgen.o
  CC      net/sunrpc/xprtsock.o
  CC      drivers/acpi/evged.o
  CC      drivers/pci/controller/dwc/pci-layerscape.o
  CC [M]  net/netfilter/nf_conntrack_core.o
  CC      fs/quota/quota.o
  CC [M]  sound/soc/codecs/rt5659.o
  CC      drivers/acpi/sysfs.o
  CC      net/bridge/br_multicast_eht.o
  CC      mm/vmpressure.o
  CC      kernel/profile.o
  CC      lib/mpi/mpicoder.o
  CC      drivers/pci/controller/dwc/pcie-kirin.o
  CC      net/ipv6/mcast.o
  CC      drivers/dma/dmaengine.o
  CC      mm/swap_cgroup.o
  CC      drivers/acpi/property.o
  CC      fs/quota/kqid.o
  CC      net/ipv4/tcp_offload.o
  CC      net/bluetooth/hci_event.o
  CC      drivers/pci/controller/dwc/pcie-hisi.o
  CC      drivers/clk/clk-divider.o
  CC      net/bridge/br_vlan.o
  CC      lib/mpi/mpi-add.o
  CC      net/sunrpc/sched.o
  CC      kernel/stacktrace.o
  CC      mm/hugetlb_cgroup.o
  CC [M]  sound/soc/codecs/sgtl5000.o
  AR      net/core/built-in.a
  AR      fs/quota/built-in.a
  CC      lib/dim/dim.o
  CC      drivers/pci/controller/dwc/pcie-al.o
  CC      fs/proc/task_mmu.o
  CC      drivers/dma/virt-dma.o
  CC      lib/mpi/mpi-bit.o
  CC      drivers/clk/clk-fixed-factor.o
  CC      kernel/time/time.o
  CC      drivers/acpi/debugfs.o
  CC      lib/dim/net_dim.o
  CC      drivers/pci/controller/dwc/pcie-tegra194-acpi.o
  CC [M]  net/netfilter/nf_conntrack_standalone.o
  CC [M]  sound/soc/codecs/spdif_receiver.o
  CC      mm/memory-failure.o
  CC      net/ipv4/datagram.o
  CC [M]  drivers/pci/controller/dwc/pci-meson.o
  CC      drivers/clk/clk-fixed-rate.o
  CC      lib/dim/rdma_dim.o
  CC      drivers/dma/acpi-dma.o
  CC [M]  sound/soc/codecs/spdif_transmitter.o
  CC      lib/mpi/mpi-cmp.o
  CC      fs/proc/inode.o
  CC      drivers/acpi/acpi_lpat.o
  CC      net/sunrpc/auth.o
  CC      kernel/time/timer.o
  CC      net/ipv6/reassembly.o
  CC [M]  sound/soc/codecs/tas571x.o
  CC      net/bridge/br_vlan_tunnel.o
  AR      drivers/pci/controller/dwc/built-in.a
  AR      drivers/pci/controller/built-in.a
  AR      lib/dim/built-in.a
  AR      drivers/pci/built-in.a
  CC      net/bluetooth/mgmt.o
  CC      kernel/futex/core.o
  CC      drivers/clk/clk-gate.o
  CC      lib/mpi/mpi-sub-ui.o
  CC      fs/proc/root.o
  CC [M]  net/netfilter/nf_conntrack_expect.o
  CC      drivers/dma/of-dma.o
  CC      drivers/acpi/irq.o
  CC      net/ipv4/raw.o
  CC [M]  sound/soc/codecs/tlv320aic31xx.o
  CC      fs/proc/base.o
  CC      mm/page_isolation.o
  CC      kernel/time/hrtimer.o
  CC      kernel/futex/syscalls.o
  CC      lib/mpi/mpi-div.o
  CC      drivers/clk/clk-multiplier.o
  CC      net/ipv6/tcp_ipv6.o
  CC      net/bridge/br_vlan_options.o
  CC      drivers/dma/dmatest.o
  CC [M]  net/netfilter/nf_conntrack_helper.o
  CC      net/sunrpc/auth_null.o
  CC      lib/mpi/mpi-inv.o
  CC      drivers/acpi/prmt.o
  CC      kernel/futex/pi.o
  CC      drivers/clk/clk-mux.o
  CC [M]  sound/soc/codecs/wcd-mbhc-v2.o
  CC      mm/early_ioremap.o
  CC      fs/kernfs/mount.o
  CC      drivers/acpi/acpi_pcc.o
  CC      net/sunrpc/auth_unix.o
  CC      kernel/futex/requeue.o
  CC      net/bridge/br_mst.o
  CC      kernel/time/timekeeping.o
  CC      lib/mpi/mpi-mod.o
  CC      drivers/dma/dw-edma/dw-edma-core.o
  CC      mm/cma.o
  CC      drivers/clk/clk-composite.o
  CC      fs/proc/generic.o
  CC      net/ipv4/udp.o
  CC      kernel/futex/waitwake.o
  CC      fs/kernfs/inode.o
  CC      lib/mpi/mpi-mul.o
  CC      drivers/acpi/acpica/dsargs.o
  CC [M]  net/netfilter/nf_conntrack_proto.o
  CC      net/sunrpc/svc.o
  CC [M]  sound/soc/codecs/wcd-clsh-v2.o
  CC      mm/balloon_compaction.o
  CC      drivers/clk/clk-fractional-divider.o
  AR      kernel/futex/built-in.a
  CC      net/bridge/br_switchdev.o
  CC      drivers/acpi/acpica/dscontrol.o
  CC      net/ipv6/ping.o
  CC      fs/kernfs/dir.o
  CC      drivers/dma/dw-edma/dw-edma-v0-core.o
  CC      fs/proc/array.o
  CC      lib/mpi/mpih-cmp.o
  CC      drivers/acpi/acpica/dsdebug.o
  CC      kernel/time/ntp.o
  CC [M]  sound/soc/codecs/wcd934x.o
  CC      net/sunrpc/svcsock.o
  CC      drivers/acpi/acpica/dsfield.o
  CC      drivers/clk/clk-gpio.o
  CC      lib/mpi/mpih-div.o
  CC      drivers/dma/dw-edma/dw-edma-v0-debugfs.o
  CC      mm/secretmem.o
  CC      net/bluetooth/hci_sock.o
  CC [M]  net/bridge/netfilter/ebtables.o
  CC      kernel/time/clocksource.o
  CC      fs/proc/fd.o
  CC      drivers/acpi/acpica/dsinit.o
  CC      drivers/clk/clk-conf.o
  CC      fs/kernfs/file.o
  CC [M]  net/netfilter/nf_conntrack_proto_generic.o
  CC      lib/mpi/mpih-mul.o
  CC      drivers/acpi/acpica/dsmethod.o
  CC      drivers/dma/dw-edma/dw-edma-pcie.o
  CC      mm/memfd.o
  CC      net/ipv6/exthdrs.o
  CC      drivers/soc/bcm/brcmstb/common.o
  CC      fs/proc/proc_tty.o
  CC      drivers/clk/clk-cs2000-cp.o
  CC      drivers/acpi/acpica/dsmthdat.o
  CC [M]  sound/soc/codecs/wm8904.o
  CC      lib/mpi/mpi-pow.o
  CC      kernel/time/jiffies.o
  AR      drivers/dma/dw-edma/built-in.a
  CC      drivers/dma/fsl-edma.o
  CC      fs/proc/cmdline.o
  CC [M]  net/netfilter/nf_conntrack_proto_tcp.o
  CC      mm/page_reporting.o
  CC      drivers/soc/bcm/brcmstb/biuctrl.o
  CC      drivers/acpi/acpica/dsobject.o
  CC      fs/kernfs/symlink.o
  CC      net/ipv4/udplite.o
  CC      net/sunrpc/svcauth.o
  CC      drivers/clk/clk-fsl-flexspi.o
  CC      fs/proc/consoles.o
  CC      drivers/acpi/acpica/dsopcode.o
  AR      drivers/soc/bcm/brcmstb/built-in.a
  AR      drivers/soc/bcm/built-in.a
  CC      net/bluetooth/hci_sysfs.o
  CC      kernel/time/timer_list.o
  CC      drivers/soc/fsl/qbman/bman_ccsr.o
  CC      drivers/dma/fsl-edma-common.o
  CC      lib/mpi/mpiutil.o
  AR      fs/kernfs/built-in.a
  CC      drivers/soc/fsl/rcpm.o
  CC [M]  sound/soc/codecs/wm8960.o
  CC      fs/proc/cpuinfo.o
  CC      drivers/clk/clk-fsl-sai.o
  CC      drivers/acpi/acpica/dspkginit.o
  CC      kernel/time/timeconv.o
  CC      mm/ioremap.o
  CC      net/ipv6/datagram.o
  CC      fs/proc/devices.o
  CC      drivers/acpi/acpica/dsutils.o
  CC [M]  net/netfilter/nf_conntrack_proto_udp.o
  CC [M]  net/bridge/br_netfilter_hooks.o
  CC      drivers/clk/clk-plldig.o
  CC      kernel/smp.o
  CC      net/bluetooth/l2cap_core.o
  AR      lib/mpi/built-in.a
  CC      lib/strncpy_from_user.o
  CC      drivers/soc/fsl/qbman/qman_ccsr.o
  CC [M]  sound/soc/codecs/wm8962.o
  CC      net/ipv4/udp_offload.o
  CC      drivers/acpi/acpica/dswexec.o
  CC      drivers/dma/fsl-edma-v3.o
  CC      fs/proc/interrupts.o
  CC      net/sunrpc/svcauth_unix.o
  CC      kernel/time/alarmtimer.o
  CC      drivers/clk/clk-pwm.o
  AR      mm/built-in.a
  CC      drivers/acpi/pci_mcfg.o
  CC      drivers/acpi/acpica/dswload.o
  CC      fs/proc/loadavg.o
  CC      lib/strnlen_user.o
  CC [M]  net/netfilter/nf_conntrack_proto_icmp.o
  CC      drivers/clk/clk-qoriq.o
  CC      drivers/virtio/virtio.o
  CC      sound/last.o
  CC      drivers/acpi/acpica/dswload2.o
  CC      fs/proc/meminfo.o
  CC      drivers/dma/imx-sdma.o
  CC      drivers/soc/fsl/qbman/bman_portal.o
  CC      kernel/time/posix-timers.o
  CC [M]  net/bridge/br_netfilter_ipv6.o
  CC      net/sunrpc/addr.o
  CC      drivers/acpi/acpica/dswscope.o
  CC      lib/net_utils.o
  CC      net/ipv6/ip6_flowlabel.o
  CC      drivers/clk/clk-rk808.o
  CC [M]  net/netfilter/nf_conntrack_extend.o
  CC      drivers/acpi/acpica/dswstate.o
  CC      fs/proc/stat.o
  CC [M]  sound/soc/codecs/wm8994.o
  CC      net/ipv4/arp.o
  CC      drivers/virtio/virtio_ring.o
  CC      fs/sysfs/file.o
  CC      drivers/acpi/acpica/evevent.o
  CC      kernel/time/posix-cpu-timers.o
  CC      drivers/soc/fsl/qbman/qman_portal.o
  CC      drivers/clk/clk-s2mps11.o
  CC      fs/proc/uptime.o
  CC      drivers/dma/mv_xor_v2.o
  AR      net/bridge/built-in.a
  LD [M]  net/bridge/br_netfilter.o
  CC      lib/sg_pool.o
  CC      drivers/clk/clk-scmi.o
  CC      drivers/acpi/acpica/evgpe.o
  CC      net/sunrpc/rpcb_clnt.o
  CC [M]  net/netfilter/nf_conntrack_acct.o
  CC      fs/proc/util.o
  CC      drivers/acpi/acpica/evgpeblk.o
  CC      drivers/clk/clk-scpi.o
  CC      fs/sysfs/dir.o
  CC      drivers/dma/mxs-dma.o
  CC      kernel/time/posix-clock.o
  CC      drivers/acpi/acpica/evgpeinit.o
  CC      lib/stmp_device.o
  CC      kernel/uid16.o
  CC      fs/proc/version.o
  CC      net/ipv6/inet6_connection_sock.o
  CC      drivers/soc/fsl/qbman/bman.o
  CC      drivers/virtio/virtio_anchor.o
  CC      drivers/clk/clk-versaclock5.o
  CC      drivers/acpi/acpica/evgpeutil.o
  CC      fs/proc/softirqs.o
  CC [M]  net/netfilter/nf_conntrack_seqadj.o
  CC      fs/sysfs/symlink.o
  CC      lib/irq_poll.o
  CC      drivers/acpi/acpica/evglock.o
  CC      drivers/dma/ipu/ipu_irq.o
  CC [M]  sound/soc/codecs/wm8958-dsp2.o
  CC      net/ipv4/icmp.o
  CC      net/bluetooth/l2cap_sock.o
  CC      fs/proc/namespaces.o
  CC      kernel/time/itimer.o
  CC      drivers/virtio/virtio_pci_modern_dev.o
  CC      drivers/acpi/acpica/evhandler.o
  CC      drivers/soc/fsl/qbman/qman.o
  CC      drivers/clk/clk-xgene.o
  CC      net/sunrpc/timer.o
  CC      drivers/dma/ipu/ipu_idmac.o
  CC      fs/sysfs/mount.o
  CC      net/ipv4/devinet.o
  CC      drivers/acpi/acpica/evmisc.o
  CC      fs/proc/self.o
  CC      lib/stackdepot.o
  CC      kernel/time/clockevents.o
  CC      net/ipv6/udp_offload.o
  CC [M]  sound/soc/codecs/wm_hubs.o
  CC      drivers/acpi/acpica/evregion.o
  CC      drivers/clk/imx/clk.o
  CC      fs/sysfs/group.o
  CC      fs/proc/thread_self.o
  CC      drivers/virtio/virtio_pci_legacy_dev.o
  AR      drivers/dma/ipu/built-in.a
  CC      drivers/dma/pl330.o
  CC [M]  net/netfilter/nf_conntrack_proto_icmpv6.o
  CC      drivers/acpi/acpica/evrgnini.o
  CC      lib/asn1_decoder.o
  CC      fs/proc/proc_sysctl.o
  CC      net/sunrpc/xdr.o
  CC      net/ipv6/seg6.o
  CC      kernel/time/tick-common.o
  AR      fs/sysfs/built-in.a
  CC      drivers/clk/imx/clk-busy.o
  CC      drivers/acpi/acpica/evsci.o
  CC      drivers/dma/pxp/pxp_dma_v3.o
  CC      net/ipv4/af_inet.o
  CC      drivers/virtio/virtio_mmio.o
  CC      net/bluetooth/smp.o
  CC [M]  sound/soc/codecs/wsa881x.o
  CC      drivers/soc/fsl/qbman/dpaa_sys.o
  CC      drivers/acpi/acpica/evxface.o
  CC      drivers/clk/imx/clk-composite-7ulp.o
  CC [M]  net/netfilter/nf_conntrack_ecache.o
  CC      lib/fonts/fonts.o
  CC      net/ipv6/fib6_notifier.o
  CC      kernel/time/tick-broadcast.o
  CC      drivers/virtio/virtio_pci_modern.o
  CC      drivers/acpi/acpica/evxfevnt.o
  CC      net/sunrpc/sunrpc_syms.o
  AR      drivers/soc/fsl/qbman/built-in.a
  CC      drivers/soc/fsl/qixis_ctrl.o
  CC [M]  sound/soc/codecs/rpmsg_wm8960.o
  CC      kernel/kallsyms.o
  CC      drivers/clk/imx/clk-composite-8m.o
  CC      drivers/acpi/acpica/evxfgpe.o
  CC      lib/fonts/font_8x16.o
  CC      drivers/acpi/acpica/evxfregn.o
  CC      drivers/virtio/virtio_pci_common.o
  CC      drivers/soc/fsl/guts.o
  CC      net/ipv6/rpl.o
  CC      fs/proc/proc_net.o
  CC      drivers/clk/imx/clk-composite-93.o
  AR      lib/fonts/built-in.a
  CC      lib/oid_registry.o
  CC [M]  net/netfilter/nf_conntrack_proto_dccp.o
  CC      kernel/time/tick-broadcast-hrtimer.o
  CC      drivers/soc/fsl/dpio/dpio.o
  CC      drivers/xen/cpu_hotplug.o
  CC      net/bluetooth/lib.o
  CC      drivers/acpi/acpica/exconcat.o
  CC      net/sunrpc/cache.o
  CC      drivers/virtio/virtio_pci_legacy.o
  CC [M]  sound/soc/codecs/rpmsg_wm8960_i2c.o
  CC      net/ipv4/igmp.o
  CC      drivers/soc/imx/gpcv2.o
  CC      net/ipv6/ioam6.o
  CC      drivers/acpi/acpica/exconfig.o
  CC      drivers/clk/imx/clk-fracn-gppll.o
  CC      lib/ucs2_string.o
  CC      kernel/time/sched_clock.o
  CC      drivers/xen/grant-table.o
  CC      drivers/soc/fsl/dpio/qbman-portal.o
  CC      fs/proc/vmcore.o
  CC [M]  net/netfilter/nf_conntrack_proto_sctp.o
  CC      drivers/virtio/virtio_ivshmem.o
  CC      drivers/acpi/acpica/exconvrt.o
  CC      kernel/time/tick-oneshot.o
  CC [M]  sound/soc/codecs/rpmsg_ak4497.o
  CC      drivers/dma/pxp/pxp_device.o
  CC      drivers/soc/imx/soc-imx8m.o
  CC      lib/sbitmap.o
  CC      drivers/clk/imx/clk-cpu.o
  CC      drivers/acpi/acpica/excreate.o
  CC      net/bluetooth/ecdh_helper.o
  CC      drivers/soc/fsl/dpio/dpio-service.o
  CC      kernel/time/tick-sched.o
  CC      drivers/soc/imx/soc-imx9.o
  CC      drivers/virtio/virtio_balloon.o
  CC      drivers/acpi/acpica/exdebug.o
  CC      net/ipv6/sysctl_net_ipv6.o
  CC [M]  net/netfilter/nf_log_syslog.o
  CC [M]  sound/soc/codecs/simple-amplifier.o
  CC      drivers/clk/imx/clk-divider-gate.o
  CC      fs/proc/kmsg.o
  CC      net/bluetooth/hci_request.o
  AR      drivers/dma/pxp/built-in.a
  CC      drivers/xen/balloon.o
  CC      drivers/dma/qcom/hidma_mgmt.o
  CC      drivers/acpi/acpica/exdump.o
  CC      drivers/soc/imx/imx8m-blk-ctrl.o
  CC      lib/group_cpus.o
  CC      fs/proc/page.o
  CC      drivers/clk/imx/clk-fixup-div.o
  CC      drivers/acpi/acpica/exfield.o
  CC      net/sunrpc/rpc_pipe.o
  CC [M]  sound/soc/codecs/tpa6130a2.o
  AR      drivers/virtio/built-in.a
  CC      kernel/time/vsyscall.o
  CC      drivers/soc/fsl/dpio/dpio-driver.o
  CC      drivers/dma/qcom/hidma_mgmt_sys.o
  CC      net/ipv6/netfilter.o
  CC      drivers/clk/imx/clk-fixup-mux.o
  CC      drivers/soc/imx/imx8mp-blk-ctrl.o
  CC      drivers/acpi/acpica/exfldio.o
  CC      lib/devmem_is_allowed.o
  CC      net/ipv4/fib_frontend.o
  CC      kernel/time/timekeeping_debug.o
  CC      net/bluetooth/mgmt_util.o
  CC      net/strparser/strparser.o
  AR      fs/proc/built-in.a
  CC      fs/configfs/inode.o
  CC [M]  net/netfilter/nf_nat_core.o
  CC      drivers/clk/imx/clk-frac-pll.o
  AR      drivers/soc/fsl/dpio/built-in.a
  CC      drivers/xen/manage.o
  CC      drivers/soc/fsl/dpaa2-console.o
  CC [M]  sound/soc/codecs/lpass-macro-common.o
  CC      drivers/acpi/acpica/exmisc.o
  CC [M]  lib/crc-ccitt.o
  CC      drivers/dma/qcom/hidma_ll.o
  CC      drivers/soc/imx/busfreq-imx8mq.o
  CC      drivers/acpi/acpica/exmutex.o
  CC      kernel/time/namespace.o
  AR      drivers/soc/fsl/built-in.a
  CC      net/ipv6/proc.o
  CC      fs/configfs/file.o
  CC      drivers/clk/imx/clk-gate2.o
  CC [M]  sound/soc/codecs/lpass-wsa-macro.o
  CC      net/bluetooth/mgmt_config.o
  CC      drivers/acpi/acpica/exnames.o
  CC [M]  lib/raid6/algos.o
  CC      drivers/xen/time.o
  CC      drivers/dma/qcom/hidma.o
  AR      kernel/time/built-in.a
  CC      kernel/acct.o
  CC      fs/configfs/dir.o
  CC      drivers/acpi/acpica/exoparg1.o
  CC      net/sunrpc/sysfs.o
  CC [M]  net/netfilter/nf_nat_proto.o
  AR      net/strparser/built-in.a
  CC      drivers/acpi/ac.o
  CC      drivers/xen/mem-reservation.o
  CC      drivers/clk/imx/clk-gate-93.o
  CC      drivers/soc/imx/imx8m_pm_domains.o
  CC      drivers/acpi/acpica/exoparg2.o
  CC [M]  net/ipv6/netfilter/ip6_tables.o
  CC      net/bluetooth/hci_codec.o
  CC      kernel/crash_core.o
  CC      drivers/dma/qcom/hidma_dbg.o
  CC [M]  lib/raid6/recov.o
  CC      net/ipv4/fib_semantics.o
  CC      drivers/regulator/core.o
  CC      fs/devpts/inode.o
  CC [M]  sound/soc/codecs/lpass-va-macro.o
  CC      drivers/acpi/acpica/exoparg3.o
  CC      drivers/soc/imx/imx8ulp_lpm.o
  CC      drivers/clk/imx/clk-gate-exclusive.o
  CC      net/sunrpc/svc_xprt.o
  CC      drivers/xen/events/events_base.o
  AR      drivers/dma/qcom/built-in.a
  CC [M]  drivers/dma/bcm-sba-raid.o
  CC      fs/configfs/symlink.o
  CC [M]  lib/raid6/tables.o
  CC      drivers/acpi/acpica/exoparg6.o
  CC      net/bluetooth/eir.o
  CC      drivers/clk/imx/clk-pfd.o
  AR      fs/devpts/built-in.a
  CC      drivers/xen/events/events_2l.o
  CC      kernel/kexec_core.o
  CC      drivers/soc/imx/imx93-src.o
  CC      drivers/acpi/acpica/exprep.o
  CC      fs/configfs/mount.o
  CC [M]  sound/soc/codecs/simple-mux.o
  CC      drivers/clk/imx/clk-pfdv2.o
  CC      drivers/acpi/acpica/exregion.o
  CC [M]  net/netfilter/nf_nat_helper.o
  CC      drivers/soc/imx/imx93-pd.o
  CC [M]  net/ipv6/netfilter/ip6table_filter.o
  CC [M]  drivers/dma/fsl-qdma.o
  CC      net/bluetooth/hci_sync.o
  CC      fs/configfs/item.o
  CC [M]  lib/raid6/int1.o
  AR      sound/soc/codecs/built-in.a
  LD [M]  sound/soc/codecs/snd-soc-ak4458.o
  LD [M]  sound/soc/codecs/snd-soc-ak4613.o
  LD [M]  sound/soc/codecs/snd-soc-ak5558.o
  LD [M]  sound/soc/codecs/snd-soc-cros-ec-codec.o
  LD [M]  sound/soc/codecs/snd-soc-dmic.o
  LD [M]  sound/soc/codecs/snd-soc-es7134.o
  LD [M]  sound/soc/codecs/snd-soc-es7241.o
  LD [M]  sound/soc/codecs/snd-soc-gtm601.o
  LD [M]  sound/soc/codecs/snd-soc-max98357a.o
  LD [M]  sound/soc/codecs/snd-soc-max98927.o
  LD [M]  sound/soc/codecs/snd-soc-msm8916-analog.o
  LD [M]  sound/soc/codecs/snd-soc-msm8916-digital.o
  LD [M]  sound/soc/codecs/snd-soc-pcm186x.o
  LD [M]  sound/soc/codecs/snd-soc-pcm186x-i2c.o
  LD [M]  sound/soc/codecs/snd-soc-pcm3168a.o
  LD [M]  sound/soc/codecs/snd-soc-pcm3168a-i2c.o
  CC      drivers/acpi/acpica/exresnte.o
  LD [M]  sound/soc/codecs/snd-soc-pcm512x.o
  LD [M]  sound/soc/codecs/snd-soc-pcm512x-i2c.o
  LD [M]  sound/soc/codecs/snd-soc-rl6231.o
  LD [M]  sound/soc/codecs/snd-soc-rt5659.o
  LD [M]  sound/soc/codecs/snd-soc-sgtl5000.o
  LD [M]  sound/soc/codecs/snd-soc-spdif-rx.o
  LD [M]  sound/soc/codecs/snd-soc-spdif-tx.o
  LD [M]  sound/soc/codecs/snd-soc-tas571x.o
  LD [M]  sound/soc/codecs/snd-soc-tlv320aic31xx.o
  LD [M]  sound/soc/codecs/snd-soc-wcd-mbhc.o
  LD [M]  sound/soc/codecs/snd-soc-wcd934x.o
  LD [M]  sound/soc/codecs/snd-soc-wm8904.o
  CC      drivers/clk/imx/clk-pllv1.o
  LD [M]  sound/soc/codecs/snd-soc-wm8960.o
  LD [M]  sound/soc/codecs/snd-soc-wm8962.o
  LD [M]  sound/soc/codecs/snd-soc-wm8994.o
  LD [M]  sound/soc/codecs/snd-soc-wm-hubs.o
  LD [M]  sound/soc/codecs/snd-soc-wsa881x.o
  LD [M]  sound/soc/codecs/snd-soc-rpmsg-wm8960.o
  LD [M]  sound/soc/codecs/snd-soc-rpmsg-wm8960-i2c.o
  LD [M]  sound/soc/codecs/snd-soc-rpmsg-ak4497.o
  LD [M]  sound/soc/codecs/snd-soc-simple-amplifier.o
  LD [M]  sound/soc/codecs/snd-soc-tpa6130a2.o
  CC      drivers/soc/imx/imx93-blk-ctrl.o
  LD [M]  sound/soc/codecs/snd-soc-lpass-macro-common.o
  LD [M]  sound/soc/codecs/snd-soc-lpass-wsa-macro.o
  LD [M]  sound/soc/codecs/snd-soc-lpass-va-macro.o
  LD [M]  sound/soc/codecs/snd-soc-simple-mux.o
  CC      sound/soc/fsl/fsl_esai_client.o
  CC      net/sunrpc/xprtmultipath.o
  CC      drivers/xen/events/events_fifo.o
  CC      drivers/acpi/acpica/exresolv.o
  CC [M]  lib/raid6/int2.o
  CC      kernel/kexec.o
  CC      net/8021q/vlan_core.o
  CC      drivers/clk/imx/clk-pllv2.o
  AR      fs/configfs/built-in.a
  CC      net/ipv4/fib_trie.o
  CC      fs/netfs/buffered_read.o
  CC [M]  net/ipv6/netfilter/ip6table_mangle.o
  CC      drivers/soc/imx/imx93_lpm.o
  CC [M]  drivers/dma/fsl-dpaa2-qdma/dpaa2-qdma.o
  CC      drivers/acpi/acpica/exresop.o
  CC      sound/soc/fsl/imx-pcm-dma.o
  CC      drivers/clk/imx/clk-pllv3.o
  CC [M]  lib/raid6/int4.o
  AR      drivers/xen/events/built-in.a
  CC      drivers/xen/xenbus/xenbus_client.o
  CC      kernel/kexec_file.o
  CC      drivers/regulator/dummy.o
  CC      drivers/acpi/acpica/exserial.o
  CC [M]  net/netfilter/nf_nat_masquerade.o
  CC      net/sunrpc/backchannel_rqst.o
  CC      drivers/soc/imx/secvio/imx-secvio-sc.o
  CC      drivers/clk/imx/clk-pllv4.o
  CC [M]  drivers/dma/fsl-dpaa2-qdma/dpdmai.o
  CC      drivers/acpi/acpica/exstore.o
  CC [M]  net/ipv6/netfilter/ip6table_nat.o
  CC [M]  lib/raid6/int8.o
  CC      fs/netfs/io.o
  CC      drivers/regulator/fixed-helper.o
  CC [M]  sound/soc/fsl/fsl_audmix.o
  CC      kernel/compat.o
  CC      drivers/acpi/acpica/exstoren.o
  CC      drivers/clk/imx/clk-pll14xx.o
  CC      drivers/xen/xenbus/xenbus_comms.o
  CC      net/8021q/vlan.o
  CC      drivers/soc/imx/secvio/imx-secvio-debugfs.o
  CC [M]  lib/raid6/int16.o
  AR      drivers/dma/built-in.a
  CC      drivers/acpi/acpica/exstorob.o
  CC      drivers/regulator/helpers.o
  CC      kernel/cgroup/cgroup.o
  CC [M]  sound/soc/fsl/fsl-asoc-card.o
  CC [M]  net/ipv6/netfilter/nf_defrag_ipv6_hooks.o
  CC      drivers/xen/xenbus/xenbus_xs.o
  CC      drivers/acpi/acpica/exsystem.o
  CC      drivers/soc/imx/secvio/imx-secvio-audit.o
  CC [M]  lib/raid6/int32.o
  CC      net/sunrpc/stats.o
  CC      fs/netfs/main.o
  CC      drivers/clk/imx/clk-sscg-pll.o
  CC      net/8021q/vlan_dev.o
  CC [M]  net/netfilter/nf_dup_netdev.o
  CC      drivers/acpi/acpica/extrace.o
  CC      net/ipv4/fib_notifier.o
  CC [M]  lib/raid6/neon.o
  AR      drivers/soc/imx/secvio/built-in.a
  CC      drivers/soc/imx/rpmsg_life_cycle.o
  CC      net/bluetooth/sco.o
  CC      kernel/cgroup/rstat.o
  CC [M]  sound/soc/fsl/fsl_asrc.o
  CC      drivers/acpi/acpica/exutils.o
  CC      fs/netfs/objects.o
  CC      drivers/regulator/devres.o
  CC [M]  lib/raid6/recov_neon.o
  CC      drivers/xen/xenbus/xenbus_probe.o
  CC      drivers/clk/imx/clk-imx8mm.o
  AR      drivers/soc/imx/built-in.a
  CC      drivers/acpi/acpica/hwacpi.o
  AR      drivers/soc/built-in.a
  CC      net/ipv4/inet_fragment.o
  CC      net/wireless/core.o
  CC      net/8021q/vlan_netlink.o
  CC      drivers/clk/imx/clk-imx8mn.o
  AR      fs/netfs/built-in.a
  CC      drivers/acpi/acpica/hwesleep.o
  CC [M]  net/ipv6/netfilter/nf_conntrack_reasm.o
  CC      fs/ext4/balloc.o
  LD [M]  lib/raid6/raid6_pq.o
  AR      lib/lib.a
  AR      lib/built-in.a
  CC      net/sunrpc/sysctl.o
  CC [M]  net/netfilter/nft_compat.o
  CC      net/mac80211/main.o
  CC      drivers/acpi/acpica/hwgpe.o
  CC      net/bluetooth/iso.o
  CC [M]  sound/soc/fsl/fsl_asrc_dma.o
  CC      drivers/regulator/irq_helpers.o
  CC      net/8021q/vlan_gvrp.o
  CC      drivers/xen/xenbus/xenbus_probe_backend.o
  CC      drivers/acpi/acpica/hwregs.o
  CC      kernel/utsname.o
  CC      drivers/clk/imx/clk-imx8mp.o
  CC      drivers/acpi/acpica/hwsleep.o
  CC      fs/ext4/bitmap.o
  CC      drivers/xen/arm-device.o
  CC      net/sunrpc/auth_gss/auth_gss.o
  CC      net/8021q/vlan_mvrp.o
  CC      drivers/acpi/acpica/hwvalid.o
  CC [M]  net/netfilter/nft_ct.o
  CC [M]  sound/soc/fsl/fsl_sai.o
  CC      drivers/xen/xenbus/xenbus_dev_frontend.o
  CC      drivers/regulator/of_regulator.o
  CC      net/ipv4/ping.o
  CC      net/wireless/sysfs.o
  CC      fs/ext4/block_validity.o
  CC      kernel/cgroup/namespace.o
  CC [M]  net/ipv6/netfilter/nf_socket_ipv6.o
  CC      drivers/acpi/acpica/hwxface.o
  CC      net/bluetooth/leds.o
  CC      net/8021q/vlanproc.o
  CC [M]  sound/soc/fsl/fsl_sai_sysfs.o
sound/soc/fsl/fsl_sai.c: In function ‘fsl_sai_hw_params’:
sound/soc/fsl/fsl_sai.c:700:13: warning: the comparison will always evaluate as ‘true’ for the address of ‘is_consumer_mode’ will never be NULL [-Waddress]
  700 |             !sai->is_consumer_mode)
      |             ^
In file included from sound/soc/fsl/fsl_sai.c:26:
sound/soc/fsl/fsl_sai.h:290:14: note: ‘is_consumer_mode’ declared here
  290 |         bool is_consumer_mode[2];
      |              ^~~~~~~~~~~~~~~~
sound/soc/fsl/fsl_sai.c:714:13: warning: the comparison will always evaluate as ‘true’ for the address of ‘is_consumer_mode’ will never be NULL [-Waddress]
  714 |             !sai->is_consumer_mode)
      |             ^
sound/soc/fsl/fsl_sai.h:290:14: note: ‘is_consumer_mode’ declared here
  290 |         bool is_consumer_mode[2];
      |              ^~~~~~~~~~~~~~~~
  CC      drivers/clk/imx/clk-blk-ctrl.o
  CC      net/mac80211/status.o
  CC      drivers/acpi/acpica/hwxfsleep.o
  CC      net/wireless/radiotap.o
  CC      fs/ext4/dir.o
  CC      drivers/xen/xenbus/xenbus_dev_backend.o
  CC [M]  net/netfilter/nft_nat.o
  CC      net/ipv6/addrconf_core.o
  AR      net/8021q/built-in.a
  CC [M]  sound/soc/fsl/fsl_ssi.o
  CC      drivers/reset/core.o
  CC      kernel/cgroup/cgroup-v1.o
  CC      net/bluetooth/rfcomm/core.o
  CC      net/sunrpc/auth_gss/gss_generic_token.o
  CC      drivers/regulator/fixed.o
  CC      drivers/clk/imx/clk-imx8mq.o
  CC      drivers/acpi/acpica/hwpci.o
  CC      drivers/xen/xenbus/xenbus_probe_frontend.o
  CC      fs/ext4/ext4_jbd2.o
  CC      drivers/acpi/acpica/nsaccess.o
  CC [M]  net/ipv6/netfilter/nf_tproxy_ipv6.o
  CC      drivers/regulator/axp20x-regulator.o
  CC [M]  sound/soc/fsl/fsl_ssi_dbg.o
  CC [M]  net/netfilter/nft_masq.o
  CC      net/ipv4/ip_tunnel_core.o
  CC      net/wireless/util.o
  CC      net/sunrpc/auth_gss/gss_mech_switch.o
  CC      drivers/acpi/acpica/nsalloc.o
  CC      drivers/reset/reset-dispmix.o
  CC      net/bluetooth/rfcomm/sock.o
  CC      kernel/cgroup/freezer.o
  CC [M]  sound/soc/fsl/fsl_spdif.o
  CC      drivers/clk/imx/clk-imx93.o
  AR      drivers/xen/xenbus/built-in.a
  CC      drivers/xen/pci.o
  CC      fs/ext4/extents.o
  CC      net/mac80211/driver-ops.o
  CC      drivers/acpi/acpica/nsarguments.o
  CC      drivers/regulator/bd718x7-regulator.o
  CC      fs/ext2/balloc.o
  CC      drivers/reset/reset-imx7.o
  CC [M]  net/netfilter/nft_chain_nat.o
  CC      drivers/clk/imx/clk-scu.o
  CC      drivers/acpi/acpica/nsconvert.o
  CC      kernel/cgroup/legacy_freezer.o
  CC      drivers/reset/reset-imx8ulp-sim.o
  CC      drivers/regulator/bd9571mwv-regulator.o
  CC      drivers/acpi/acpica/nsdump.o
  CC [M]  sound/soc/fsl/fsl_esai.o
  CC [M]  net/ipv6/netfilter/nf_reject_ipv6.o
  CC      fs/ext2/dir.o
  CC      drivers/xen/dbgp.o
  CC      net/bluetooth/rfcomm/tty.o
  CC      drivers/clk/imx/clk-imx8qxp.o
  CC      net/mac80211/sta_info.o
  CC      kernel/cgroup/pids.o
  CC      net/sunrpc/auth_gss/svcauth_gss.o
  CC      drivers/acpi/acpica/nseval.o
  CC      drivers/reset/gpio-reset.o
  CC      net/ipv4/gre_offload.o
  CC [M]  net/netfilter/nft_dup_netdev.o
  CC      drivers/regulator/fan53555.o
  CC      drivers/acpi/acpica/nsinit.o
  CC      drivers/clk/imx/clk-imx8qxp-rsrc.o
  CC      kernel/cgroup/cpuset.o
  CC      drivers/reset/reset-scmi.o
  CC [M]  sound/soc/fsl/fsl_esai_mix.o
  CC      fs/ext2/file.o
  CC      drivers/xen/biomerge.o
  CC      net/wireless/reg.o
  CC      drivers/acpi/acpica/nsload.o
  CC      drivers/clk/imx/clk-imx8qm-rsrc.o
  CC      net/ipv4/metrics.o
  AR      drivers/reset/built-in.a
  CC      drivers/acpi/button.o
  CC [M]  net/netfilter/nft_fwd_netdev.o
  AR      net/bluetooth/rfcomm/built-in.a
  CC      drivers/regulator/gpio-regulator.o
  CC      net/bluetooth/bnep/core.o
  CC      drivers/acpi/acpica/nsnames.o
  CC      drivers/xen/xen-balloon.o
  CC      fs/ext2/ialloc.o
  CC      drivers/clk/imx/clk-imx8dxl-rsrc.o
  CC [M]  sound/soc/fsl/fsl_micfil.o
  CC      fs/ext4/extents_status.o
  CC [M]  net/ipv6/netfilter/ip6t_REJECT.o
  CC      drivers/acpi/acpica/nsobject.o
  CC      drivers/clk/imx/clk-lpcg-scu.o
  CC      drivers/regulator/hi6421v530-regulator.o
  CC [M]  net/netfilter/nf_flow_table_core.o
  CC      drivers/acpi/acpica/nsparse.o
  CC      kernel/user_namespace.o
  CC      fs/ext2/inode.o
  CC      net/sunrpc/auth_gss/gss_rpc_upcall.o
  CC      net/bluetooth/bnep/sock.o
  CC      drivers/xen/evtchn.o
  CC [M]  sound/soc/fsl/fsl_utils.o
  CC      drivers/clk/imx/clk-imx8qxp-lpcg.o
  CC      drivers/acpi/acpica/nspredef.o
  CC      drivers/regulator/max77620-regulator.o
  LD [M]  net/ipv6/netfilter/nf_defrag_ipv6.o
  CC      net/ipv6/exthdrs_core.o
  CC      net/ipv4/netlink.o
  CC      net/mac80211/wep.o
  CC      drivers/acpi/acpica/nsprepkg.o
  CC      fs/ext4/file.o
  CC      drivers/clk/imx/clk-imx8qxp-acm.o
  AR      kernel/cgroup/built-in.a
  CC      drivers/acpi/acpica/nsrepair.o
  CC      drivers/xen/gntdev.o
  CC      net/sunrpc/auth_gss/gss_rpc_xdr.o
  CC      net/bluetooth/bnep/netdev.o
  CC [M]  sound/soc/fsl/fsl_mqs.o
  CC      net/wireless/scan.o
  CC      kernel/pid_namespace.o
  CC      fs/ext2/ioctl.o
  CC      drivers/regulator/max8973-regulator.o
  CC      drivers/acpi/acpica/nsrepair2.o
  CC      drivers/clk/imx/clk-imx8qm-acm.o
  CC      net/9p/mod.o
  CC      net/mac80211/aead_api.o
  CC      fs/ext4/fsmap.o
  CC [M]  sound/soc/fsl/fsl_easrc.o
  CC      drivers/acpi/acpica/nssearch.o
  CC      fs/ext2/namei.o
  CC [M]  net/netfilter/nf_flow_table_ip.o
  CC      drivers/clk/imx/clk-imx8dxl-acm.o
  CC      net/ipv6/ip6_checksum.o
  AR      net/bluetooth/bnep/built-in.a
  CC      net/ipv4/nexthop.o
  CC      drivers/xen/gntalloc.o
  CC      net/sunrpc/auth_gss/trace.o
  CC      net/bluetooth/hidp/core.o
  CC      drivers/regulator/fp9931-regulator.o
  CC      net/mac80211/wpa.o
  CC      net/9p/client.o
  CC      drivers/acpi/acpica/nsutils.o
  UPD     kernel/config_data
  CC      kernel/stop_machine.o
  CC      drivers/clk/imx/clk-imx-acm-utils.o
  CC      fs/ext4/fsync.o
  CC      fs/ext2/super.o
  CC      drivers/acpi/acpica/nswalk.o
  CC      drivers/xen/xenfs/super.o
  CC      drivers/regulator/mp8859.o
  CC [M]  net/sunrpc/auth_gss/gss_krb5_mech.o
  CC      drivers/clk/imx/clk-imx8ulp.o
  CC      drivers/acpi/acpica/nsxfeval.o
  CC [M]  sound/soc/fsl/fsl_xcvr.o
  CC      fs/ext4/hash.o
  CC      drivers/xen/xenfs/xenstored.o
  CC      kernel/audit.o
  CC      net/mac80211/scan.o
  CC      net/ipv6/ip6_icmp.o
  CC      drivers/regulator/mt6358-regulator.o
  CC      net/9p/error.o
  CC      fs/ext2/symlink.o
  CC [M]  net/sunrpc/auth_gss/gss_krb5_seal.o
  CC [M]  net/netfilter/nf_flow_table_offload.o
  CC      drivers/acpi/acpica/nsxfname.o
  CC      net/wireless/nl80211.o
  AR      drivers/xen/xenfs/built-in.a
  CC      drivers/xen/sys-hypervisor.o
  AR      drivers/clk/imx/built-in.a
  CC      drivers/clk/s32/clk-core.o
  CC      net/bluetooth/hidp/sock.o
  CC      fs/ext4/ialloc.o
  CC [M]  sound/soc/fsl/fsl_xcvr_sysfs.o
  AR      fs/ext2/built-in.a
  CC      drivers/clk/s32/s32v234/clk.o
  CC      drivers/regulator/mt6397-regulator.o
  CC      net/9p/protocol.o
  CC [M]  net/sunrpc/auth_gss/gss_krb5_unseal.o
  CC      drivers/tty/tty_io.o
  CC      drivers/xen/swiotlb-xen.o
  CC      drivers/acpi/acpica/nsxfobj.o
  CC      drivers/clk/s32/s32v234/clk-plldig.o
  CC [M]  sound/soc/fsl/fsl_aud2htx.o
  CC      drivers/regulator/qcom_spmi-regulator.o
  AR      net/bluetooth/hidp/built-in.a
  CC      net/ipv4/udp_tunnel_stub.o
  AR      net/bluetooth/built-in.a
  CC      net/mac80211/offchannel.o
  CC [M]  net/sunrpc/auth_gss/gss_krb5_seqnum.o
  CC      net/ipv6/output_core.o
  CC      drivers/acpi/acpica/psargs.o
  CC      drivers/clk/s32/s32v234/clk-dfs.o
  CC [M]  drivers/xen/xen-pciback/pci_stub.o
  CC      fs/ext4/indirect.o
  CC      net/9p/trans_common.o
  CC [M]  sound/soc/fsl/fsl_rpmsg.o
  CC [M]  net/sunrpc/auth_gss/gss_krb5_wrap.o
  AR      drivers/clk/s32/s32v234/built-in.a
  AR      drivers/clk/s32/built-in.a
  CC      kernel/auditfilter.o
  CC      drivers/acpi/acpica/psloop.o
  CC [M]  drivers/xen/xen-pciback/pciback_ops.o
  CC      drivers/clk/versatile/clk-vexpress-osc.o
  CC [M]  net/netfilter/x_tables.o
  CC      drivers/regulator/pca9450-regulator.o
  CC      drivers/acpi/acpica/psobject.o
  CC [M]  sound/soc/fsl/imx-audmux.o
  AR      drivers/clk/versatile/built-in.a
  AR      drivers/clk/built-in.a
  CC      net/9p/trans_fd.o
  CC      net/ipv6/protocol.o
  CC [M]  net/sunrpc/auth_gss/gss_krb5_crypto.o
  CC      drivers/regulator/pf8x00-regulator.o
  CC [M]  drivers/xen/xen-pciback/xenbus.o
  CC      drivers/tty/n_tty.o
  CC      net/ipv4/sysctl_net_ipv4.o
  CC      fs/ext4/inline.o
  CC      drivers/acpi/acpica/psopcode.o
  CC      drivers/xen/privcmd.o
  CC      drivers/acpi/fan_core.o
  CC      net/mac80211/ht.o
  CC      drivers/acpi/acpica/psopinfo.o
  CC [M]  drivers/xen/xen-pciback/conf_space.o
  CC      kernel/auditsc.o
  CC      drivers/regulator/pfuze100-regulator.o
  CC [M]  sound/soc/fsl/imx-audio-rpmsg.o
  CC [M]  net/sunrpc/auth_gss/gss_krb5_keys.o
  CC      drivers/acpi/acpica/psparse.o
  CC      drivers/acpi/acpica/psscope.o
  CC      net/9p/trans_virtio.o
  CC      net/ipv4/proc.o
  CC [M]  drivers/xen/xen-pciback/conf_space_header.o
  CC      net/ipv6/ip6_offload.o
  CC [M]  net/netfilter/xt_tcpudp.o
  CC      drivers/acpi/acpica/pstree.o
  CC [M]  sound/soc/fsl/imx-pcm-rpmsg.o
  AR      net/sunrpc/auth_gss/built-in.a
  LD [M]  net/sunrpc/auth_gss/rpcsec_gss_krb5.o
  CC      drivers/regulator/pwm-regulator.o
  AR      net/sunrpc/built-in.a
  CC      net/wireless/mlme.o
  CC      fs/jbd2/transaction.o
  CC      fs/ext4/inode.o
  CC      drivers/acpi/acpica/psutils.o
  CC      kernel/audit_watch.o
  CC      drivers/tty/tty_ioctl.o
  CC [M]  drivers/xen/xen-pciback/conf_space_capability.o
  CC      net/mac80211/agg-tx.o
  CC      drivers/acpi/acpica/pswalk.o
  AR      net/9p/built-in.a
  CC [M]  sound/soc/fsl/imx-sgtl5000.o
  CC      drivers/char/mem.o
  CC      drivers/regulator/rk808-regulator.o
  CC      net/ipv4/ipconfig.o
  CC [M]  net/netfilter/xt_mark.o
  CC      net/ipv6/tcpv6_offload.o
  CC      drivers/acpi/acpica/psxface.o
  CC [M]  drivers/xen/xen-pciback/conf_space_quirks.o
  CC      drivers/acpi/fan_attr.o
  CC      kernel/audit_fsnotify.o
  CC [M]  sound/soc/fsl/imx-spdif.o
  CC      drivers/acpi/acpica/rsaddr.o
  CC      drivers/char/random.o
  CC      drivers/tty/tty_ldisc.o
  CC      drivers/regulator/rohm-regulator.o
  CC [M]  drivers/xen/xen-pciback/vpci.o
  CC [M]  net/netfilter/xt_nat.o
  CC [M]  drivers/xen/xen-pciback/passthrough.o
  CC      drivers/xen/privcmd-buf.o
  CC      drivers/acpi/acpica/rscalc.o
  CC      kernel/audit_tree.o
  CC      fs/jbd2/commit.o
  CC      net/ipv6/exthdrs_offload.o
  CC [M]  sound/soc/fsl/imx-audmix.o
  CC      net/ipv4/netfilter.o
  CC      drivers/acpi/acpica/rscreate.o
  CC      net/ipv6/inet6_hashtables.o
  LD [M]  drivers/xen/xen-pciback/xen-pciback.o
  CC      drivers/regulator/s2mps11.o
  CC      net/mac80211/agg-rx.o
  CC [M]  net/netfilter/xt_CHECKSUM.o
  CC      drivers/tty/tty_buffer.o
  CC [M]  sound/soc/fsl/imx-hdmi.o
  CC      drivers/xen/efi.o
  CC      fs/squashfs/block.o
  CC      net/tsn/genl_tsn.o
  CC      drivers/acpi/acpica/rsdumpinfo.o
  CC      kernel/seccomp.o
  CC [M]  drivers/regulator/tps65132-regulator.o
  CC      drivers/char/misc.o
  CC      drivers/xen/xlate_mmu.o
  CC      drivers/acpi/acpica/rsinfo.o
  CC [M]  sound/soc/fsl/imx-rpmsg.o
  CC      fs/ext4/ioctl.o
  CC      fs/squashfs/cache.o
  CC      fs/jbd2/recovery.o
  CC [M]  net/netfilter/xt_LOG.o
  CC      drivers/acpi/acpica/rsio.o
  CC      drivers/tty/tty_port.o
  CC [M]  net/ipv4/netfilter/nf_defrag_ipv4.o
  CC [M]  drivers/regulator/vctrl-regulator.o
  CC      drivers/acpi/acpica/rsirq.o
  CC      net/mac80211/vht.o
  CC      fs/squashfs/dir.o
  CC      net/ipv6/mcast_snoop.o
  CC      drivers/char/virtio_console.o
  CC [M]  sound/soc/fsl/imx-card.o
  AR      drivers/xen/built-in.a
  CC      drivers/acpi/processor_driver.o
  CC      drivers/acpi/acpica/rslist.o
  CC      kernel/relay.o
  CC      fs/jbd2/checkpoint.o
  CC      fs/squashfs/export.o
  CC [M]  net/netfilter/xt_MASQUERADE.o
  AR      drivers/regulator/built-in.a
  CC      fs/ramfs/inode.o
  CC      drivers/acpi/acpica/rsmemory.o
  CC      drivers/tty/tty_mutex.o
  CC      fs/ext4/mballoc.o
  CC [M]  net/ipv4/netfilter/nf_socket_ipv4.o
  CC      fs/squashfs/file.o
  AR      net/tsn/built-in.a
  CC      net/ipv4/inet_diag.o
  CC [M]  sound/soc/fsl/imx-pcm512x.o
  CC      drivers/acpi/acpica/rsmisc.o
  CC      fs/jbd2/revoke.o
  CC      net/wireless/ibss.o
  CC      fs/ramfs/file-mmu.o
  CC      fs/squashfs/fragment.o
  CC      drivers/char/hw_random/core.o
  CC [M]  net/netfilter/xt_addrtype.o
  CC [M]  net/ipv6/sit.o
  CC      kernel/utsname_sysctl.o
  CC      drivers/acpi/acpica/rsserial.o
  CC      drivers/tty/tty_ldsem.o
  AR      fs/ramfs/built-in.a
  CC      net/mac80211/he.o
  CC      net/mac80211/s1g.o
  CC      fs/ext4/migrate.o
  AR      sound/soc/fsl/built-in.a
  CC      fs/squashfs/id.o
  LD [M]  sound/soc/fsl/snd-soc-fsl-audmix.o
  LD [M]  sound/soc/fsl/snd-soc-fsl-asoc-card.o
  LD [M]  sound/soc/fsl/snd-soc-fsl-asrc.o
  LD [M]  sound/soc/fsl/snd-soc-fsl-sai.o
  LD [M]  sound/soc/fsl/snd-soc-fsl-ssi.o
  LD [M]  sound/soc/fsl/snd-soc-fsl-spdif.o
  LD [M]  sound/soc/fsl/snd-soc-fsl-esai.o
  LD [M]  sound/soc/fsl/snd-soc-fsl-micfil.o
  LD [M]  sound/soc/fsl/snd-soc-fsl-utils.o
  LD [M]  sound/soc/fsl/snd-soc-fsl-mqs.o
  LD [M]  sound/soc/fsl/snd-soc-fsl-easrc.o
  CC      kernel/taskstats.o
  LD [M]  sound/soc/fsl/snd-soc-fsl-xcvr.o
  LD [M]  sound/soc/fsl/snd-soc-fsl-aud2htx.o
  LD [M]  sound/soc/fsl/snd-soc-fsl-rpmsg.o
  LD [M]  sound/soc/fsl/snd-soc-imx-audmux.o
  LD [M]  sound/soc/fsl/snd-soc-imx-sgtl5000.o
  LD [M]  sound/soc/fsl/snd-soc-imx-spdif.o
  LD [M]  sound/soc/fsl/snd-soc-imx-audmix.o
  LD [M]  sound/soc/fsl/snd-soc-imx-hdmi.o
  LD [M]  sound/soc/fsl/snd-soc-imx-rpmsg.o
  LD [M]  sound/soc/fsl/snd-soc-imx-card.o
  LD [M]  sound/soc/fsl/snd-soc-imx-pcm512x.o
  CC      drivers/acpi/acpica/rsutils.o
  CC      fs/jbd2/journal.o
  CC [M]  sound/soc/sof/imx/imx8.o
  CC      fs/squashfs/inode.o
  CC      drivers/tty/tty_baudrate.o
  CC      drivers/acpi/acpica/rsxface.o
  CC      drivers/char/hw_random/optee-rng.o
  CC [M]  net/netfilter/xt_conntrack.o
  CC [M]  net/ipv4/netfilter/nf_tproxy_ipv4.o
  CC      drivers/acpi/processor_thermal.o
  CC [M]  sound/soc/sof/imx/imx8m.o
  CC      net/mac80211/ibss.o
  CC      kernel/tsacct.o
  CC      net/wireless/sme.o
  CC [M]  net/ipv4/netfilter/nf_reject_ipv4.o
  CC      fs/squashfs/namei.o
  CC      drivers/char/hw_random/arm_smccc_trng.o
  CC      drivers/acpi/acpica/tbdata.o
  CC      net/sysctl_net.o
  CC      drivers/tty/tty_jobctrl.o
  AR      net/ipv6/built-in.a
  CC      fs/hugetlbfs/inode.o
  CC      kernel/trace/trace_clock.o
  CC      drivers/char/hw_random/cn10k-rng.o
  CC      fs/squashfs/super.o
  CC      drivers/iommu/arm/arm-smmu/arm-smmu.o
  CC [M]  sound/soc/sof/imx/imx8ulp.o
  CC [M]  net/netfilter/xt_ipvs.o
  CC      drivers/acpi/acpica/tbfadt.o
  CC      fs/ext4/mmp.o
  AR      drivers/char/hw_random/built-in.a
  CC      drivers/char/tpm/tpm-chip.o
  AR      kernel/trace/built-in.a
  CC      kernel/irq_work.o
  AR      fs/jbd2/built-in.a
  CC      fs/squashfs/symlink.o
  CC      net/mac80211/iface.o
  CC      fs/fat/cache.o
  CC [M]  sound/soc/sof/imx/imx-common.o
  CC      drivers/tty/n_null.o
  CC      drivers/acpi/acpica/tbfind.o
  CC      fs/squashfs/decompressor.o
  AR      fs/hugetlbfs/built-in.a
  CC [M]  sound/soc/sof/core.o
  CC [M]  net/netfilter/ipvs/ip_vs_conn.o
  CC      kernel/cpu_pm.o
  CC      fs/ext4/move_extent.o
  CC [M]  net/ipv4/netfilter/ip_tables.o
  CC      drivers/acpi/acpica/tbinstal.o
  CC [M]  net/netfilter/ipvs/ip_vs_core.o
  CC      net/wireless/chan.o
  CC      drivers/tty/pty.o
  CC      fs/fat/dir.o
  CC      fs/squashfs/page_actor.o
  CC      fs/squashfs/file_cache.o
  CC      drivers/iommu/arm/arm-smmu/arm-smmu-impl.o
  CC      drivers/acpi/acpica/tbprint.o
  CC      drivers/char/tpm/tpm-dev-common.o
  LD [M]  sound/soc/sof/imx/snd-sof-imx8.o
  LD [M]  sound/soc/sof/imx/snd-sof-imx8m.o
  LD [M]  sound/soc/sof/imx/snd-sof-imx8ulp.o
  CC      drivers/acpi/acpica/tbutils.o
  CC      drivers/iommu/iommu.o
  CC      drivers/gpu/drm/drm_aperture.o
  CC [M]  sound/soc/sof/ops.o
  CC      kernel/bpf/core.o
  CC      drivers/tty/tty_audit.o
  CC      fs/squashfs/decompressor_single.o
  CC      fs/ext4/namei.o
  CC      drivers/iommu/arm/arm-smmu/arm-smmu-nvidia.o
  CC      drivers/char/tpm/tpm-dev.o
  CC      net/mac80211/link.o
  CC      drivers/acpi/acpica/tbxface.o
  CC      fs/squashfs/xz_wrapper.o
  AR      drivers/iommu/arm/arm-smmu/built-in.a
  CC      drivers/tty/sysrq.o
  CC      drivers/iommu/arm/arm-smmu-v3/arm-smmu-v3.o
  CC      drivers/gpu/drm/drm_auth.o
  CC      drivers/char/tpm/tpm-interface.o
  CC      net/wireless/ethtool.o
  CC      drivers/acpi/acpica/tbxfload.o
  CC      fs/fat/fatent.o
  CC      drivers/tty/vt/vt_ioctl.o
  CC [M]  sound/soc/sof/loader.o
  CC      fs/squashfs/zlib_wrapper.o
  CC [M]  net/ipv4/netfilter/iptable_filter.o
  CC [M]  net/netfilter/ipvs/ip_vs_ctl.o
  CC      drivers/acpi/acpica/tbxfroot.o
  CC      drivers/gpu/drm/drm_cache.o
  AR      fs/squashfs/built-in.a
  CC      drivers/gpu/drm/drm_file.o
  CC      net/mac80211/rate.o
  CC      net/ipv4/tcp_diag.o
  CC      drivers/acpi/acpica/utaddress.o
  CC      drivers/gpu/drm/drm_gem.o
  CC      drivers/char/tpm/tpm1-cmd.o
  CC [M]  sound/soc/sof/ipc.o
  CC [M]  net/ipv4/netfilter/iptable_mangle.o
  CC      net/wireless/mesh.o
  CC      fs/ext4/page-io.o
  CC      fs/fat/file.o
  CC      drivers/acpi/acpica/utalloc.o
  CC      drivers/tty/vt/vc_screen.o
  CC      net/dns_resolver/dns_key.o
  CC      kernel/bpf/syscall.o
  AR      drivers/iommu/arm/arm-smmu-v3/built-in.a
  AR      drivers/iommu/arm/built-in.a
  CC      drivers/iommu/iommu-traces.o
  CC      drivers/acpi/acpica/utascii.o
  CC      net/dns_resolver/dns_query.o
  CC      net/wireless/ap.o
  CC [M]  net/ipv4/netfilter/iptable_nat.o
  CC      net/wireless/trace.o
  CC      fs/ext4/readpage.o
  CC      drivers/acpi/processor_idle.o
  CC [M]  sound/soc/sof/pcm.o
  CC      drivers/acpi/acpica/utbuffer.o
  CC      drivers/char/tpm/tpm2-cmd.o
  CC      drivers/iommu/iommu-sysfs.o
  CC      drivers/tty/vt/selection.o
  CC      drivers/acpi/acpica/utcopy.o
  CC      drivers/gpu/drm/drm_ioctl.o
  CC      fs/fat/inode.o
  CC [M]  net/netfilter/ipvs/ip_vs_sched.o
  CC      net/mac80211/michael.o
  CC      drivers/acpi/acpica/utexcep.o
  CC      net/wireless/ocb.o
  CC      fs/ext4/resize.o
  CC [M]  net/ipv4/netfilter/ipt_REJECT.o
  CC      kernel/bpf/verifier.o
  AR      net/dns_resolver/built-in.a
  CC      drivers/tty/hvc/hvc_console.o
  CC      drivers/acpi/processor_perflib.o
  CC      drivers/iommu/dma-iommu.o
  CC      drivers/tty/vt/keyboard.o
  CC      drivers/acpi/acpica/utdebug.o
  CC [M]  sound/soc/sof/pm.o
  CC      net/mac80211/tkip.o
  CC      drivers/char/tpm/tpmrm-dev.o
  CC      net/wireless/pmsr.o
  CC      drivers/acpi/acpica/utdecode.o
  CC      net/ipv4/tcp_cubic.o
  CC      drivers/gpu/drm/drm_drv.o
  CC      drivers/char/tpm/tpm2-space.o
  CC      drivers/acpi/acpica/utdelete.o
  CC      drivers/tty/hvc/hvc_irq.o
  CC      fs/fat/misc.o
  CC [M]  net/netfilter/ipvs/ip_vs_xmit.o
  CC      drivers/iommu/io-pgtable.o
  CC      fs/ext4/super.o
  CC      drivers/acpi/acpica/uterror.o
  CC [M]  sound/soc/sof/debug.o
  CC      drivers/tty/serial/serial_core.o
  CC      drivers/tty/hvc/hvc_xen.o
  CC      net/ipv4/tcp_bpf.o
  CC      drivers/char/tpm/tpm-sysfs.o
  CC      drivers/tty/vt/consolemap.o
  CC      drivers/acpi/acpica/uteval.o
  CC      net/mac80211/aes_cmac.o
  CC      drivers/gpu/drm/drm_sysfs.o
  CC      net/wireless/of.o
  CC      fs/fat/nfs.o
  CC      drivers/iommu/io-pgtable-arm-v7s.o
  CC      drivers/acpi/acpica/utglobal.o
  AR      drivers/tty/hvc/built-in.a
  CC      net/switchdev/switchdev.o
  CC [M]  net/netfilter/ipvs/ip_vs_app.o
  CC      drivers/char/tpm/eventlog/common.o
  CC      kernel/events/core.o
  CC      net/mac80211/aes_gmac.o
  CC [M]  sound/soc/sof/topology.o
  CC      fs/fat/namei_vfat.o
  CC      drivers/acpi/acpica/uthex.o
  CC      drivers/iommu/io-pgtable-arm.o
  CC      drivers/tty/vt/vt.o
  CC      drivers/char/tpm/eventlog/tpm1.o
  CC      drivers/gpu/drm/drm_mm.o
  CC      drivers/acpi/acpica/utids.o
  CC      net/wireless/wext-compat.o
  CC      net/mac80211/fils_aead.o
  CC      drivers/acpi/acpica/utinit.o
  CC      drivers/tty/serial/earlycon.o
  AR      fs/fat/built-in.a
  CC [M]  sound/soc/sof/control.o
  CC      drivers/char/tpm/eventlog/tpm2.o
  CC      net/ipv4/udp_bpf.o
  CC      drivers/iommu/iova.o
  CC      drivers/acpi/acpica/utlock.o
  AR      net/switchdev/built-in.a
  CC      drivers/base/component.o
  CC      drivers/gpu/drm/drm_crtc.o
  CC      drivers/gpu/imx/dpu/dpu-common.o
  CC      net/mac80211/cfg.o
  CC [M]  net/netfilter/ipvs/ip_vs_sync.o
  CC      drivers/acpi/acpica/utmath.o
  CC      drivers/tty/serial/8250/8250_core.o
  CC      drivers/char/tpm/tpm_ppi.o
  CC [M]  sound/soc/sof/trace.o
  CC      net/wireless/wext-sme.o
  CC      fs/ext4/symlink.o
  CC      drivers/acpi/acpica/utmisc.o
  CC      drivers/iommu/of_iommu.o
  CC      drivers/char/tpm/eventlog/acpi.o
  CC      drivers/base/core.o
  CC [M]  sound/soc/sof/iomem-utils.o
  CC      drivers/acpi/acpica/utmutex.o
  CC      fs/ext4/sysfs.o
  CC      drivers/gpu/drm/drm_fourcc.o
  CC      net/wireless/shipped-certs.o
  AR      drivers/iommu/built-in.a
  CC      drivers/gpu/drm/drm_modes.o
  CC      drivers/acpi/acpica/utnonansi.o
  CC      net/ipv4/bpf_tcp_ca.o
  AR      drivers/tty/vt/built-in.a
  CC      kernel/bpf/inode.o
  CC      drivers/tty/serial/8250/8250_pnp.o
  CC      drivers/char/tpm/eventlog/efi.o
  CC [M]  net/netfilter/ipvs/ip_vs_est.o
  CC      drivers/acpi/acpica/utobject.o
  CC      fs/ext4/xattr.o
  CC      drivers/tty/serial/8250/8250_port.o
  CC      drivers/gpu/imx/dpu/dpu-constframe.o
  CC      net/wireless/lib80211.o
  CC [M]  sound/soc/sof/sof-audio.o
  CC [M]  net/netfilter/ipvs/ip_vs_proto.o
  CC      drivers/char/tpm/eventlog/of.o
  CC      drivers/acpi/acpica/utosi.o
  CC      kernel/crash_dump.o
  CC [M]  net/ipv4/ip_tunnel.o
  CC      drivers/acpi/container.o
  CC      drivers/acpi/acpica/utownerid.o
  CC      drivers/char/tpm/tpm_i2c_infineon.o
  CC      kernel/bpf/helpers.o
  CC      drivers/gpu/imx/dpu/dpu-disengcfg.o
  CC      net/mac80211/ethtool.o
  CC      drivers/acpi/acpica/utpredef.o
  CC      drivers/gpu/drm/drm_edid.o
  CC      kernel/events/ring_buffer.o
  CC      drivers/base/bus.o
  CC      net/wireless/lib80211_crypt_wep.o
  CC [M]  sound/soc/sof/stream-ipc.o
  CC      drivers/acpi/acpica/utresdecode.o
  CC      fs/ext4/xattr_hurd.o
  AR      drivers/char/tpm/built-in.a
  AR      drivers/char/built-in.a
  CC      drivers/gpu/imx/dpu/dpu-extdst.o
  CC      drivers/acpi/acpica/utresrc.o
  CC      fs/ext4/xattr_trusted.o
  CC [M]  sound/soc/sof/ipc3.o
  CC      drivers/tty/serial/8250/8250_dma.o
  CC [M]  net/netfilter/ipvs/ip_vs_pe.o
  CC      net/wireless/lib80211_crypt_ccmp.o
  CC      net/mac80211/rx.o
  CC      drivers/acpi/acpica/utstate.o
  CC      kernel/bpf/log.o
  CC      drivers/base/dd.o
  CC [M]  net/ipv4/tunnel4.o
  CC      drivers/tty/serdev/core.o
  CC      drivers/gpu/drm/drm_displayid.o
  CC      kernel/events/callchain.o
  CC      fs/ext4/xattr_user.o
  CC      drivers/acpi/acpica/utstring.o
  CC [M]  sound/soc/sof/ipc3-loader.o
  CC      drivers/gpu/imx/dpu/dpu-fetchdecode.o
  CC      drivers/acpi/acpica/utstrsuppt.o
  CC      net/wireless/lib80211_crypt_tkip.o
  CC      drivers/tty/serial/8250/8250_dwlib.o
  CC      kernel/events/hw_breakpoint.o
  CC      drivers/tty/serial/8250/8250_pci.o
  CC      drivers/tty/serial/8250/8250_exar.o
  CC      fs/ext4/fast_commit.o
  CC      drivers/acpi/acpica/utstrtoul64.o
  CC [M]  sound/soc/sof/ipc3-topology.o
  CC      drivers/base/syscore.o
  LD [M]  net/netfilter/ipvs/ip_vs.o
  AR      net/netfilter/built-in.a
  LD [M]  net/netfilter/nf_conntrack.o
  LD [M]  net/netfilter/nf_nat.o
  LD [M]  net/netfilter/nf_flow_table.o
  CC      net/mac80211/spectmgmt.o
  CC      drivers/tty/serdev/serdev-ttyport.o
  CC      kernel/bpf/bpf_iter.o
  CC      drivers/acpi/acpica/utxface.o
  CC      net/wireless/wext-core.o
  CC      drivers/gpu/imx/dpu-blit/dpu-blit.o
  CC      drivers/gpu/imx/dpu/dpu-fetcheco.o
  AR      net/ipv4/built-in.a
  CC      drivers/gpu/drm/drm_trace_points.o
  CC      drivers/acpi/thermal.o
  CC      drivers/block/loop.o
  AR      drivers/tty/serdev/built-in.a
  CC      kernel/jump_label.o
  CC      drivers/acpi/acpica/utxfinit.o
  AR      kernel/events/built-in.a
  CC      drivers/tty/serial/amba-pl011.o
  CC [M]  sound/soc/sof/ipc3-control.o
  CC      drivers/gpu/drm/drm_prime.o
  CC      fs/ext4/orphan.o
  CC      kernel/bpf/map_iter.o
  CC      drivers/tty/serial/8250/8250_early.o
  CC      drivers/gpu/imx/lcdif/lcdif-common.o
  CC      drivers/acpi/acpica/utxferror.o
  CC      drivers/base/driver.o
  CC      drivers/acpi/numa/srat.o
  CC      drivers/gpu/imx/dpu/dpu-fetchlayer.o
  AR      drivers/gpu/imx/dpu-blit/built-in.a
  CC      net/mac80211/tx.o
  CC      drivers/tty/serial/8250/8250_fsl.o
  CC [M]  sound/soc/sof/ipc3-pcm.o
  CC [M]  drivers/misc/eeprom/at24.o
  CC      drivers/acpi/acpica/utxfmutex.o
  CC      net/wireless/wext-proc.o
  CC      kernel/bpf/task_iter.o
  CC      fs/ext4/acl.o
  CC      drivers/block/virtio_blk.o
  CC      drivers/base/class.o
  CC      kernel/context_tracking.o
  CC      drivers/gpu/drm/drm_vma_manager.o
  CC      drivers/gpu/imx/dpu/dpu-fetchwarp.o
  AR      drivers/gpu/imx/lcdif/built-in.a
  AR      drivers/acpi/numa/built-in.a
  AR      drivers/acpi/acpica/built-in.a
  CC      drivers/acpi/acpi_memhotplug.o
  CC [M]  drivers/misc/eeprom/at25.o
  CC      drivers/block/xen-blkfront.o
  CC [M]  sound/soc/sof/ipc3-dtrace.o
  CC      fs/nfs/client.o
  CC      net/wireless/wext-spy.o
  AR      fs/ext4/built-in.a
  CC      kernel/bpf/prog_iter.o
  CC      drivers/tty/serial/8250/8250_dw.o
  CC      drivers/mfd/bd9571mwv.o
  CC      drivers/gpu/drm/drm_modeset_lock.o
  CC      drivers/tty/serial/8250/8250_pericom.o
  CC      drivers/gpu/imx/lcdifv3/lcdifv3-common.o
  CC      drivers/acpi/battery.o
  CC      drivers/base/platform.o
  CC      net/mac80211/key.o
  CC      drivers/misc/sram.o
  CC [M]  sound/soc/sof/compress.o
  CC      drivers/gpu/imx/dpu/dpu-fetchunit.o
  CC      kernel/bpf/link_iter.o
  CC      drivers/mfd/cros_ec_dev.o
  CC      drivers/mfd/imx-flexio.o
  CC      drivers/tty/serial/8250/8250_of.o
  CC      net/wireless/wext-priv.o
  CC      drivers/misc/pci_endpoint_test.o
  CC      net/mac80211/util.o
  CC      drivers/gpu/drm/drm_atomic.o
  CC      kernel/bpf/hashtab.o
  AR      drivers/tty/serial/8250/built-in.a
  CC      drivers/tty/serial/imx.o
  AR      drivers/gpu/imx/lcdifv3/built-in.a
  CC [M]  sound/soc/sof/sof-utils.o
  CC      drivers/base/cpu.o
  CC      drivers/mfd/mfd-core.o
  CC      drivers/acpi/hed.o
  CC      drivers/gpu/imx/dpu/dpu-framegen.o
  CC [M]  drivers/block/nbd.o
  CC      drivers/gpu/imx/imx8_pc.o
  AR      net/wireless/built-in.a
  CC      drivers/tty/serial/imx_earlycon.o
  CC      fs/nfs/dir.o
  CC [M]  drivers/misc/uacce/uacce.o
  CC [M]  sound/soc/sof/sof-of-dev.o
  CC      net/mac80211/wme.o
  CC      fs/exportfs/expfs.o
  CC [M]  drivers/tty/rpmsg_tty.o
  CC      drivers/acpi/cppc_acpi.o
  CC      kernel/iomem.o
  CC      drivers/base/firmware.o
  CC      drivers/gpu/drm/drm_bridge.o
  CC      drivers/gpu/imx/dpu/dpu-hscaler.o
  CC      drivers/tty/serial/xilinx_uartps.o
  CC      drivers/mfd/axp20x.o
  AR      drivers/misc/built-in.a
  CC      kernel/bpf/arraymap.o
  CC [M]  drivers/block/xen-blkback/blkback.o
  AR      fs/exportfs/built-in.a
  CC      fs/nfs/file.o
  CC [M]  net/dsa/dsa.o
  CC [M]  sound/soc/sof/xtensa/core.o
  CC      drivers/base/init.o
  CC      drivers/tty/serial/fsl_lpuart.o
  AR      drivers/block/built-in.a
  CC      drivers/gpu/imx/imx8_prg.o
  CC [M]  net/can/af_can.o
  CC      drivers/gpu/imx/dpu/dpu-layerblend.o
  CC [M]  drivers/nfc/s3fwrn5/core.o
  CC      drivers/gpu/drm/drm_framebuffer.o
  CC      drivers/base/map.o
  CC      drivers/acpi/spcr.o
  CC      drivers/mfd/axp20x-i2c.o
  CC      kernel/bpf/lpm_trie.o
  CC [M]  drivers/block/xen-blkback/xenbus.o
  LD [M]  sound/soc/sof/xtensa/snd-sof-xtensa-dsp.o
  LD [M]  sound/soc/sof/snd-sof.o
  CC      drivers/base/devres.o
  LD [M]  sound/soc/sof/snd-sof-utils.o
  LD [M]  sound/soc/sof/snd-sof-of.o
  AR      sound/soc/built-in.a
  CC [M]  drivers/nfc/s3fwrn5/firmware.o
  CC      net/mac80211/chan.o
  AR      sound/built-in.a
  CC      drivers/gpu/imx/imx8_dprc.o
  CC      fs/lockd/clntlock.o
  CC      drivers/gpu/imx/dpu/dpu-sc-misc.o
  CC      kernel/rseq.o
  CC      drivers/mfd/fp9931-core.o
  CC [M]  net/dsa/dsa2.o
  CC      drivers/acpi/pptt.o
  CC      fs/nfs/getroot.o
  CC      drivers/tty/serial/fsl_linflexuart.o
  CC      kernel/bpf/map_in_map.o
  CC      drivers/gpu/drm/drm_connector.o
  CC [M]  drivers/nfc/s3fwrn5/nci.o
  CC      drivers/gpu/imx/dpu/dpu-signature.o
  CC [M]  net/can/proc.o
  LD [M]  drivers/block/xen-blkback/xen-blkback.o
  CC      drivers/base/attribute_container.o
  CC      drivers/dma-buf/dma-buf.o
  CC [M]  net/nfc/core.o
  CC      drivers/mfd/max77620.o
  CC      kernel/bpf/bloom_filter.o
  CC      drivers/acpi/apei/apei-base.o
  CC [M]  drivers/nfc/s3fwrn5/phy_common.o
  CC      drivers/tty/serial/serial_mctrl_gpio.o
  CC      fs/nfs/inode.o
  CC      fs/nls/nls_base.o
  CC      fs/lockd/clntproc.o
  CC [M]  net/can/raw.o
  CC      drivers/base/transport_class.o
  CC      drivers/gpu/imx/dpu/dpu-store.o
  CC      kernel/bpf/local_storage.o
  CC      drivers/mfd/maxim_serdes.o
  CC      net/mac80211/trace.o
  CC      drivers/dma-buf/dma-fence.o
  CC      fs/nls/nls_cp437.o
  CC [M]  drivers/nfc/s3fwrn5/i2c.o
  AR      drivers/tty/serial/built-in.a
  AR      drivers/tty/built-in.a
  CC      drivers/gpu/drm/drm_blend.o
  CC      fs/lockd/clntxdr.o
  CC      drivers/acpi/apei/hest.o
  CC [M]  net/dsa/master.o
  CC      drivers/base/topology.o
  CC [M]  net/nfc/netlink.o
  CC      drivers/gpu/imx/dpu/dpu-tcon.o
  CC      drivers/mfd/max96752-core.o
  CC      fs/nls/nls_iso8859-1.o
  CC [M]  net/can/bcm.o
  CC      kernel/bpf/queue_stack_maps.o
  CC      net/mac80211/mlme.o
  LD [M]  drivers/nfc/s3fwrn5/s3fwrn5.o
  LD [M]  drivers/nfc/s3fwrn5/s3fwrn5_i2c.o
  CC      drivers/acpi/apei/erst.o
  AR      fs/nls/built-in.a
  CC      drivers/base/container.o
  CC      drivers/gpu/imx/dpu/dpu-vscaler.o
  CC      drivers/dma-buf/dma-fence-array.o
  CC      drivers/mfd/max96752-i2c.o
  CC      drivers/gpu/drm/drm_encoder.o
  CC      fs/lockd/host.o
  CC      kernel/bpf/ringbuf.o
  CC [M]  net/qrtr/af_qrtr.o
  CC [M]  net/dsa/netlink.o
  CC      drivers/base/property.o
  CC [M]  net/qrtr/ns.o
  CC      fs/nfs/super.o
  CC      net/mac80211/tdls.o
  CC      drivers/dma-buf/dma-fence-chain.o
  CC      drivers/mfd/max96789-core.o
  CC [M]  net/can/gw.o
  AR      drivers/gpu/imx/dpu/built-in.a
  AR      drivers/gpu/imx/built-in.a
  CC      drivers/gpu/drm/drm_mode_object.o
  CC [M]  net/dsa/port.o
  CC      fs/jffs2/compr.o
  CC      kernel/bpf/bpf_local_storage.o
  CC      drivers/acpi/apei/bert.o
  CC      fs/lockd/svc.o
  CC [M]  net/nfc/af_nfc.o
  CC      drivers/dma-buf/dma-fence-unwrap.o
  CC      fs/jffs2/dir.o
  CC      drivers/acpi/apei/ghes.o
  CC      drivers/base/cacheinfo.o
  CC      drivers/mfd/max96789-i2c.o
  CC      drivers/acpi/apei/einj.o
  CC [M]  net/qrtr/smd.o
  CC      drivers/dma-buf/dma-resv.o
  CC      drivers/gpu/drm/drm_property.o
  CC      kernel/bpf/bpf_task_storage.o
  LD [M]  net/can/can.o
  LD [M]  net/can/can-raw.o
  LD [M]  net/can/can-bcm.o
  LD [M]  net/can/can-gw.o
  CC      fs/lockd/svclock.o
  CC      fs/nfs/io.o
  CC      fs/jffs2/file.o
  CC [M]  net/qrtr/tun.o
  CC      drivers/mfd/mt6397-core.o
  CC      drivers/acpi/dptf/int340x_thermal.o
  CC      drivers/base/swnode.o
  CC [M]  net/dsa/slave.o
  GZIP    kernel/config_data.gz
  CC [M]  net/nfc/rawsock.o
  CC      drivers/dma-buf/dma-heap.o
  CC      drivers/gpu/drm/drm_plane.o
  CC      fs/jffs2/ioctl.o
  CC      kernel/bpf/disasm.o
  CC      drivers/mfd/mt6397-irq.o
  LD [M]  net/qrtr/qrtr.o
  LD [M]  net/qrtr/qrtr-smd.o
  LD [M]  net/qrtr/qrtr-tun.o
  AR      drivers/acpi/apei/built-in.a
  CC      fs/nfs/direct.o
  CC      drivers/dma-buf/heaps/system_heap.o
  AR      drivers/acpi/dptf/built-in.a
  CC      fs/nfs/pagelist.o
  CC      fs/jffs2/nodelist.o
  CC      drivers/acpi/arm64/iort.o
  CC [M]  net/nfc/llcp_core.o
  CC      fs/lockd/svcshare.o
  CC      fs/ubifs/shrinker.o
  CC      kernel/configs.o
  CC      net/mac80211/ocb.o
  CC      kernel/bpf/trampoline.o
  CC      drivers/mfd/mt6358-irq.o
  CC      drivers/dma-buf/heaps/cma_heap.o
  CC      drivers/base/auxiliary.o
  CC      fs/jffs2/malloc.o
  CC      fs/autofs/init.o
  CC      fs/ubifs/journal.o
  CC      drivers/gpu/drm/drm_color_mgmt.o
  CC      drivers/scsi/scsi.o
  CC      fs/lockd/svcproc.o
  CC      drivers/mfd/adp5585.o
  CC      fs/autofs/inode.o
  CC      fs/jffs2/read.o
  CC      drivers/dma-buf/heaps/dsp_heap.o
  CC      net/mac80211/airtime.o
  CC      drivers/acpi/arm64/gtdt.o
  CC      drivers/base/devtmpfs.o
  CC      kernel/bpf/btf.o
  CC [M]  net/nfc/llcp_commands.o
  CC      drivers/mfd/rk808.o
  CC      drivers/scsi/hosts.o
  CC      fs/autofs/root.o
  AR      drivers/dma-buf/heaps/built-in.a
  CC      drivers/dma-buf/sync_file.o
  CC      fs/jffs2/nodemgmt.o
  CC      fs/lockd/svcsubs.o
  CC [M]  net/dsa/switch.o
  CC      fs/nfs/read.o
  CC      fs/ubifs/file.o
  CC      drivers/gpu/drm/drm_print.o
  CC      drivers/acpi/arm64/dma.o
  CC      drivers/base/power/sysfs.o
  CC      fs/nfs/symlink.o
  CC [M]  net/nfc/llcp_sock.o
  CC      fs/autofs/symlink.o
  CC      drivers/mfd/sec-core.o
  CC      fs/jffs2/readinode.o
  AR      drivers/acpi/arm64/built-in.a
  AR      drivers/acpi/built-in.a
  CC      drivers/gpu/drm/drm_dumb_buffers.o
  AR      drivers/dma-buf/built-in.a
  CC      drivers/scsi/scsi_ioctl.o
  CC      fs/autofs/waitq.o
  CC      net/mac80211/eht.o
  CC      drivers/base/power/generic_ops.o
  CC      fs/ubifs/dir.o
  CC [M]  net/nfc/nci/core.o
  CC      fs/jffs2/write.o
  CC      drivers/gpu/drm/drm_mode_config.o
  CC      drivers/mfd/sec-irq.o
  CC [M]  net/dsa/tag_8021q.o
  CC      fs/autofs/expire.o
  CC      fs/lockd/mon.o
  CC      drivers/nvme/host/core.o
  CC      drivers/base/power/common.o
  CC      fs/nfs/unlink.o
  CC      drivers/mfd/syscon.o
  CC      fs/jffs2/scan.o
  CC      fs/9p/vfs_super.o
  CC      fs/autofs/dev-ioctl.o
  CC      drivers/base/firmware_loader/fallback_table.o
  CC      drivers/scsi/scsicam.o
  CC      fs/ubifs/super.o
  CC      net/mac80211/led.o
  CC      drivers/gpu/drm/drm_vblank.o
  CC      fs/lockd/xdr.o
  CC      drivers/base/power/qos.o
  CC      drivers/mfd/vexpress-sysreg.o
  CC      fs/9p/vfs_inode.o
  AR      fs/autofs/built-in.a
  CC      drivers/gpu/drm/drm_syncobj.o
  CC      fs/jffs2/gc.o
  CC      fs/nfs/write.o
  CC [M]  net/dsa/tag_ocelot.o
  CC      drivers/base/firmware_loader/main.o
  CC      drivers/mfd/hi6421-pmic-core.o
  CC [M]  net/nfc/nci/data.o
  CC      drivers/scsi/scsi_error.o
  CC      fs/lockd/clnt4xdr.o
  CC      fs/ubifs/sb.o
  CC      drivers/mfd/rohm-bd718x7.o
  CC      net/mac80211/pm.o
  CC      fs/jffs2/symlink.o
  CC      fs/9p/vfs_inode_dotl.o
  CC      drivers/base/power/runtime.o
  CC      drivers/mfd/simple-mfd-i2c.o
  CC [M]  net/dsa/tag_ocelot_8021q.o
  CC      kernel/bpf/memalloc.o
  CC      fs/jffs2/build.o
  CC      drivers/gpu/drm/drm_lease.o
  CC      drivers/base/firmware_loader/fallback.o
  CC      drivers/scsi/scsi_lib.o
  CC      fs/ubifs/io.o
  CC      fs/lockd/xdr4.o
  CC [M]  drivers/mfd/wcd934x.o
  CC [M]  net/nfc/nci/lib.o
  CC [M]  net/dsa/tag_sja1105.o
  CC      fs/9p/vfs_addr.o
  CC      kernel/bpf/dispatcher.o
  CC      drivers/nvme/host/ioctl.o
  CC      drivers/base/firmware_loader/sysfs.o
  CC      fs/jffs2/erase.o
  CC      drivers/base/power/wakeirq.o
  CC      net/mac80211/rc80211_minstrel_ht.o
  CC      drivers/gpu/drm/drm_writeback.o
  CC [M]  drivers/mfd/wm8994-core.o
  CC      fs/nfs/namespace.o
  CC      drivers/nvme/host/pci.o
  CC      fs/ubifs/tnc.o
  CC      fs/lockd/svc4proc.o
  CC      drivers/base/firmware_loader/builtin/main.o
  CC [M]  net/nfc/nci/ntf.o
  CC      fs/jffs2/background.o
  CC      fs/9p/vfs_file.o
  CC      kernel/bpf/devmap.o
  LD [M]  net/nfc/nfc.o
  CC      fs/jffs2/fs.o
  CC      drivers/base/power/main.o
  LD [M]  net/dsa/dsa_core.o
  CC      drivers/base/node.o
  AR      drivers/base/firmware_loader/builtin/built-in.a
  CC [M]  drivers/mfd/wm8994-irq.o
  AR      drivers/base/firmware_loader/built-in.a
  CC      drivers/ata/libata-core.o
  CC      fs/nfs/mount_clnt.o
  CC      drivers/gpu/drm/drm_client.o
  CC      fs/lockd/procfs.o
  CC      fs/9p/vfs_dir.o
  CC      drivers/scsi/scsi_lib_dma.o
  CC [M]  net/nfc/nci/rsp.o
  CC      fs/jffs2/writev.o
  CC      drivers/ata/libata-scsi.o
  AR      net/mac80211/built-in.a
  CC      fs/ubifs/master.o
  CC      kernel/bpf/cpumap.o
  CC      drivers/base/power/wakeup.o
  CC      drivers/mtd/mtdcore.o
  AR      fs/lockd/built-in.a
  CC      fs/nfs/nfstrace.o
  CC      drivers/gpu/drm/drm_client_modeset.o
  CC      fs/9p/vfs_dentry.o
  AR      drivers/nvme/host/built-in.a
  AR      drivers/nvme/built-in.a
  CC      fs/jffs2/super.o
  CC [M]  drivers/mfd/wm8994-regmap.o
  CC [M]  net/nfc/nci/hci.o
  CC      drivers/base/power/wakeup_stats.o
  CC      fs/jffs2/debug.o
  CC      drivers/scsi/scsi_scan.o
  CC      fs/ubifs/scan.o
  CC      drivers/base/module.o
  CC      fs/9p/v9fs.o
  CC      drivers/ata/libata-eh.o
  CC      drivers/spi/spi.o
  CC      kernel/bpf/offload.o
  CC      fs/nfs/export.o
  CC      fs/jffs2/wbuf.o
  AR      drivers/mfd/built-in.a
  LD [M]  drivers/mfd/wm8994.o
  CC      fs/debugfs/inode.o
  CC      fs/debugfs/file.o
  CC      fs/ubifs/replay.o
  CC      drivers/base/power/domain.o
  CC      drivers/gpu/drm/drm_atomic_uapi.o
  CC      fs/9p/fid.o
  CC      drivers/mtd/mtdsuper.o
  LD [M]  net/nfc/nci/nci.o
  AR      net/built-in.a
  CC      fs/nfs/sysfs.o
  CC      drivers/ata/libata-transport.o
  CC      fs/jffs2/compr_rtime.o
  CC      fs/9p/xattr.o
  CC      fs/ubifs/log.o
  CC      drivers/gpu/drm/drm_managed.o
  CC      drivers/scsi/scsi_sysfs.o
  AR      fs/debugfs/built-in.a
  CC      drivers/base/hypervisor.o
  CC      fs/pstore/inode.o
  CC      drivers/base/regmap/regmap.o
  CC      fs/jffs2/compr_zlib.o
  CC      kernel/bpf/net_namespace.o
  CC      fs/nfs/fs_context.o
  AR      fs/9p/built-in.a
  CC      drivers/base/soc.o
  CC      drivers/mtd/mtdconcat.o
  CC      fs/nfs/nfsroot.o
  AR      fs/jffs2/built-in.a
  CC      drivers/spi/spi-mem.o
  CC      fs/pstore/platform.o
  CC      fs/ubifs/commit.o
  CC      drivers/spmi/spmi.o
  CC      drivers/gpu/drm/drm_vblank_work.o
  CC      kernel/bpf/stackmap.o
  CC      drivers/ata/libata-trace.o
  CC      drivers/base/power/domain_governor.o
  CC      fs/ubifs/gc.o
  CC      drivers/net/mii.o
  CC      drivers/base/regmap/regcache.o
  CC      drivers/scsi/scsi_devinfo.o
  CC      fs/ubifs/orphan.o
  AR      fs/pstore/built-in.a
  CC      drivers/scsi/scsi_sysctl.o
  CC      drivers/base/power/clock_ops.o
  AR      drivers/spmi/built-in.a
  CC      drivers/ata/libata-sata.o
  CC      drivers/net/loopback.o
  CC      kernel/bpf/cgroup_iter.o
  CC      drivers/mtd/mtdpart.o
  CC      drivers/base/pinctrl.o
  CC      drivers/spi/spidev.o
  CC      drivers/gpu/drm/drm_agpsupport.o
  CC      fs/ubifs/budget.o
  CC      fs/efivarfs/inode.o
  CC      fs/nfs/sysctl.o
  CC      drivers/spi/spi-cadence-quadspi.o
  CC      drivers/ata/libata-sff.o
  CC      drivers/base/regmap/regcache-rbtree.o
  CC      kernel/bpf/cgroup.o
  CC      fs/ubifs/find.o
  CC      drivers/gpu/drm/drm_bufs.o
  CC      fs/efivarfs/file.o
  AR      drivers/base/power/built-in.a
  CC      fs/nfs/nfs2super.o
  CC [M]  fs/fuse/dev.o
  CC      drivers/scsi/scsi_debugfs.o
  CC      drivers/mtd/mtdchar.o
  CC      drivers/base/devcoredump.o
  CC      drivers/net/phy/mdio-boardinfo.o
  CC      drivers/base/regmap/regcache-flat.o
  CC      drivers/net/mdio/acpi_mdio.o
  CC      drivers/net/mdio/fwnode_mdio.o
  CC      fs/efivarfs/super.o
  CC      drivers/net/mdio/of_mdio.o
  CC      fs/ubifs/tnc_commit.o
  CC      drivers/scsi/scsi_trace.o
  CC      drivers/spi/spi-fsl-dspi.o
  CC      drivers/base/regmap/regmap-debugfs.o
  CC      fs/nfs/proc.o
  CC      fs/efivarfs/vars.o
  CC      drivers/net/mdio/mdio-bitbang.o
  CC      drivers/net/phy/mdio_devres.o
  CC      drivers/scsi/scsi_logging.o
  CC      drivers/mtd/parsers/cmdlinepart.o
  CC      drivers/gpu/drm/drm_context.o
  CC      drivers/base/regmap/regmap-i2c.o
  CC      drivers/gpu/drm/drm_dma.o
  CC      fs/ubifs/compress.o
  CC      drivers/base/regmap/regmap-spi.o
  CC      drivers/spi/spi-fsl-lpspi.o
  CC      drivers/ata/libata-pmp.o
  AR      fs/efivarfs/built-in.a
  CC [M]  fs/overlayfs/super.o
  CC      drivers/spi/spi-fsl-qspi.o
  CC      drivers/mtd/parsers/ofpart_core.o
  CC      fs/nfs/nfs2xdr.o
  CC [M]  fs/fuse/dir.o
  CC [M]  fs/overlayfs/namei.o
  CC      drivers/gpu/drm/drm_hashtab.o
  CC      kernel/bpf/reuseport_array.o
  CC      fs/ubifs/lpt.o
  CC      drivers/net/mdio/mdio-cavium.o
  CC      drivers/net/phy/phylink.o
  AR      drivers/mtd/parsers/built-in.a
  CC      drivers/mtd/mtd_blkdevs.o
  CC      drivers/scsi/scsi_pm.o
  CC      drivers/base/platform-msi.o
  CC      drivers/uio/uio.o
  CC      drivers/spi/spi-imx.o
  CC      drivers/base/regmap/regmap-mmio.o
  CC      drivers/gpu/drm/drm_irq.o
  CC      drivers/uio/uio_pci_generic.o
  CC [M]  fs/overlayfs/util.o
  CC      fs/nfs/nfs3super.o
  CC      kernel/bpf/bpf_struct_ops.o
  CC [M]  fs/fuse/file.o
  CC      drivers/net/mdio/mdio-thunder.o
  CC      drivers/ata/libata-acpi.o
  CC      drivers/uio/uio_ivshmem.o
  CC      fs/ubifs/lprops.o
  CC      drivers/scsi/scsi_bsg.o
  CC      drivers/base/regmap/regmap-irq.o
  CC      drivers/gpu/drm/drm_legacy_misc.o
  CC      drivers/spi/spi-nxp-fspi.o
  CC [M]  fs/btrfs/super.o
  CC      drivers/mtd/mtdblock.o
  CC [M]  fs/overlayfs/inode.o
  CC      drivers/net/pcs/pcs-xpcs.o
  CC      fs/nfs/nfs3client.o
  AR      drivers/uio/built-in.a
  CC      drivers/net/mdio/mdio-mux.o
  CC      fs/nfs/nfs3proc.o
  CC      drivers/gpu/drm/drm_lock.o
  CC      kernel/bpf/relo_core.o
  CC      drivers/scsi/scsi_common.o
  CC      drivers/mtd/chips/chipreg.o
  CC      fs/ubifs/recovery.o
  CC      drivers/net/phy/phy.o
  CC      drivers/spi/spi-pl022.o
  CC      drivers/ata/libata-pata-timings.o
  CC [M]  fs/overlayfs/file.o
  CC      drivers/base/regmap/regmap-i3c.o
  CC      drivers/scsi/scsi_transport_sas.o
  CC      drivers/net/mdio/mdio-mux-mmioreg.o
  CC      drivers/mtd/chips/cfi_probe.o
  CC [M]  fs/btrfs/ctree.o
  CC      fs/ubifs/ioctl.o
  CC      drivers/gpu/drm/drm_memory.o
  CC      drivers/net/pcs/pcs-xpcs-nxp.o
  CC      drivers/vfio/vfio_main.o
  CC      fs/nfs/nfs3xdr.o
  AR      kernel/bpf/built-in.a
  AR      kernel/built-in.a
  CC      fs/nfs/nfs4proc.o
  CC [M]  fs/fuse/inode.o
  CC [M]  fs/overlayfs/dir.o
  CC      drivers/mtd/chips/cfi_util.o
  CC      drivers/net/mdio/mdio-mux-multiplexer.o
  CC      drivers/spi/spi-rockchip.o
  CC      fs/ubifs/lpt_commit.o
  CC      drivers/net/pcs/pcs-lynx.o
  CC      drivers/ata/ahci.o
  CC [M]  drivers/base/regmap/regmap-slimbus.o
  CC      drivers/gpu/drm/drm_scatter.o
  CC [M]  drivers/net/mdio/mdio-bcm-unimac.o
  CC      drivers/net/phy/phy-c45.o
  CC [M]  fs/overlayfs/readdir.o
  CC      drivers/spi/spi-slave-time.o
  CC      drivers/mtd/chips/cfi_cmdset_0020.o
  CC      drivers/base/arch_topology.o
  CC      drivers/gpu/drm/drm_vm.o
  CC [M]  drivers/base/regmap/regmap-spmi.o
  CC      drivers/vfio/iova_bitmap.o
  CC      drivers/scsi/libsas/sas_init.o
  CC      drivers/ata/libahci.o
  AR      drivers/net/mdio/built-in.a
  CC      drivers/vfio/container.o
  CC      drivers/spi/spi-slave-system-control.o
  AR      drivers/net/pcs/built-in.a
  CC [M]  drivers/base/regmap/regmap-sdw.o
  CC      fs/ubifs/tnc_misc.o
  CC [M]  fs/fuse/control.o
  CC [M]  fs/overlayfs/copy_up.o
  CC      drivers/mtd/chips/cfi_cmdset_0002.o
  CC      drivers/net/phy/phy-core.o
  CC      drivers/base/arch_numa.o
  CC [M]  fs/btrfs/extent-tree.o
  CC      drivers/gpu/drm/drm_ioc32.o
  CC [M]  drivers/spi/spi-dw-core.o
  CC [M]  fs/fuse/xattr.o
  CC      fs/ubifs/debug.o
  AR      drivers/base/regmap/built-in.a
  CC      drivers/vfio/virqfd.o
  CC      fs/nfs/nfs4xdr.o
  CC      drivers/scsi/megaraid/megaraid_sas_base.o
  CC      drivers/mtd/maps/physmap-core.o
  CC [M]  fs/overlayfs/export.o
  CC      drivers/scsi/libsas/sas_phy.o
  CC [M]  fs/fuse/acl.o
  AR      drivers/mtd/maps/built-in.a
  CC      drivers/vfio/vfio_iommu_type1.o
  CC      drivers/base/physical_location.o
  LD [M]  fs/overlayfs/overlay.o
  CC      drivers/mtd/chips/cfi_cmdset_0001.o
  CC      drivers/net/tun.o
  CC      drivers/net/phy/phy_device.o
  CC      drivers/gpu/drm/drm_panel.o
  CC      drivers/scsi/libsas/sas_port.o
  CC      drivers/ata/ahci_platform.o
  CC [M]  drivers/spi/spi-dw-dma.o
  CC [M]  fs/fuse/readdir.o
  AR      drivers/base/built-in.a
  CC      fs/ubifs/misc.o
  CC      fs/nfs/nfs4state.o
  CC      drivers/scsi/sd.o
  CC      drivers/scsi/libsas/sas_event.o
  CC      drivers/ata/libahci_platform.o
  CC      fs/ubifs/sysfs.o
  CC [M]  fs/fuse/ioctl.o
  CC      drivers/gpu/drm/drm_of.o
  CC [M]  drivers/spi/spi-dw-mmio.o
  CC [M]  fs/btrfs/print-tree.o
  CC      drivers/mtd/chips/gen_probe.o
  CC      drivers/net/phy/linkmode.o
  CC      drivers/vfio/pci/vfio_pci_core.o
  CC      fs/ubifs/xattr.o
  CC      drivers/vfio/fsl-mc/vfio_fsl_mc.o
  CC      drivers/scsi/megaraid/megaraid_sas_fusion.o
  AR      drivers/spi/built-in.a
  LD [M]  drivers/spi/spi-dw.o
  CC      drivers/net/phy/mdio_bus.o
  CC [M]  fs/fuse/cuse.o
  CC      drivers/gpu/drm/drm_pci.o
  CC      drivers/scsi/libsas/sas_discover.o
  CC [M]  fs/btrfs/root-tree.o
  AR      drivers/mtd/chips/built-in.a
  CC      drivers/mtd/devices/mtd_dataflash.o
  CC      drivers/scsi/megaraid/megaraid_sas_fp.o
  CC      drivers/vfio/pci/vfio_pci_intrs.o
  AR      fs/ubifs/built-in.a
  CC      drivers/net/virtio_net.o
  CC      drivers/ata/sata_sil24.o
  CC      drivers/vfio/fsl-mc/vfio_fsl_mc_intr.o
  LD [M]  fs/fuse/fuse.o
  CC [M]  drivers/net/dsa/ocelot/felix.o
  CC      drivers/mtd/devices/sst25l.o
  CC      fs/nfs/nfs4renewd.o
  CC      drivers/mtd/nand/core.o
  CC [M]  fs/btrfs/dir-item.o
  CC      drivers/gpu/drm/drm_debugfs.o
  CC      drivers/ata/ahci_ceva.o
  CC      drivers/scsi/libsas/sas_expander.o
  CC      drivers/vfio/pci/vfio_pci_rdwr.o
  CC      drivers/scsi/megaraid/megaraid_sas_debugfs.o
  AR      drivers/vfio/fsl-mc/built-in.a
  CC [M]  drivers/net/dsa/ocelot/felix_vsc9959.o
  CC      drivers/mtd/nand/bbt.o
  CC      drivers/net/phy/mdio_device.o
  CC [M]  fs/btrfs/file-item.o
  AR      drivers/mtd/devices/built-in.a
  CC      drivers/scsi/sd_dif.o
  CC      fs/nfs/nfs4super.o
  CC      drivers/usb/common/common.o
  CC      drivers/scsi/libsas/sas_scsi_host.o
  CC      drivers/ata/ahci_imx.o
  CC      drivers/net/ethernet/amd/xgbe/xgbe-main.o
  CC      drivers/vfio/pci/vfio_pci_config.o
  AR      drivers/scsi/megaraid/built-in.a
  CC [M]  drivers/net/dsa/sja1105/sja1105_spi.o
  CC      drivers/mtd/nand/ecc.o
  CC      drivers/gpu/drm/drm_debugfs_crc.o
  CC      drivers/input/serio/serio.o
  CC      fs/nfs/nfs4file.o
  CC      drivers/net/phy/swphy.o
  CC      drivers/net/ethernet/amd/xgbe/xgbe-drv.o
  CC      drivers/gpu/drm/drm_nomodeset.o
  CC      drivers/usb/core/usb.o
  CC [M]  fs/btrfs/inode-item.o
  LD [M]  drivers/net/dsa/ocelot/mscc_felix.o
  CC      drivers/usb/phy/phy.o
  CC      drivers/ata/ahci_xgene.o
  CC      drivers/usb/common/usb-conn-gpio.o
  CC      drivers/vfio/pci/vfio_pci.o
  CC      drivers/mtd/nand/ecc-sw-hamming.o
  CC      drivers/ata/ahci_qoriq.o
  CC [M]  drivers/net/dsa/sja1105/sja1105_main.o
  CC      drivers/mtd/spi-nor/core.o
  CC      drivers/input/serio/ambakmi.o
  CC      drivers/gpu/drm/drm_panel_orientation_quirks.o
  CC      fs/nfs/delegation.o
  CC      drivers/scsi/libsas/sas_task.o
  AR      drivers/vfio/pci/built-in.a
  AR      drivers/vfio/built-in.a
  CC      drivers/mtd/ubi/vtbl.o
  CC      drivers/usb/common/ulpi.o
  CC      drivers/net/phy/aquantia_main.o
  CC [M]  fs/btrfs/disk-io.o
  CC      drivers/scsi/hisi_sas/hisi_sas_main.o
  CC      drivers/usb/phy/of.o
  CC      drivers/ata/pata_platform.o
  CC      drivers/mtd/nand/raw/nand_base.o
  CC      drivers/input/serio/libps2.o
  CC      drivers/usb/core/hub.o
  CC      drivers/gpu/drm/drm_gem_dma_helper.o
  CC      drivers/mtd/ubi/vmt.o
  CC      drivers/net/ethernet/amd/xgbe/xgbe-dev.o
  CC      drivers/net/phy/aquantia_hwmon.o
  AR      drivers/usb/common/built-in.a
  CC      drivers/mtd/nand/spi/core.o
  CC      drivers/scsi/libsas/sas_ata.o
  AR      drivers/input/serio/built-in.a
  CC      fs/nfs/nfs4idmap.o
  CC      drivers/usb/phy/phy-generic.o
  CC      drivers/mtd/spi-nor/sfdp.o
  CC [M]  drivers/net/dsa/sja1105/sja1105_mdio.o
  CC      drivers/mtd/ubi/upd.o
  CC      drivers/net/phy/at803x.o
  CC      drivers/ata/pata_of_platform.o
  CC      drivers/gpu/drm/drm_fb_dma_helper.o
  CC      drivers/net/wireless/intersil/hostap/hostap_80211_rx.o
  CC      drivers/mtd/nand/spi/ato.o
  CC      drivers/mtd/ubi/build.o
  AR      drivers/ata/built-in.a
  CC [M]  fs/btrfs/transaction.o
  CC      drivers/mtd/spi-nor/swp.o
  CC      drivers/scsi/hisi_sas/hisi_sas_v1_hw.o
  CC      drivers/usb/phy/phy-mxs-usb.o
  CC [M]  drivers/net/dsa/sja1105/sja1105_flower.o
  CC      drivers/gpu/drm/drm_bridge_connector.o
  CC      drivers/net/wireless/intersil/hostap/hostap_80211_tx.o
  CC      drivers/mtd/nand/spi/gigadevice.o
  CC      drivers/scsi/libsas/sas_host_smp.o
  CC      drivers/net/phy/fixed_phy.o
  CC      drivers/net/ethernet/amd/xgbe/xgbe-desc.o
  CC      drivers/mtd/spi-nor/otp.o
  CC      drivers/mtd/ubi/cdev.o
  CC      fs/nfs/callback.o
  CC      drivers/mtd/nand/raw/nand_legacy.o
  CC      drivers/mtd/nand/spi/macronix.o
  CC      drivers/usb/phy/phy-ulpi.o
  CC      drivers/usb/core/hcd.o
  CC      drivers/scsi/hisi_sas/hisi_sas_v2_hw.o
  CC      drivers/gpu/drm/drm_crtc_helper.o
  CC      drivers/usb/phy/phy-ulpi-viewport.o
  CC      drivers/mtd/spi-nor/sysfs.o
  CC [M]  drivers/net/dsa/sja1105/sja1105_ethtool.o
  CC      drivers/net/ethernet/amd/xgbe/xgbe-ethtool.o
  CC [M]  fs/btrfs/inode.o
  CC      drivers/mtd/nand/spi/micron.o
  CC      drivers/mtd/ubi/kapi.o
  CC      drivers/net/wireless/intersil/hostap/hostap_ap.o
  AR      drivers/scsi/libsas/built-in.a
  CC      fs/nfs/callback_xdr.o
  CC      drivers/net/phy/micrel.o
  CC      drivers/mtd/nand/raw/nand_bbt.o
  CC      drivers/usb/dwc3/core.o
  CC      drivers/mtd/spi-nor/atmel.o
  CC      drivers/mtd/nand/spi/paragon.o
  CC      drivers/mtd/nand/spi/toshiba.o
  CC      drivers/net/ethernet/amd/xgbe/xgbe-mdio.o
  CC [M]  drivers/net/dsa/sja1105/sja1105_devlink.o
  AR      drivers/usb/phy/built-in.a
  CC      drivers/net/phy/mscc/mscc_main.o
  CC      drivers/mtd/spi-nor/catalyst.o
  CC      drivers/mtd/ubi/eba.o
  CC      drivers/gpu/drm/drm_encoder_slave.o
  CC      drivers/scsi/hisi_sas/hisi_sas_v3_hw.o
  CC      drivers/mtd/nand/raw/nand_timings.o
  CC      drivers/mtd/nand/spi/winbond.o
  CC      fs/nfs/callback_proc.o
  CC      drivers/net/xen-netfront.o
  CC      drivers/mtd/spi-nor/eon.o
  CC      drivers/usb/core/urb.o
  CC      drivers/net/usb/r8152.o
  CC      drivers/usb/dwc3/host.o
  CC      drivers/mtd/nand/raw/nand_ids.o
  CC [M]  drivers/net/dsa/sja1105/sja1105_clocking.o
  CC      drivers/net/ethernet/amd/xgbe/xgbe-ptp.o
  CC      drivers/mtd/nand/spi/xtx.o
  CC      drivers/net/phy/mscc/mscc_serdes.o
  CC      drivers/mtd/ubi/io.o
  CC      drivers/mtd/spi-nor/esmt.o
  CC      drivers/mtd/nand/raw/nand_onfi.o
  CC      drivers/gpu/drm/drm_flip_work.o
  CC      drivers/net/wireless/intersil/hostap/hostap_info.o
  CC      drivers/usb/dwc3/gadget.o
  AR      drivers/mtd/nand/spi/built-in.a
  CC      drivers/usb/dwc2/core.o
  CC      fs/nfs/nfs4namespace.o
  CC      drivers/net/ethernet/amd/xgbe/xgbe-i2c.o
  CC      drivers/mtd/spi-nor/everspin.o
  CC      drivers/usb/core/message.o
  CC      drivers/mtd/nand/raw/nand_jedec.o
  CC [M]  drivers/net/dsa/sja1105/sja1105_dynamic_config.o
  AR      drivers/net/phy/mscc/built-in.a
  CC      drivers/net/phy/nxp-c45-tja11xx.o
  CC      drivers/mtd/ubi/wl.o
  CC      drivers/mtd/nand/raw/nand_amd.o
  CC      drivers/mtd/spi-nor/fujitsu.o
  CC      drivers/gpu/drm/drm_probe_helper.o
  AR      drivers/scsi/hisi_sas/built-in.a
  CC [M]  drivers/scsi/raid_class.o
  CC      drivers/net/ethernet/amd/xgbe/xgbe-phy-v1.o
  CC      drivers/net/wireless/intersil/hostap/hostap_ioctl.o
  CC      drivers/usb/dwc2/core_intr.o
  CC      fs/nfs/nfs4getroot.o
  CC      drivers/mtd/nand/raw/nand_esmt.o
  CC      drivers/net/phy/nxp-tja11xx.o
  CC [M]  drivers/net/dsa/sja1105/sja1105_ptp.o
  CC      drivers/mtd/spi-nor/gigadevice.o
  CC [M]  fs/btrfs/file.o
  CC      drivers/mtd/ubi/attach.o
  CC      drivers/mtd/nand/raw/nand_hynix.o
  CC      drivers/usb/dwc3/ep0.o
  CC      drivers/net/ethernet/amd/xgbe/xgbe-phy-v2.o
  CC      drivers/mtd/spi-nor/intel.o
  CC      fs/nfs/nfs4client.o
  CC      drivers/gpu/drm/drm_plane_helper.o
  CC      drivers/usb/core/driver.o
  CC [M]  drivers/scsi/mpt3sas/mpt3sas_base.o
  CC      drivers/usb/dwc2/platform.o
  CC      drivers/net/phy/realtek.o
  CC      drivers/input/input.o
  CC      drivers/mtd/nand/raw/nand_macronix.o
  CC [M]  drivers/net/dsa/sja1105/sja1105_tas.o
  CC      drivers/mtd/spi-nor/issi.o
  CC      drivers/mtd/ubi/misc.o
  CC      drivers/net/wireless/intersil/hostap/hostap_main.o
  CC      drivers/usb/dwc3/drd.o
  CC      drivers/mtd/nand/raw/nand_micron.o
  CC      drivers/net/phy/rockchip.o
  CC      drivers/usb/dwc2/drd.o
  CC      drivers/mtd/ubi/debug.o
  CC      drivers/mtd/spi-nor/macronix.o
  CC      drivers/gpu/drm/drm_atomic_helper.o
  CC      drivers/net/ethernet/amd/xgbe/xgbe-platform.o
  CC      drivers/usb/dwc3/debugfs.o
  CC      drivers/usb/core/config.o
  CC      drivers/mtd/nand/raw/nand_samsung.o
  CC [M]  fs/btrfs/tree-defrag.o
  CC [M]  drivers/net/dsa/sja1105/sja1105_vl.o
  CC      drivers/net/phy/vitesse.o
  CC      drivers/mtd/spi-nor/micron-st.o
  CC      drivers/usb/dwc2/params.o
  CC      fs/nfs/nfs4session.o
  AR      drivers/mtd/ubi/built-in.a
  CC      drivers/net/wireless/intersil/hostap/hostap_proc.o
  CC      drivers/input/input-compat.o
  CC      drivers/mtd/nand/raw/nand_toshiba.o
  CC      drivers/usb/core/file.o
  CC      drivers/net/usb/usbnet.o
  CC      drivers/net/ethernet/amd/xgbe/xgbe-pci.o
  CC      drivers/mtd/spi-nor/spansion.o
  CC [M]  fs/btrfs/extent_map.o
  CC      drivers/usb/dwc3/dwc3-pci.o
  CC [M]  drivers/net/phy/ax88796b.o
  CC      drivers/usb/isp1760/isp1760-core.o
  CC      drivers/mtd/nand/raw/denali.o
  CC      drivers/usb/dwc2/hcd.o
  CC      drivers/input/input-mt.o
  LD [M]  drivers/net/dsa/sja1105/sja1105.o
  CC      drivers/usb/core/buffer.o
  CC      drivers/mtd/spi-nor/sst.o
  CC      drivers/net/ethernet/amd/xgbe/xgbe-debugfs.o
  CC [M]  drivers/scsi/mpt3sas/mpt3sas_config.o
  AR      drivers/net/wireless/intersil/hostap/built-in.a
  CC      drivers/usb/dwc3/dwc3-haps.o
  CC [M]  drivers/net/phy/bcm54140.o
  AR      drivers/net/wireless/intersil/built-in.a
  CC      drivers/usb/isp1760/isp1760-if.o
  CC      drivers/net/wireless/ti/wilink_platform_data.o
  CC      drivers/gpu/drm/drm_kms_helper_common.o
  CC      drivers/rtc/lib.o
  CC      drivers/usb/core/sysfs.o
  CC [M]  fs/btrfs/sysfs.o
  CC      fs/nfs/dns_resolve.o
  CC      drivers/input/input-poller.o
  CC      drivers/usb/dwc3/dwc3-of-simple.o
  CC      drivers/mtd/spi-nor/winbond.o
  CC      drivers/gpu/drm/drm_simple_kms_helper.o
  CC      drivers/usb/isp1760/isp1760-hcd.o
  CC [M]  drivers/net/phy/bcm7xxx.o
  AR      drivers/net/ethernet/amd/xgbe/built-in.a
  CC [M]  drivers/net/wireless/ti/wlcore/main.o
  AR      drivers/net/ethernet/amd/built-in.a
  CC [M]  drivers/net/ethernet/atheros/atl1c/atl1c_main.o
  CC [M]  drivers/net/usb/pegasus.o
  CC      drivers/mtd/nand/raw/denali_dt.o
  CC      drivers/rtc/class.o
  CC      drivers/usb/dwc3/dwc3-imx8mp.o
  CC      drivers/mtd/spi-nor/xilinx.o
  CC      drivers/usb/core/endpoint.o
  CC      fs/nfs/nfs4trace.o
  CC [M]  drivers/scsi/mpt3sas/mpt3sas_scsih.o
  CC      drivers/input/ff-core.o
  CC      drivers/mtd/nand/raw/gpmi-nand/gpmi-nand.o
  CC [M]  drivers/net/phy/bcm-phy-lib.o
  CC      drivers/gpu/drm/drm_modeset_helper.o
  CC [M]  fs/btrfs/struct-funcs.o
  CC      drivers/mtd/spi-nor/xmc.o
  CC      drivers/usb/core/devio.o
  CC      drivers/rtc/interface.o
  AR      drivers/usb/dwc3/built-in.a
  CC      drivers/input/touchscreen.o
  CC      drivers/usb/dwc2/hcd_intr.o
  CC [M]  drivers/net/usb/rtl8150.o
  CC      drivers/usb/isp1760/isp1760-udc.o
  CC      drivers/mtd/spi-nor/debugfs.o
  CC      fs/nfs/nfs4sysctl.o
  CC [M]  drivers/net/phy/broadcom.o
  CC [M]  fs/btrfs/xattr.o
  CC      drivers/input/ff-memless.o
  CC [M]  drivers/net/ethernet/atheros/atl1c/atl1c_hw.o
  AR      drivers/mtd/spi-nor/built-in.a
  CC [M]  drivers/net/wireless/ti/wlcore/cmd.o
  CC      drivers/gpu/drm/drm_gem_atomic_helper.o
  AR      drivers/mtd/nand/raw/gpmi-nand/built-in.a
  AR      drivers/mtd/nand/raw/built-in.a
  AR      drivers/mtd/nand/built-in.a
  AR      drivers/mtd/built-in.a
  CC      drivers/gpu/drm/drm_gem_framebuffer_helper.o
  CC      drivers/rtc/nvmem.o
  AR      drivers/usb/isp1760/built-in.a
  CC      fs/nfs/pnfs.o
  CC      drivers/net/net_failover.o
  CC [M]  drivers/scsi/mpt3sas/mpt3sas_transport.o
  CC [M]  drivers/net/usb/lan78xx.o
  CC [M]  drivers/net/phy/marvell10g.o
  CC      drivers/usb/dwc2/hcd_queue.o
  CC [M]  fs/btrfs/ordered-data.o
  CC      drivers/input/matrix-keymap.o
  CC      drivers/rtc/dev.o
  CC      drivers/usb/core/notify.o
  CC      drivers/net/ivshmem-net.o
  CC [M]  drivers/net/ethernet/atheros/atl1c/atl1c_ethtool.o
  CC [M]  drivers/net/phy/marvell.o
  CC      drivers/usb/dwc2/hcd_ddma.o
  CC [M]  drivers/net/macvlan.o
  CC      drivers/gpu/drm/drm_atomic_state_helper.o
  CC      drivers/usb/core/generic.o
  CC      drivers/input/vivaldi-fmap.o
  CC      drivers/rtc/proc.o
  CC [M]  drivers/net/wireless/ti/wlcore/io.o
  CC [M]  fs/btrfs/extent_io.o
  CC [M]  drivers/net/phy/microchip.o
  CC      drivers/net/ethernet/cadence/macb_main.o
  CC      drivers/net/ethernet/cadence/macb_ptp.o
  CC      drivers/rtc/sysfs.o
  LD [M]  drivers/net/ethernet/atheros/atl1c/atl1c.o
  CC [M]  drivers/net/usb/asix_devices.o
  CC      drivers/input/input-leds.o
  CC      drivers/usb/dwc2/gadget.o
  CC      drivers/usb/core/quirks.o
  CC      drivers/gpu/drm/drm_damage_helper.o
  CC      fs/nfs/pnfs_dev.o
  CC      drivers/usb/core/devices.o
  CC [M]  drivers/net/phy/smsc.o
  CC      drivers/input/evdev.o
  CC [M]  drivers/scsi/mpt3sas/mpt3sas_ctl.o
  CC [M]  drivers/net/wireless/ti/wlcore/event.o
  CC      drivers/rtc/rtc-bbnsm.o
  CC      drivers/i3c/device.o
  CC      drivers/i2c/i2c-boardinfo.o
  CC [M]  drivers/net/wireless/ti/wl18xx/main.o
  CC [M]  drivers/net/usb/asix_common.o
  CC      drivers/usb/core/phy.o
  AR      drivers/net/phy/built-in.a
  CC [M]  drivers/net/wireless/ti/wl18xx/acx.o
  CC      drivers/gpu/drm/drm_format_helper.o
  CC      drivers/rtc/rtc-cros-ec.o
  CC [M]  drivers/net/ethernet/broadcom/bcmsysport.o
  CC      drivers/input/keyboard/atkbd.o
  CC      drivers/rtc/rtc-ds3232.o
  CC      drivers/i2c/i2c-core-base.o
  CC      drivers/i3c/master.o
  CC [M]  drivers/net/usb/ax88172a.o
  CC [M]  drivers/scsi/mpt3sas/mpt3sas_trigger_diag.o
  CC      fs/nfs/pnfs_nfs.o
  CC [M]  drivers/net/wireless/ti/wl18xx/tx.o
  CC [M]  drivers/net/wireless/ti/wlcore/tx.o
  CC      drivers/usb/core/port.o
  CC [M]  fs/btrfs/volumes.o
  CC      drivers/gpu/drm/drm_self_refresh_helper.o
  AR      drivers/net/ethernet/cadence/built-in.a
  CC      drivers/usb/dwc2/debugfs.o
  CC      drivers/usb/cdns3/core.o
  CC      drivers/input/keyboard/cros_ec_keyb.o
  CC      drivers/media/i2c/ov5640.o
  CC      drivers/rtc/rtc-efi.o
  CC [M]  drivers/scsi/mpt3sas/mpt3sas_warpdrive.o
  CC [M]  drivers/net/usb/ax88179_178a.o
  CC [M]  drivers/net/wireless/ti/wl18xx/io.o
  CC      drivers/usb/core/of.o
  CC [M]  drivers/net/ethernet/broadcom/genet/bcmgenet.o
  AR      drivers/usb/dwc2/built-in.a
  CC      drivers/usb/cdns3/drd.o
  CC      drivers/rtc/rtc-imx-sc.o
  CC      drivers/gpu/drm/drm_rect.o
  CC      drivers/input/keyboard/gpio_keys.o
  CC [M]  drivers/scsi/mpt3sas/mpt3sas_debugfs.o
  CC [M]  drivers/net/wireless/ti/wlcore/rx.o
  CC [M]  drivers/net/wireless/ti/wl18xx/debugfs.o
  CC      drivers/i2c/i2c-core-smbus.o
  CC      drivers/i3c/master/svc-i3c-master.o
  CC      fs/nfs/nfs42proc.o
  CC      drivers/rtc/rtc-imx-rpmsg.o
  CC      drivers/media/i2c/mt9m114.o
  CC [M]  drivers/net/usb/cdc_ether.o
  CC [M]  drivers/net/macvtap.o
  CC      drivers/gpu/drm/bridge/panel.o
  CC      drivers/usb/core/hcd-pci.o
  CC      drivers/input/keyboard/imx_sc_key.o
  LD [M]  drivers/scsi/mpt3sas/mpt3sas.o
  AR      drivers/scsi/built-in.a
  CC      drivers/input/mouse/psmouse-base.o
  CC      drivers/usb/cdns3/host.o
  CC      drivers/rtc/rtc-max77686.o
  CC [M]  drivers/net/wireless/ti/wlcore/ps.o
  CC      drivers/input/keyboard/rpmsg-keys.o
  CC      drivers/media/i2c/ap1302.o
  CC      drivers/input/mouse/synaptics.o
  CC      drivers/gpu/drm/drm_fb_helper.o
  CC [M]  drivers/net/wireless/ti/wl18xx/scan.o
  CC      drivers/usb/cdns3/cdns3-plat.o
  CC      drivers/usb/core/usb-acpi.o
  AR      drivers/i3c/master/built-in.a
  AR      drivers/i3c/built-in.a
  CC [M]  drivers/net/usb/dm9601.o
  CC      drivers/i2c/i2c-core-acpi.o
  CC      drivers/input/keyboard/snvs_pwrkey.o
  CC      drivers/usb/host/pci-quirks.o
  CC      drivers/rtc/rtc-pl031.o
  CC      drivers/i2c/i2c-core-slave.o
  CC [M]  drivers/net/wireless/ti/wlcore/acx.o
  CC [M]  drivers/net/ethernet/broadcom/genet/bcmmii.o
  CC [M]  drivers/media/i2c/imx219.o
  CC [M]  fs/btrfs/async-thread.o
  CC      drivers/usb/cdns3/cdns3-gadget.o
  CC      drivers/input/keyboard/bbnsm_pwrkey.o
  CC [M]  drivers/net/wireless/ti/wl18xx/cmd.o
  CC      fs/nfs/nfs42xattr.o
  CC      drivers/rtc/rtc-s5m.o
  CC      drivers/input/mouse/focaltech.o
  CC [M]  drivers/net/usb/sr9800.o
  AR      drivers/usb/core/built-in.a
  CC [M]  drivers/net/ethernet/broadcom/bnx2x/bnx2x_main.o
  CC [M]  drivers/net/ethernet/broadcom/genet/bcmgenet_wol.o
  CC [M]  drivers/input/keyboard/adc-keys.o
  CC      drivers/usb/host/ehci-hcd.o
  CC [M]  drivers/media/tuners/e4000.o
  CC [M]  fs/btrfs/ioctl.o
  CC      drivers/i2c/i2c-core-of.o
  CC      drivers/input/mouse/alps.o
  CC [M]  drivers/net/wireless/ti/wl18xx/event.o
  CC [M]  drivers/media/i2c/ir-kbd-i2c.o
  CC      drivers/rtc/rtc-snvs.o
  AR      drivers/input/keyboard/built-in.a
  CC      drivers/gpu/drm/drm_mipi_dsi.o
  CC [M]  drivers/net/usb/smsc75xx.o
  CC [M]  drivers/net/wireless/ti/wlcore/boot.o
  CC      fs/nfs/filelayout/filelayout.o
  LD [M]  drivers/net/ethernet/broadcom/genet/genet.o
  CC [M]  drivers/media/dvb-frontends/a8293.o
  CC      drivers/i2c/i2c-dev.o
  CC [M]  drivers/media/tuners/fc0011.o
  CC      drivers/usb/cdns3/cdns3-ep0.o
  CC [M]  drivers/rtc/rtc-ds1307.o
  LD [M]  drivers/net/wireless/ti/wl18xx/wl18xx.o
  CC [M]  drivers/media/dvb-frontends/af9013.o
  CC [M]  drivers/media/i2c/ov5645.o
  CC      drivers/net/ethernet/cavium/thunder/thunder_xcv.o
  CC [M]  drivers/net/ethernet/broadcom/bnx2x/bnx2x_link.o
  CC      drivers/input/mouse/byd.o
  CC [M]  drivers/gpu/drm/arm/malidp_drv.o
  CC      drivers/i2c/i2c-mux.o
  CC      drivers/usb/cdns3/cdns3-pci-wrap.o
  CC      fs/nfs/filelayout/filelayoutdev.o
  CC [M]  drivers/net/usb/smsc95xx.o
  CC [M]  drivers/net/wireless/ti/wlcore/init.o
  CC [M]  drivers/rtc/rtc-fsl-ftm-alarm.o
  CC      drivers/input/mouse/logips2pp.o
  AR      drivers/media/i2c/built-in.a
  CC [M]  drivers/media/dvb-frontends/af9033.o
  CC [M]  drivers/gpu/drm/arm/malidp_hw.o
  CC [M]  drivers/media/tuners/fc0012.o
  CC      drivers/usb/cdns3/cdns3-imx.o
  CC      drivers/net/ethernet/cavium/thunder/thunder_bgx.o
  CC      drivers/pps/pps.o
  CC      drivers/input/mouse/trackpoint.o
  CC [M]  drivers/rtc/rtc-hym8563.o
  AR      fs/nfs/filelayout/built-in.a
  CC      fs/nfs/flexfilelayout/flexfilelayout.o
  CC [M]  fs/btrfs/locking.o
  CC [M]  drivers/net/wireless/ti/wlcore/debugfs.o
  CC      drivers/i2c/algos/i2c-algo-bit.o
  AR      drivers/usb/cdns3/built-in.a
  CC      drivers/input/touchscreen/vtl/vtl_ts.o
  CC [M]  drivers/media/dvb-frontends/ascot2e.o
  CC [M]  drivers/gpu/drm/arm/malidp_planes.o
  CC [M]  drivers/net/usb/net1080.o
  CC      drivers/usb/host/ehci-pci.o
  CC      drivers/input/mouse/cypress_ps2.o
  CC [M]  drivers/media/tuners/fc0013.o
  CC [M]  drivers/rtc/rtc-m41t80.o
  CC      drivers/pps/kapi.o
  CC [M]  fs/btrfs/orphan.o
  AR      drivers/input/touchscreen/vtl/built-in.a
  CC [M]  drivers/input/touchscreen/synaptics_dsx/synaptics_dsx_i2c.o
  CC [M]  drivers/net/usb/plusb.o
  CC      drivers/usb/host/ehci-platform.o
  CC      drivers/input/mouse/psmouse-smbus.o
  CC [M]  drivers/gpu/drm/arm/malidp_crtc.o
  AR      drivers/i2c/algos/built-in.a
  CC      drivers/i2c/busses/i2c-designware-common.o
  CC      drivers/pps/sysfs.o
  CC [M]  drivers/rtc/rtc-pcf2131.o
  CC      drivers/net/ethernet/cavium/thunder/nic_main.o
  CC [M]  fs/btrfs/export.o
  CC [M]  drivers/media/dvb-frontends/atbm8830.o
  CC      fs/nfs/flexfilelayout/flexfilelayoutdev.o
  CC [M]  drivers/net/usb/cdc_subset.o
  CC [M]  drivers/net/wireless/ti/wlcore/scan.o
  CC      drivers/pps/clients/pps-gpio.o
  AR      drivers/input/mouse/built-in.a
  CC [M]  fs/btrfs/tree-log.o
  CC      drivers/usb/host/ohci-hcd.o
  CC [M]  drivers/gpu/drm/arm/malidp_mw.o
  CC [M]  drivers/media/tuners/fc2580.o
  CC      drivers/i2c/muxes/i2c-mux-gpio.o
  CC [M]  drivers/rtc/rtc-pcf2127.o
  AR      drivers/pps/clients/built-in.a
  AR      drivers/pps/built-in.a
  CC      drivers/input/misc/xen-kbdfront.o
  LD [M]  drivers/gpu/drm/arm/mali-dp.o
  CC [M]  drivers/net/usb/zaurus.o
  CC      drivers/gpu/drm/display/drm_display_helper_mod.o
  CC      drivers/i2c/busses/i2c-designware-master.o
  AR      drivers/net/ethernet/cavium/thunder/built-in.a
  AR      drivers/net/ethernet/cavium/built-in.a
  CC      drivers/i2c/i2c-slave-eeprom.o
  CC [M]  drivers/media/dvb-frontends/au8522_common.o
  CC [M]  drivers/media/tuners/it913x.o
  AR      fs/nfs/flexfilelayout/built-in.a
  CC [M]  fs/nfs/blocklayout/blocklayout.o
  CC      drivers/gpu/drm/display/drm_dp_dual_mode_helper.o
  CC [M]  drivers/input/touchscreen/atmel_mxt_ts.o
  CC      drivers/i2c/muxes/i2c-mux-pca954x.o
  CC [M]  drivers/input/misc/pwm-beeper.o
  CC [M]  drivers/net/usb/mcs7830.o
  CC [M]  drivers/net/wireless/ti/wlcore/sysfs.o
  CC [M]  drivers/rtc/rtc-pcf85363.o
  CC      drivers/usb/storage/uas.o
  CC [M]  drivers/media/tuners/m88rs6000t.o
  CC [M]  drivers/input/misc/pwm-vibra.o
  AR      drivers/i2c/muxes/built-in.a
  CC      drivers/gpu/drm/display/drm_dp_helper.o
  CC      drivers/i2c/busses/i2c-designware-platdrv.o
  CC [M]  drivers/rtc/rtc-rk808.o
  CC [M]  drivers/net/wireless/ti/wlcore/vendor_cmd.o
  CC [M]  drivers/net/usb/cdc_ncm.o
  CC [M]  fs/nfs/blocklayout/dev.o
  CC [M]  drivers/media/dvb-frontends/au8522_dig.o
  CC      drivers/usb/host/ohci-pci.o
  CC [M]  drivers/net/mdio.o
  CC [M]  drivers/input/touchscreen/edt-ft5x06.o
  CC      drivers/usb/storage/scsiglue.o
  CC [M]  fs/btrfs/free-space-cache.o
  AR      drivers/input/misc/built-in.a
  CC      drivers/usb/storage/protocol.o
  CC [M]  drivers/media/tuners/max2165.o
  CC      drivers/media/mc/mc-device.o
  CC      drivers/usb/host/ohci-platform.o
  CC [M]  drivers/rtc/rtc-rv3028.o
  CC      drivers/i2c/busses/i2c-imx.o
  CC [M]  drivers/net/wireless/ti/wlcore/testmode.o
  CC [M]  fs/nfs/blocklayout/extent_tree.o
  CC [M]  drivers/input/touchscreen/exc3000.o
  CC      drivers/usb/storage/transport.o
  CC [M]  drivers/media/dvb-frontends/au8522_decoder.o
  CC      drivers/usb/host/xhci.o
  CC [M]  drivers/media/dvb-frontends/bcm3510.o
  CC [M]  drivers/input/touchscreen/goodix.o
  CC [M]  drivers/net/wireless/ti/wlcore/sdio.o
  CC [M]  drivers/net/ethernet/broadcom/bnx2x/bnx2x_cmn.o
  CC [M]  drivers/net/usb/r8153_ecm.o
  CC [M]  drivers/media/tuners/mc44s803.o
  CC [M]  drivers/rtc/rtc-rv8803.o
  CC      drivers/gpu/drm/display/drm_dp_mst_topology.o
  CC      drivers/media/mc/mc-devnode.o
  CC [M]  fs/btrfs/zlib.o
  CC      drivers/i2c/busses/i2c-imx-lpi2c.o
  CC [M]  drivers/media/tuners/msi001.o
  CC [M]  fs/nfs/blocklayout/rpc_pipefs.o
  CC      drivers/ptp/ptp_clock.o
  AR      drivers/net/usb/built-in.a
  LD [M]  drivers/net/usb/asix.o
  AR      drivers/net/wireless/ti/built-in.a
  CC      drivers/ptp/ptp_chardev.o
  CC      drivers/media/mc/mc-entity.o
  LD [M]  drivers/net/wireless/ti/wlcore/wlcore.o
  LD [M]  drivers/net/wireless/ti/wlcore/wlcore_sdio.o
  CC [M]  drivers/input/touchscreen/goodix_fwupload.o
  CC [M]  fs/btrfs/lzo.o
  AR      drivers/net/wireless/built-in.a
  CC [M]  drivers/rtc/rtc-rx8581.o
  CC      drivers/usb/storage/usb.o
  CC [M]  drivers/gpu/drm/rcar-du/rcar_dw_hdmi.o
  CC [M]  drivers/media/dvb-frontends/cx22700.o
  CC [M]  drivers/media/tuners/mt2060.o
  CC      drivers/usb/serial/usb-serial.o
  CC      drivers/i2c/busses/i2c-flexio.o
  LD [M]  fs/nfs/blocklayout/blocklayoutdriver.o
  AR      fs/nfs/built-in.a
  CC      drivers/gpu/drm/display/drm_dsc_helper.o
  CC      drivers/usb/serial/generic.o
  CC      drivers/usb/host/xhci-mem.o
  AR      drivers/input/touchscreen/built-in.a
  AR      drivers/rtc/built-in.a
  LD [M]  drivers/input/touchscreen/goodix_ts.o
  AR      drivers/input/built-in.a
  CC      drivers/media/mc/mc-request.o
  CC [M]  fs/btrfs/zstd.o
  CC      drivers/ptp/ptp_sysfs.o
  CC      drivers/media/v4l2-core/v4l2-async.o
  CC      drivers/usb/host/xhci-ext-caps.o
  CC      drivers/i2c/busses/i2c-rk3x.o
  CC      drivers/usb/storage/initializers.o
  CC      drivers/gpu/drm/display/drm_hdcp_helper.o
  CC      drivers/ptp/ptp_vclock.o
  CC [M]  drivers/media/dvb-frontends/cx22702.o
  CC [M]  fs/btrfs/compression.o
  CC [M]  drivers/media/tuners/mt2063.o
  CC [M]  drivers/net/tap.o
  CC      drivers/usb/serial/bus.o
  CC      drivers/usb/misc/ehset.o
  CC      drivers/media/mc/mc-dev-allocator.o
  CC      drivers/usb/misc/usb3503.o
  CC      drivers/usb/storage/sierra_ms.o
  CC      drivers/i2c/busses/i2c-rpmsg-imx.o
  CC      drivers/media/v4l2-core/v4l2-fwnode.o
  CC      drivers/usb/serial/console.o
  CC      drivers/i2c/busses/i2c-cros-ec-tunnel.o
  CC      drivers/power/reset/brcmstb-reboot.o
  CC      drivers/gpu/drm/display/drm_hdmi_helper.o
  CC      drivers/usb/host/xhci-ring.o
  CC      drivers/ptp/ptp_kvm_common.o
  AR      drivers/media/mc/built-in.a
  CC      drivers/gpu/drm/display/drm_scdc_helper.o
  CC      drivers/usb/storage/option_ms.o
  CC      drivers/power/reset/xgene-reboot.o
  CC [M]  drivers/usb/misc/usbtest.o
  CC [M]  drivers/media/dvb-frontends/cx24110.o
  CC      drivers/usb/serial/ftdi_sio.o
  CC      drivers/power/reset/syscon-reboot.o
  CC [M]  fs/btrfs/delayed-ref.o
  CC [M]  drivers/i2c/busses/i2c-gpio.o
  CC [M]  drivers/net/ethernet/broadcom/bnx2x/bnx2x_ethtool.o
  CC      drivers/ptp/ptp_qoriq.o
  CC [M]  drivers/media/dvb-frontends/cx24116.o
  CC [M]  drivers/media/tuners/mt20xx.o
  CC      drivers/hwmon/hwmon.o
  CC      drivers/power/reset/reboot-mode.o
  CC      drivers/usb/storage/usual-tables.o
  CC      drivers/media/v4l2-core/v4l2-mem2mem.o
  AR      drivers/i2c/busses/built-in.a
  AR      drivers/i2c/built-in.a
  CC      drivers/power/reset/syscon-reboot-mode.o
  AR      drivers/usb/storage/built-in.a
  CC [M]  drivers/gpu/drm/display/drm_dp_aux_bus.o
  AR      fs/built-in.a
  CC [M]  fs/btrfs/relocation.o
  CC      drivers/usb/serial/usb-serial-simple.o
  CC      drivers/ptp/ptp_qoriq_debugfs.o
  CC [M]  drivers/net/veth.o
  AR      drivers/usb/misc/built-in.a
  CC [M]  drivers/net/ethernet/broadcom/bnx2x/bnx2x_stats.o
  CC [M]  fs/btrfs/delayed-inode.o
  CC      drivers/media/dvb-core/dvbdev.o
  AR      drivers/power/reset/built-in.a
  CC      drivers/power/supply/power_supply_core.o
  CC [M]  drivers/media/dvb-frontends/cx24117.o
  CC      drivers/usb/host/xhci-hub.o
  CC [M]  drivers/usb/serial/cp210x.o
  CC      drivers/hwmon/scmi-hwmon.o
  AR      drivers/ptp/built-in.a
  CC      drivers/gpu/drm/imx/imx-drm-core.o
  CC [M]  drivers/media/tuners/mt2131.o
  CC [M]  drivers/net/can/dev/skb.o
  CC      drivers/hwmon/scpi-hwmon.o
  AR      drivers/gpu/drm/display/built-in.a
  CC      drivers/power/supply/power_supply_sysfs.o
  CC      drivers/media/v4l2-core/v4l2-dv-timings.o
  CC [M]  drivers/usb/serial/option.o
  CC [M]  drivers/net/can/dev/calc_bittiming.o
  CC [M]  drivers/media/dvb-frontends/cx24120.o
  CC      drivers/hwmon/fp9931-hwmon.o
  CC      drivers/media/dvb-core/dmxdev.o
  CC [M]  fs/btrfs/scrub.o
  CC [M]  drivers/net/ethernet/broadcom/bnx2x/bnx2x_dcb.o
  CC      drivers/usb/host/xhci-dbg.o
  CC      drivers/usb/musb/musb_core.o
  CC      drivers/gpu/drm/imx/lcdif-mux-display.o
  CC [M]  drivers/media/tuners/mt2266.o
  CC      drivers/power/supply/power_supply_leds.o
  CC [M]  drivers/usb/serial/usb_wwan.o
  CC [M]  drivers/hwmon/ina2xx.o
  CC [M]  drivers/net/can/dev/bittiming.o
  CC      drivers/thermal/thermal_core.o
  CC      drivers/power/supply/power_supply_hwmon.o
  CC      drivers/usb/host/xhci-trace.o
  CC      drivers/media/dvb-core/dvb_demux.o
  CC      drivers/media/v4l2-core/v4l2-dev.o
  CC [M]  drivers/media/rc/keymaps/rc-adstech-dvb-t-pci.o
  CC      drivers/gpu/drm/imx/parallel-display.o
  CC [M]  drivers/media/dvb-frontends/cx24123.o
  CC [M]  drivers/gpu/drm/i2c/ch7006_drv.o
  CC [M]  drivers/hwmon/ina3221.o
  CC [M]  drivers/media/rc/keymaps/rc-alink-dtu-m.o
  CC      drivers/usb/host/xhci-debugfs.o
  CC      drivers/power/supply/bq27xxx_battery.o
  CC [M]  drivers/net/can/dev/dev.o
  CC [M]  drivers/net/ethernet/broadcom/bnx2x/bnx2x_sp.o
  AR      drivers/usb/serial/built-in.a
  CC      drivers/usb/musb/musb_trace.o
  CC      drivers/gpu/drm/imx/imx-tve.o
  CC [M]  drivers/media/tuners/mxl301rf.o
  CC [M]  drivers/media/rc/keymaps/rc-anysee.o
  CC      drivers/media/dvb-core/dvb_ca_en50221.o
  CC [M]  drivers/gpu/drm/i2c/ch7006_mode.o
  CC [M]  fs/btrfs/backref.o
  CC      drivers/thermal/thermal_sysfs.o
  CC [M]  drivers/net/xen-netback/netback.o
  CC [M]  drivers/hwmon/lm90.o
  CC [M]  drivers/media/rc/keymaps/rc-apac-viewcomp.o
  CC      drivers/usb/musb/musb_virthub.o
  CC      drivers/usb/host/xhci-plat.o
  CC      drivers/power/supply/bq27xxx_battery_i2c.o
  CC [M]  drivers/media/tuners/mxl5005s.o
  CC      drivers/gpu/drm/imx/imx-ldb.o
  CC [M]  drivers/media/rc/keymaps/rc-astrometa-t2hybrid.o
  CC      drivers/media/v4l2-core/v4l2-ioctl.o
  CC [M]  drivers/media/dvb-frontends/cxd2099.o
  CC      drivers/thermal/thermal_helpers.o
  CC [M]  drivers/gpu/drm/i2c/sil164_drv.o
  CC [M]  drivers/net/can/dev/length.o
  CC [M]  drivers/media/rc/keymaps/rc-asus-pc39.o
  CC      drivers/power/supply/cros_peripheral_charger.o
  CC [M]  drivers/usb/host/xhci-pci.o
  CC      drivers/media/dvb-core/dvb_frontend.o
  CC      drivers/gpu/drm/imx/imx93-parallel-disp-fmt.o
  CC      drivers/usb/musb/musb_host.o
  CC [M]  drivers/hwmon/pwm-fan.o
  CC [M]  drivers/media/rc/keymaps/rc-asus-ps3-100.o
  CC [M]  drivers/media/dvb-frontends/cxd2820r_core.o
  CC      drivers/thermal/thermal_hwmon.o
  CC [M]  drivers/gpu/drm/i2c/tda998x_drv.o
  CC [M]  drivers/power/supply/sbs-battery.o
  CC [M]  drivers/net/xen-netback/xenbus.o
  CC [M]  fs/btrfs/ulist.o
  CC [M]  drivers/media/rc/keymaps/rc-ati-tv-wonder-hd-600.o
  CC      drivers/gpu/drm/imx/dcnano/dcnano-crtc.o
  CC [M]  drivers/usb/host/xhci-pci-renesas.o
  CC [M]  drivers/net/ethernet/broadcom/bnx2x/bnx2x_self_test.o
  CC [M]  drivers/hwmon/sl28cpld-hwmon.o
  CC [M]  drivers/net/can/dev/netlink.o
  CC [M]  drivers/media/rc/keymaps/rc-ati-x10.o
  CC      drivers/thermal/thermal_of.o
  CC [M]  fs/btrfs/qgroup.o
  CC [M]  drivers/power/supply/max17042_battery.o
  CC      drivers/usb/musb/musb_gadget_ep0.o
  CC      drivers/gpu/drm/imx/dcnano/dcnano-drv.o
  CC [M]  drivers/net/xen-netback/interface.o
  AR      drivers/hwmon/built-in.a
  CC [M]  drivers/media/rc/keymaps/rc-avermedia-a16d.o
  CC      drivers/media/v4l2-core/v4l2-device.o
  LD [M]  drivers/gpu/drm/i2c/ch7006.o
  LD [M]  drivers/gpu/drm/i2c/sil164.o
  LD [M]  drivers/gpu/drm/i2c/tda998x.o
  CC [M]  drivers/net/can/dev/rx-offload.o
  CC [M]  drivers/media/dvb-frontends/cxd2820r_c.o
  CC [M]  drivers/net/ethernet/broadcom/bnx2x/bnx2x_vfpf.o
  AR      drivers/usb/host/built-in.a
  CC [M]  drivers/media/rc/keymaps/rc-avermedia-cardbus.o
  CC      drivers/media/cec/core/cec-core.o
  CC [M]  fs/btrfs/send.o
  CC [M]  drivers/media/tuners/mxl5007t.o
  CC      drivers/thermal/gov_step_wise.o
  CC      drivers/media/dvb-core/dvb_ringbuffer.o
  CC      drivers/usb/musb/musb_gadget.o
  CC      drivers/gpu/drm/imx/dcnano/dcnano-kms.o
  CC [M]  drivers/power/supply/bq25890_charger.o
  CC [M]  drivers/media/dvb-frontends/cxd2820r_t.o
  CC [M]  drivers/media/rc/keymaps/rc-avermedia-dvbt.o
  CC      drivers/thermal/gov_power_allocator.o
  CC [M]  drivers/net/xen-netback/hash.o
  CC      drivers/gpu/drm/imx/dcnano/dcnano-plane.o
  CC      drivers/media/dvb-core/dvb_math.o
  CC      drivers/media/v4l2-core/v4l2-fh.o
  CC [M]  drivers/media/rc/keymaps/rc-avermedia-m135a.o
  CC      drivers/media/cec/core/cec-adap.o
  CC      drivers/thermal/cpufreq_cooling.o
  LD [M]  drivers/net/can/dev/can-dev.o
  CC [M]  drivers/media/dvb-frontends/cxd2820r_t2.o
  CC [M]  drivers/net/can/flexcan/flexcan-core.o
  CC [M]  drivers/media/rc/keymaps/rc-avermedia-m733a-rm-k6.o
  CC [M]  drivers/power/supply/bq25980_charger.o
  CC      drivers/usb/musb/musb_debugfs.o
  CC [M]  drivers/net/xen-netback/rx.o
  CC [M]  drivers/media/rc/rc-main.o
  AR      drivers/gpu/drm/imx/dcnano/built-in.a
  CC [M]  drivers/net/ethernet/broadcom/bnx2x/bnx2x_sriov.o
  CC      drivers/gpu/drm/imx/dpu/dpu-crtc.o
  CC [M]  drivers/media/tuners/qm1d1b0004.o
  CC      drivers/gpu/drm/panel/panel-simple.o
  AR      drivers/media/dvb-core/built-in.a
  CC [M]  fs/btrfs/dev-replace.o
  CC [M]  drivers/media/rc/keymaps/rc-avermedia.o
  CC [M]  drivers/media/dvb-frontends/cxd2841er.o
  CC      drivers/thermal/imx_sc_thermal.o
  CC [M]  drivers/media/rc/keymaps/rc-avermedia-rm-ks.o
  AR      drivers/usb/musb/built-in.a
  AR      drivers/power/supply/built-in.a
  AR      drivers/power/built-in.a
  CC      drivers/gpu/drm/imx/dw_mipi_dsi-imx.o
  CC      drivers/usb/chipidea/core.o
  CC      drivers/media/v4l2-core/v4l2-event.o
  CC [M]  drivers/media/tuners/qm1d1c0042.o
  LD [M]  drivers/net/xen-netback/xen-netback.o
  CC [M]  drivers/net/can/flexcan/flexcan-ethtool.o
  CC      drivers/gpu/drm/panel/panel-raydium-rm67191.o
  CC      drivers/thermal/imx8mm_thermal.o
  CC [M]  drivers/media/rc/keymaps/rc-avertv-303.o
  CC      drivers/usb/chipidea/otg.o
  CC      drivers/thermal/device_cooling.o
  CC      drivers/gpu/drm/imx/dpu/dpu-kms.o
  CC      drivers/media/cec/core/cec-api.o
  CC      drivers/gpu/drm/bridge/fsl-imx-ldb.o
  CC [M]  fs/btrfs/raid56.o
  CC [M]  drivers/media/rc/keymaps/rc-azurewave-ad-tu700.o
  CC [M]  drivers/media/tuners/qt1010.o
  CC      drivers/media/common/videobuf2/videobuf2-core.o
  CC      drivers/media/v4l2-core/v4l2-subdev.o
  LD [M]  drivers/net/can/flexcan/flexcan.o
  CC      drivers/media/platform/amphion/vpu_drv.o
  CC      drivers/gpu/drm/panel/panel-raydium-rm68200.o
  CC      drivers/media/platform/amphion/vpu_core.o
  CC [M]  drivers/media/dvb-frontends/dib3000mb.o
  CC      drivers/thermal/qoriq_thermal.o
  CC [M]  drivers/media/rc/keymaps/rc-beelink-gs1.o
  CC      drivers/media/cec/core/cec-notifier.o
  CC      drivers/gpu/drm/imx/dpu/dpu-plane.o
  LD [M]  drivers/net/ethernet/broadcom/bnx2x/bnx2x.o
  CC      drivers/usb/chipidea/debug.o
  CC      drivers/net/ethernet/freescale/fec_main.o
  CC      drivers/gpu/drm/bridge/max96752-lvds.o
  CC [M]  drivers/media/rc/keymaps/rc-behold-columbus.o
  CC      drivers/gpu/drm/panel/panel-rocktech-hx8394f.o
  CC      drivers/net/ethernet/freescale/fec_ptp.o
  AR      drivers/thermal/built-in.a
  CC      drivers/net/ethernet/freescale/fec_uio.o
  CC      drivers/media/v4l2-core/v4l2-common.o
  CC [M]  drivers/media/rc/keymaps/rc-behold.o
  CC      drivers/media/platform/amphion/vpu_mbox.o
  CC [M]  drivers/media/tuners/r820t.o
  CC      drivers/gpu/drm/bridge/max96789-dsi.o
  CC [M]  fs/btrfs/uuid-tree.o
  CC      drivers/gpu/drm/imx/dpu/dpu-crc.o
  CC      drivers/usb/chipidea/ulpi.o
  CC      drivers/gpu/drm/panel/panel-seiko-43wvf1g.o
  CC [M]  drivers/media/rc/keymaps/rc-budget-ci-old.o
  CC      drivers/watchdog/watchdog_core.o
  AR      drivers/media/cec/core/built-in.a
  AR      drivers/media/cec/built-in.a
  CC [M]  drivers/media/rc/rc-ir-raw.o
  CC [M]  drivers/media/dvb-frontends/dib3000mc.o
  CC      drivers/net/ethernet/freescale/xgmac_mdio.o
  CC      drivers/media/platform/amphion/vpu_v4l2.o
  CC      drivers/gpu/drm/imx/dpu/dpu-blit.o
  CC      drivers/gpu/drm/bridge/adv7511/adv7511_drv.o
  CC      drivers/usb/chipidea/udc.o
  CC [M]  drivers/media/rc/keymaps/rc-cinergy-1400.o
  CC      drivers/media/common/videobuf2/frame_vector.o
  CC [M]  fs/btrfs/props.o
  CC      drivers/media/v4l2-core/v4l2-ctrls-core.o
  CC      drivers/gpu/drm/panel/panel-wks-101wx001.o
  CC [M]  drivers/media/rc/keymaps/rc-cinergy.o
  CC      drivers/usb/gadget/usbstring.o
  CC [M]  drivers/media/rc/ir-imon-decoder.o
  AR      drivers/gpu/drm/imx/dpu/built-in.a
  CC      drivers/gpu/drm/imx/imx8qm-ldb.o
  CC      drivers/watchdog/watchdog_dev.o
  CC [M]  drivers/media/tuners/si2157.o
  CC [M]  drivers/gpu/drm/panel/panel-boe-tv101wum-nl6.o
  CC      drivers/media/platform/amphion/vpu_helpers.o
  CC [M]  drivers/media/rc/keymaps/rc-ct-90405.o
  CC [M]  fs/btrfs/free-space-tree.o
  CC [M]  drivers/media/dvb-frontends/dibx000_common.o
  CC      drivers/media/common/videobuf2/videobuf2-dma-contig.o
  CC      drivers/gpu/drm/bridge/adv7511/adv7533.o
  CC      drivers/net/ethernet/freescale/fman/fman_muram.o
  CC [M]  fs/btrfs/tree-checker.o
  CC      drivers/md/dm-builtin.o
  CC      drivers/usb/chipidea/trace.o
  CC      drivers/usb/gadget/config.o
  CC [M]  drivers/media/rc/keymaps/rc-d680-dmb.o
  CC      drivers/gpu/drm/imx/imx8qxp-ldb.o
  CC      drivers/net/ethernet/freescale/fman/fman.o
  CC [M]  drivers/gpu/drm/panel/panel-lvds.o
  CC [M]  drivers/media/tuners/tuner-simple.o
  CC      drivers/gpu/drm/bridge/adv7511/adv7511_audio.o
  CC      drivers/watchdog/sp805_wdt.o
  CC      drivers/media/platform/amphion/vpu_cmds.o
  CC [M]  drivers/media/rc/keymaps/rc-delock-61959.o
  CC      drivers/media/v4l2-core/v4l2-ctrls-api.o
  CC      drivers/usb/chipidea/host.o
  CC      drivers/media/common/videobuf2/videobuf2-dma-sg.o
  CC      drivers/watchdog/sbsa_gwdt.o
  CC [M]  drivers/media/rc/keymaps/rc-dib0700-nec.o
  CC [M]  drivers/media/dvb-frontends/dib7000m.o
  CC      drivers/gpu/drm/imx/imx8mp-ldb.o
  CC [M]  drivers/gpu/drm/panel/panel-mantix-mlaf057we51.o
  CC [M]  drivers/md/md.o
  CC      drivers/usb/chipidea/ci_hdrc_usb2.o
  CC      drivers/gpu/drm/bridge/adv7511/adv7511_cec.o
  CC      drivers/usb/gadget/epautoconf.o
  CC [M]  fs/btrfs/space-info.o
  CC      drivers/media/platform/amphion/vpu_msgs.o
  CC [M]  drivers/media/rc/keymaps/rc-dib0700-rc5.o
  CC      drivers/watchdog/dw_wdt.o
  CC      drivers/usb/typec/class.o
  CC      drivers/gpu/drm/imx/imx93-ldb.o
  CC [M]  drivers/gpu/drm/panel/panel-sitronix-st7703.o
  CC [M]  drivers/media/rc/keymaps/rc-digitalnow-tinytwin.o
  CC      drivers/usb/chipidea/ci_hdrc_msm.o
  CC      drivers/net/ethernet/freescale/fman/fman_sp.o
  CC [M]  drivers/media/tuners/tuner-types.o
  AR      drivers/gpu/drm/bridge/adv7511/built-in.a
  CC      drivers/gpu/drm/bridge/nwl-dsi.o
  CC      drivers/media/common/videobuf2/videobuf2-memops.o
  CC      drivers/usb/gadget/composite.o
  CC      drivers/watchdog/imx2_wdt.o
  CC      drivers/media/v4l2-core/v4l2-ctrls-request.o
  CC      drivers/media/platform/amphion/vpu_rpc.o
  CC [M]  drivers/media/rc/keymaps/rc-digittrade.o
  CC      drivers/gpu/drm/imx/dw_hdmi-imx.o
  CC [M]  fs/btrfs/block-rsv.o
  CC [M]  drivers/gpu/drm/panel/panel-truly-nt35597.o
  CC [M]  drivers/media/dvb-frontends/dib7000p.o
  CC      drivers/net/ethernet/freescale/fman/fman_keygen.o
  CC      drivers/usb/chipidea/ci_hdrc_pci.o
  CC [M]  drivers/media/rc/keymaps/rc-dm1105-nec.o
  CC      drivers/watchdog/imx_sc_wdt.o
  CC      drivers/usb/typec/mux.o
  CC      drivers/media/common/videobuf2/videobuf2-v4l2.o
  CC      drivers/media/platform/amphion/vpu_imx8q.o
  CC [M]  drivers/media/tuners/tda18212.o
  CC [M]  drivers/media/rc/keymaps/rc-dntv-live-dvb-t.o
  CC      drivers/gpu/drm/imx/sec_mipi_dsim-imx.o
  CC      drivers/usb/chipidea/ci_hdrc_imx.o
  CC      drivers/net/ethernet/freescale/fman/fman_port.o
  CC      drivers/media/v4l2-core/v4l2-ctrls-defs.o
  CC [M]  fs/btrfs/delalloc-space.o
  AR      drivers/gpu/drm/panel/built-in.a
  CC      drivers/watchdog/imx7ulp_wdt.o
  CC      drivers/usb/roles/class.o
  CC      drivers/gpu/drm/bridge/cadence/cdns-mhdp-common.o
  CC      drivers/usb/typec/bus.o
  CC [M]  drivers/media/rc/keymaps/rc-dntv-live-dvbt-pro.o
  CC      drivers/media/platform/amphion/vpu_windsor.o
  CC [M]  drivers/media/tuners/tda18218.o
  CC      drivers/watchdog/arm_smc_wdt.o
  CC      drivers/usb/gadget/functions.o
  CC      drivers/gpu/drm/imx/imx8mp-hdmi-pavi.o
  CC [M]  drivers/media/rc/keymaps/rc-dtt200u.o
  CC      drivers/usb/chipidea/usbmisc_imx.o
  CC [M]  fs/btrfs/block-group.o
  AR      drivers/usb/roles/built-in.a
  CC      drivers/media/common/videobuf2/videobuf2-vmalloc.o
  CC      drivers/usb/typec/pd.o
  CC      drivers/watchdog/xen_wdt.o
  CC [M]  drivers/media/rc/keymaps/rc-dvbsky.o
  CC      drivers/media/v4l2-core/v4l2-compat-ioctl32.o
  CC [M]  drivers/media/dvb-frontends/dib8000.o
  CC      drivers/net/ethernet/freescale/fman/mac.o
  CC      drivers/media/platform/amphion/vpu_malone.o
  CC [M]  drivers/media/dvb-frontends/dib9000.o
  CC      drivers/usb/gadget/configfs.o
  CC [M]  drivers/media/rc/keymaps/rc-dvico-mce.o
  CC [M]  drivers/watchdog/sl28cpld_wdt.o
  CC      drivers/gpu/drm/imx/dcss/dcss-drv.o
  CC      drivers/gpu/drm/bridge/cadence/cdns-mhdp-dp.o
  CC [M]  drivers/media/tuners/tda18250.o
  AR      drivers/media/common/videobuf2/built-in.a
  AR      drivers/media/common/built-in.a
  CC      drivers/usb/chipidea/ci_hdrc_tegra.o
  CC      drivers/usb/typec/retimer.o
  CC [M]  drivers/media/rc/keymaps/rc-dvico-portable.o
  CC      drivers/gpu/drm/imx/dcss/dcss-dev.o
  AR      drivers/watchdog/built-in.a
  CC [M]  drivers/media/rc/ir-jvc-decoder.o
  CC [M]  drivers/media/rc/keymaps/rc-em-terratec.o
  CC      drivers/media/platform/amphion/vpu_color.o
  CC      drivers/media/v4l2-core/v4l2-mc.o
  CC [M]  drivers/media/tuners/tda18271-maps.o
  AR      drivers/usb/chipidea/built-in.a
  CC      drivers/gpu/drm/imx/dcss/dcss-blkctl.o
  CC      drivers/net/ethernet/freescale/fman/fman_dtsec.o
  CC      drivers/usb/typec/port-mapper.o
  CC      drivers/bluetooth/hci_vhci.o
  CC      drivers/gpu/drm/imx/mhdp/cdns-mhdp-imxdrv.o
  CC [M]  drivers/media/rc/keymaps/rc-encore-enltv2.o
  CC [M]  fs/btrfs/discard.o
  CC      drivers/gpu/drm/imx/dcss/dcss-ctxld.o
  CC      drivers/usb/gadget/u_f.o
  CC      drivers/gpu/drm/bridge/cadence/cdns-mhdp-hdmi.o
  CC      drivers/media/platform/amphion/vdec.o
  CC [M]  drivers/media/rc/keymaps/rc-encore-enltv-fm53.o
  CC      drivers/gpu/drm/imx/mhdp/cdns-mhdp-dp-phy.o
  CC      drivers/usb/typec/tcpm/tcpm.o
  CC      drivers/bluetooth/hci_ldisc.o
  CC [M]  drivers/md/md-bitmap.o
  CC [M]  drivers/media/tuners/tda18271-common.o
  CC      drivers/usb/typec/tcpm/tcpci.o
  CC      drivers/gpu/drm/imx/dcss/dcss-dtg.o
  CC [M]  drivers/media/rc/keymaps/rc-encore-enltv.o
  CC      drivers/bluetooth/hci_serdev.o
  CC      drivers/usb/gadget/udc/core.o
  CC [M]  fs/btrfs/reflink.o
  CC      drivers/net/ethernet/freescale/fman/fman_memac.o
  CC      drivers/gpu/drm/bridge/cadence/cdns-hdmi-core.o
  CC      drivers/media/v4l2-core/v4l2-spi.o
  CC [M]  drivers/media/rc/keymaps/rc-evga-indtube.o
  CC      drivers/gpu/drm/imx/mhdp/cdns-mhdp-hdmi-phy.o
  CC      drivers/gpu/drm/imx/dcss/dcss-ss.o
  CC      drivers/media/platform/amphion/venc.o
  CC [M]  drivers/media/tuners/tda18271-fe.o
  CC [M]  drivers/media/dvb-frontends/drxd_hard.o
  CC [M]  drivers/media/rc/keymaps/rc-eztv.o
  CC [M]  fs/btrfs/subpage.o
  CC      drivers/net/ethernet/freescale/fman/fman_tgec.o
  CC      drivers/gpu/drm/imx/dcss/dcss-dpr.o
  CC [M]  drivers/media/rc/keymaps/rc-flydvb.o
  CC      drivers/media/v4l2-core/v4l2-i2c.o
  CC      drivers/usb/gadget/udc/trace.o
  CC      drivers/edac/edac_mc.o
  CC      drivers/gpu/drm/imx/mhdp/cdns-mhdp-imx8qm.o
  CC      drivers/opp/core.o
  CC      drivers/bluetooth/hci_h4.o
  CC      drivers/gpu/drm/bridge/cadence/cdns-dp-core.o
  CC      drivers/media/platform/amphion/vpu_dbg.o
  CC [M]  drivers/media/rc/keymaps/rc-flyvideo.o
  CC      drivers/usb/gadget/udc/snps_udc_core.o
  CC [M]  drivers/md/dm.o
  CC      drivers/gpu/drm/imx/dcss/dcss-scaler.o
  AR      drivers/net/ethernet/freescale/fman/built-in.a
  CC      drivers/net/ethernet/freescale/dpaa/dpaa_eth.o
  CC [M]  drivers/media/rc/keymaps/rc-fusionhdtv-mce.o
  CC [M]  drivers/media/tuners/tda827x.o
  CC      drivers/gpu/drm/imx/mhdp/cdns-mhdp-ls1028a.o
  CC [M]  fs/btrfs/tree-mod-log.o
  CC [M]  drivers/media/v4l2-core/v4l2-h264.o
  CC      drivers/edac/edac_device.o
  CC [M]  drivers/usb/typec/tcpm/fusb302.o
  AR      drivers/media/platform/amphion/built-in.a
  CC [M]  drivers/media/rc/keymaps/rc-gadmei-rm008z.o
  CC [M]  drivers/media/dvb-frontends/drxk_hard.o
  CC      drivers/gpu/drm/imx/dcss/dcss-kms.o
  CC [M]  drivers/media/platform/nxp/imx-jpeg/mxc-jpeg-hw.o
  CC [M]  drivers/media/rc/keymaps/rc-geekbox.o
  CC      drivers/bluetooth/hci_bcsp.o
  AR      drivers/gpu/drm/imx/mhdp/built-in.a
  CC      drivers/gpu/drm/bridge/cadence/cdns-mhdp-audio.o
  CC      drivers/usb/gadget/function/f_acm.o
  CC      drivers/opp/cpu.o
  CC [M]  drivers/media/v4l2-core/v4l2-jpeg.o
  CC [M]  drivers/media/platform/nxp/imx-jpeg/mxc-jpeg.o
  CC [M]  drivers/media/rc/keymaps/rc-genius-tvgo-a11mce.o
  CC      drivers/gpu/drm/imx/dcss/dcss-crtc.o
  CC [M]  fs/btrfs/extent-io-tree.o
  CC      drivers/usb/gadget/udc/snps_udc_plat.o
  CC      drivers/edac/edac_mc_sysfs.o
  AR      drivers/usb/typec/tcpm/built-in.a
  CC [M]  drivers/media/tuners/tda8290.o
  CC      drivers/usb/typec/mux/gpio-switch.o
  CC      drivers/usb/gadget/function/f_loopback.o
  CC [M]  drivers/media/rc/keymaps/rc-gotview7135.o
  CC [M]  drivers/md/dm-table.o
  CC      drivers/opp/of.o
  CC      drivers/bluetooth/hci_ll.o
  AR      drivers/usb/typec/mux/built-in.a
  CC [M]  drivers/usb/typec/hd3ss3220.o
  CC      drivers/usb/gadget/udc/bdc/bdc_core.o
  CC [M]  drivers/media/v4l2-core/v4l2-vp9.o
  CC      drivers/gpu/drm/imx/dcss/dcss-plane.o
  CC      drivers/edac/edac_module.o
  CC [M]  drivers/media/rc/keymaps/rc-hauppauge.o
  CC      drivers/net/ethernet/freescale/dpaa/dpaa_ethtool.o
  CC      drivers/usb/gadget/function/f_sourcesink.o
  CC      drivers/gpu/drm/bridge/cadence/cdns-mhdp-hdcp.o
  CC [M]  fs/btrfs/acl.o
  CC [M]  drivers/media/rc/keymaps/rc-hisi-poplar.o
  CC [M]  drivers/usb/typec/tipd/core.o
  LD [M]  drivers/media/platform/nxp/imx-jpeg/mxc-jpeg-encdec.o
  CC      drivers/gpu/drm/imx/dcss/dcss-dec400d.o
  CC      drivers/usb/gadget/udc/bdc/bdc_cmd.o
  CC      drivers/bluetooth/hci_ath.o
  CC      drivers/edac/edac_device_sysfs.o
  CC      drivers/usb/gadget/function/u_serial.o
  CC [M]  drivers/media/tuners/tda9887.o
  CC [M]  drivers/media/rc/keymaps/rc-hisi-tv-demo.o
  CC      drivers/opp/debugfs.o
  CC      drivers/net/ethernet/freescale/dpaa/dpaa_eth_sysfs.o
  CC [M]  drivers/media/platform/verisilicon/hantro_drv.o
  LD [M]  fs/btrfs/btrfs.o
  CC [M]  drivers/media/dvb-frontends/ds3000.o
  AR      drivers/media/v4l2-core/built-in.a
  CC [M]  drivers/gpu/drm/hisilicon/hibmc/hibmc_drm_drv.o
  CC [M]  drivers/gpu/drm/hisilicon/kirin/kirin_drm_drv.o
  CC      drivers/gpu/drm/imx/dcss/dcss-hdr10.o
  CC [M]  drivers/media/rc/keymaps/rc-imon-mce.o
  CC [M]  drivers/md/dm-target.o
  CC      drivers/usb/gadget/udc/bdc/bdc_ep.o
  LD [M]  drivers/usb/typec/tipd/tps6598x.o
  AR      drivers/opp/built-in.a
  AR      drivers/usb/typec/built-in.a
  CC      drivers/usb/gadget/udc/bdc/bdc_udc.o
  CC      drivers/gpu/drm/bridge/synopsys/dw-hdmi.o
  CC      drivers/gpu/drm/bridge/cadence/cdns-hdcp-common.o
  CC      drivers/edac/wq.o
  CC      drivers/bluetooth/hci_h5.o
  AR      drivers/net/ethernet/freescale/dpaa/built-in.a
  CC      drivers/net/ethernet/freescale/dpaa2/dpaa2-eth.o
  CC [M]  drivers/media/rc/keymaps/rc-imon-pad.o
  CC [M]  drivers/media/platform/verisilicon/hantro_v4l2.o
  CC      drivers/gpu/drm/imx/dcss/dcss-wrscl.o
  CC      drivers/usb/gadget/function/f_serial.o
  CC [M]  drivers/gpu/drm/hisilicon/hibmc/hibmc_drm_de.o
  CC [M]  drivers/gpu/drm/hisilicon/kirin/kirin_drm_ade.o
  CC      drivers/net/ethernet/freescale/dpaa2/dpaa2-ethtool.o
  CC [M]  drivers/media/tuners/tea5761.o
  CC [M]  drivers/media/rc/keymaps/rc-imon-rsc.o
  CC      drivers/edac/edac_pci.o
  AR      drivers/usb/gadget/udc/bdc/built-in.a
  AR      drivers/usb/gadget/udc/built-in.a
  CC      drivers/net/ethernet/hisilicon/hix5hd2_gmac.o
  CC      drivers/usb/gadget/function/f_obex.o
  CC [M]  drivers/md/dm-linear.o
  CC      drivers/gpu/drm/imx/dcss/dcss-rdsrc.o
  CC [M]  drivers/media/dvb-frontends/ec100.o
drivers/net/ethernet/freescale/dpaa2/dpaa2-eth.c: In function ‘dpaa2_eth_rx’:
drivers/net/ethernet/freescale/dpaa2/dpaa2-eth.c:606:27: warning: unused variable ‘fas’ [-Wunused-variable]
  606 |         struct dpaa2_fas *fas;
      |                           ^~~
  CC [M]  drivers/media/rc/keymaps/rc-iodata-bctv7e.o
  CC [M]  drivers/gpu/drm/hisilicon/hibmc/hibmc_drm_vdac.o
  CC [M]  drivers/gpu/drm/hisilicon/kirin/dw_drm_dsi.o
  CC      drivers/bluetooth/hci_bcm.o
  CC [M]  drivers/media/platform/verisilicon/hantro_postproc.o
  CC      drivers/gpu/drm/bridge/cadence/cdns-mhdp-cec.o
  CC      drivers/usb/gadget/function/u_ether.o
  CC      drivers/gpu/drm/imx/dcss/dcss-dtrc.o
  CC [M]  drivers/media/rc/keymaps/rc-it913x-v1.o
  CC [M]  drivers/md/dm-stripe.o
  CC      drivers/edac/edac_pci_sysfs.o
  CC [M]  drivers/gpu/drm/hisilicon/hibmc/hibmc_drm_i2c.o
  CC [M]  drivers/media/tuners/tea5767.o
  CC      drivers/net/ethernet/hisilicon/hns_mdio.o
  CC [M]  drivers/media/rc/keymaps/rc-it913x-v2.o
  CC      drivers/bluetooth/hci_qca.o
  LD [M]  drivers/gpu/drm/hisilicon/kirin/kirin-drm.o
  CC [M]  drivers/md/dm-ioctl.o
  CC      drivers/gpu/drm/bridge/synopsys/dw-hdmi-gp-audio.o
  CC [M]  drivers/media/dvb-frontends/helene.o
  AR      drivers/gpu/drm/imx/dcss/built-in.a
  CC      drivers/gpu/drm/imx/lcdif/lcdif-crtc.o
  CC [M]  drivers/media/platform/verisilicon/hantro_h1_jpeg_enc.o
  AR      drivers/gpu/drm/bridge/cadence/built-in.a
  CC [M]  drivers/media/rc/ir-mce_kbd-decoder.o
  CC      drivers/gpu/drm/mxsfb/mxsfb_drv.o
  CC [M]  drivers/media/rc/keymaps/rc-kaiomy.o
  CC [M]  drivers/media/usb/uvc/uvc_driver.o
  LD [M]  drivers/gpu/drm/hisilicon/hibmc/hibmc-drm.o
  CC      drivers/gpu/drm/mxsfb/mxsfb_kms.o
  CC      drivers/gpu/drm/bridge/synopsys/dw-mipi-dsi.o
  CC      drivers/edac/ghes_edac.o
  CC [M]  drivers/media/rc/keymaps/rc-khadas.o
  CC      drivers/gpu/drm/imx/lcdif/lcdif-plane.o
  CC      drivers/net/ethernet/hisilicon/hns/hnae.o
  CC      drivers/net/ethernet/hisilicon/hns3/hnae3.o
  CC      drivers/usb/gadget/function/f_ncm.o
  CC [M]  drivers/media/platform/verisilicon/hantro_g1.o
  CC [M]  drivers/media/dvb-frontends/horus3a.o
  CC [M]  drivers/media/tuners/tua9001.o
  CC [M]  drivers/media/rc/keymaps/rc-khamsin.o
  AR      drivers/gpu/drm/mxsfb/built-in.a
  CC [M]  drivers/md/dm-io.o
  CC      drivers/gpu/drm/imx/lcdif/lcdif-kms.o
  CC      drivers/net/ethernet/freescale/dpaa2/dpni.o
  CC      drivers/edac/synopsys_edac.o
  CC      drivers/net/ethernet/hisilicon/hns3/hns3_enet.o
  CC      drivers/bluetooth/btbcm.o
  CC [M]  drivers/media/platform/verisilicon/hantro_g1_h264_dec.o
  CC [M]  drivers/media/rc/keymaps/rc-kworld-315u.o
  CC      drivers/net/ethernet/freescale/dpaa2/dpaa2-mac.o
  CC [M]  drivers/media/tuners/xc2028.o
  CC      drivers/usb/gadget/function/f_ecm.o
  CC [M]  drivers/gpu/drm/bridge/synopsys/dw-hdmi-ahb-audio.o
  AR      drivers/gpu/drm/imx/lcdif/built-in.a
  CC      drivers/gpu/drm/imx/lcdifv3/lcdifv3-crtc.o
  CC [M]  drivers/media/usb/uvc/uvc_queue.o
  CC [M]  drivers/media/rc/keymaps/rc-kworld-pc150u.o
  CC [M]  drivers/edac/fsl_ddr_edac.o
  CC      drivers/net/ethernet/hisilicon/hns/hns_ae_adapt.o
  CC      drivers/net/ethernet/freescale/enetc/enetc_pf.o
  CC [M]  drivers/media/dvb-frontends/isl6405.o
  CC      drivers/cpufreq/cpufreq.o
  CC [M]  drivers/media/platform/verisilicon/hantro_g1_mpeg2_dec.o
  CC [M]  drivers/media/rc/keymaps/rc-kworld-plus-tv-analog.o
  CC      drivers/gpu/drm/imx/lcdifv3/lcdifv3-plane.o
  CC [M]  drivers/gpu/drm/bridge/synopsys/dw-hdmi-i2s-audio.o
  CC      drivers/usb/gadget/function/f_eem.o
  CC [M]  drivers/md/dm-kcopyd.o
  CC      drivers/net/ethernet/freescale/dpaa2/dpmac.o
  CC [M]  drivers/edac/layerscape_edac.o
  CC [M]  drivers/media/usb/uvc/uvc_v4l2.o
  CC [M]  drivers/media/rc/keymaps/rc-leadtek-y04g0051.o
  CC      drivers/bluetooth/btqca.o
  CC      drivers/gpu/drm/imx/lcdifv3/lcdifv3-kms.o
  CC [M]  drivers/gpu/drm/bridge/synopsys/dw-hdmi-cec.o
  CC      drivers/net/ethernet/hisilicon/hns/hns_dsaf_gmac.o
  CC [M]  drivers/media/platform/verisilicon/hantro_g1_vp8_dec.o
  CC      drivers/net/ethernet/freescale/dpaa2/dpaa2-eth-devlink.o
  AR      drivers/edac/built-in.a
  LD [M]  drivers/edac/layerscape_edac_mod.o
  CC [M]  drivers/media/dvb-frontends/isl6421.o
  CC [M]  drivers/media/rc/keymaps/rc-lme2510.o
  CC [M]  drivers/usb/gadget/legacy/zero.o
  CC      drivers/usb/gadget/function/f_subset.o
  CC      drivers/net/ethernet/freescale/enetc/enetc.o
  CC [M]  drivers/media/tuners/xc4000.o
  AR      drivers/gpu/drm/imx/lcdifv3/built-in.a
  AR      drivers/gpu/drm/imx/built-in.a
  CC [M]  drivers/media/rc/ir-nec-decoder.o
  AR      drivers/gpu/drm/bridge/synopsys/built-in.a
  CC      drivers/gpu/drm/bridge/it6263.o
  CC [M]  drivers/media/rc/keymaps/rc-manli.o
  CC [M]  drivers/media/usb/uvc/uvc_video.o
  CC [M]  drivers/usb/gadget/legacy/audio.o
  CC [M]  drivers/md/dm-sysfs.o
  CC      drivers/net/ethernet/freescale/dpaa2/dpaa2-xsk.o
  CC [M]  drivers/media/dvb-frontends/isl6423.o
  CC      drivers/usb/gadget/function/f_rndis.o
  CC      drivers/net/ethernet/hisilicon/hns/hns_dsaf_mac.o
  CC [M]  drivers/media/platform/verisilicon/hantro_g2.o
  CC [M]  drivers/media/rc/keymaps/rc-mecool-kiii-pro.o
  CC      drivers/cpufreq/freq_table.o
  CC      drivers/net/ethernet/hisilicon/hns3/hns3_ethtool.o
drivers/net/ethernet/freescale/enetc/enetc.c: In function ‘enetc_unwind_tx_frame’:
drivers/net/ethernet/freescale/enetc/enetc.c:152:17: error: implicit declaration of function ‘enetc_free_tx_frame’; did you mean ‘enetc_free_tx_swbd’? [-Werror=implicit-function-declaration]
  152 |                 enetc_free_tx_frame(tx_ring, tx_swbd);
      |                 ^~~~~~~~~~~~~~~~~~~
      |                 enetc_free_tx_swbd
  CC      drivers/gpu/drm/bridge/it6161.o
  CC [M]  drivers/usb/gadget/legacy/ether.o
  CC [M]  drivers/md/dm-stats.o
  CC [M]  drivers/bluetooth/btusb.o
  CC [M]  drivers/media/rc/keymaps/rc-mecool-kii-pro.o
  CC      drivers/net/ethernet/freescale/enetc/enetc_cbdr.o
  CC [M]  drivers/media/platform/verisilicon/hantro_g2_hevc_dec.o
  CC      drivers/net/ethernet/freescale/dpaa2/dpaa2-eth-debugfs.o
  CC [M]  drivers/media/tuners/xc5000.o
  CC [M]  drivers/media/rc/keymaps/rc-medion-x10-digitainer.o
  CC      drivers/cpufreq/cpufreq_stats.o
  CC [M]  drivers/media/usb/uvc/uvc_ctrl.o
  CC      drivers/net/ethernet/hisilicon/hns/hns_dsaf_misc.o
  CC [M]  drivers/usb/gadget/legacy/mass_storage.o
  CC [M]  drivers/media/dvb-frontends/ix2505v.o
  CC      drivers/usb/gadget/function/rndis.o
  CC [M]  drivers/media/rc/keymaps/rc-medion-x10.o
  CC      drivers/net/ethernet/hisilicon/hns3/hns3_debugfs.o
  CC [M]  drivers/md/dm-rq.o
  CC      drivers/cpufreq/cpufreq_performance.o
  CC      drivers/cpuidle/cpuidle.o
cc1: some warnings being treated as errors
make[6]: *** [scripts/Makefile.build:250: drivers/net/ethernet/freescale/enetc/enetc.o] Error 1
make[5]: *** [scripts/Makefile.build:503: drivers/net/ethernet/freescale/enetc] Error 2
make[5]: *** Waiting for unfinished jobs....
  CC [M]  drivers/usb/gadget/legacy/serial.o
  CC [M]  drivers/usb/class/cdc-acm.o
  CC      drivers/net/ethernet/freescale/dpaa2/dpaa2-ptp.o
  CC [M]  drivers/media/rc/keymaps/rc-medion-x10-or2x.o
  CC      drivers/gpu/drm/bridge/sec-dsim.o
  CC      drivers/cpufreq/cpufreq_powersave.o
  CC      drivers/net/ethernet/hisilicon/hns/hns_dsaf_main.o
  CC [M]  drivers/media/platform/verisilicon/hantro_g2_vp9_dec.o
  LD [M]  drivers/usb/gadget/legacy/g_zero.o
  LD [M]  drivers/usb/gadget/legacy/g_audio.o
  LD [M]  drivers/usb/gadget/legacy/g_ether.o
  LD [M]  drivers/usb/gadget/legacy/g_mass_storage.o
  LD [M]  drivers/usb/gadget/legacy/g_serial.o
  CC      drivers/usb/gadget/function/f_mass_storage.o
  CC [M]  drivers/bluetooth/btintel.o
  CC [M]  drivers/media/rc/keymaps/rc-minix-neo.o
  CC [M]  drivers/media/dvb-frontends/l64781.o
  CC      drivers/cpufreq/cpufreq_userspace.o
  CC [M]  drivers/media/usb/uvc/uvc_status.o
  CC      drivers/net/ethernet/freescale/dpaa2/dprtc.o
  LD [M]  drivers/media/tuners/tda18271.o
  CC [M]  drivers/media/rc/ir-rc5-decoder.o
  CC      drivers/net/ethernet/hisilicon/hns3/hns3pf/hclge_main.o
  CC      drivers/net/ethernet/hisilicon/hns/hns_dsaf_ppe.o
  CC [M]  drivers/media/rc/keymaps/rc-msi-digivox-iii.o
  CC [M]  drivers/md/dm-io-rewind.o
  CC      drivers/mmc/core/core.o
  CC      drivers/cpufreq/cpufreq_ondemand.o
  CC      drivers/cpuidle/driver.o
  CC      drivers/net/ethernet/freescale/dpaa2/dpaa2-switch.o
  CC [M]  drivers/media/rc/keymaps/rc-msi-digivox-ii.o
  CC      drivers/mmc/host/mmci.o
  CC      drivers/gpu/drm/bridge/nxp-seiko-43wvfig.o
  CC [M]  drivers/media/usb/uvc/uvc_isight.o
  CC [M]  drivers/md/dm-crypt.o
  CC [M]  drivers/media/rc/keymaps/rc-msi-tvanywhere.o
  CC [M]  drivers/media/platform/verisilicon/rockchip_vpu2_hw_jpeg_enc.o
  CC      drivers/cpufreq/cpufreq_conservative.o
  CC [M]  drivers/media/dvb-frontends/lg2160.o
  CC      drivers/cpuidle/governor.o
  CC      drivers/mmc/host/mmci_stm32_sdmmc.o
  CC [M]  drivers/gpu/drm/bridge/display-connector.o
  CC [M]  drivers/media/usb/uvc/uvc_debugfs.o
  CC [M]  drivers/media/rc/keymaps/rc-msi-tvanywhere-plus.o
  CC      drivers/cpufreq/cpufreq_governor.o
  CC      drivers/usb/gadget/function/storage_common.o
  CC      drivers/cpuidle/sysfs.o
  CC [M]  drivers/bluetooth/btrtl.o
  CC      drivers/usb/gadget/function/f_fs.o
  CC [M]  drivers/media/platform/verisilicon/rockchip_vpu2_hw_h264_dec.o
  CC      drivers/net/ethernet/hisilicon/hns/hns_dsaf_rcb.o
  CC [M]  drivers/media/rc/keymaps/rc-nebula.o
  CC      drivers/mmc/core/bus.o
  CC      drivers/mmc/host/sdhci.o
  CC [M]  drivers/gpu/drm/bridge/lontium-lt8912b.o
  CC [M]  drivers/media/usb/uvc/uvc_metadata.o
  CC      drivers/cpuidle/governors/menu.o
  CC [M]  drivers/media/rc/keymaps/rc-nec-terratec-cinergy-xs.o
  CC      drivers/net/ethernet/freescale/dpaa2/dpaa2-switch-ethtool.o
  CC [M]  drivers/media/dvb-frontends/lgdt3305.o
  CC      drivers/cpufreq/cpufreq_governor_attr_set.o
  CC [M]  drivers/media/platform/verisilicon/rockchip_vpu2_hw_mpeg2_dec.o
  AR      drivers/cpuidle/governors/built-in.a
  CC      drivers/cpuidle/dt_idle_states.o
  CC      drivers/mmc/core/host.o
  CC [M]  drivers/media/rc/keymaps/rc-norwood.o
  CC [M]  drivers/media/usb/uvc/uvc_entity.o
  CC [M]  drivers/gpu/drm/bridge/lontium-lt9611.o
  CC      drivers/net/ethernet/hisilicon/hns/hns_dsaf_xgmac.o
  CC      drivers/net/ethernet/intel/e1000/e1000_main.o
  CC [M]  drivers/md/dm-raid1.o
  CC [M]  drivers/media/rc/keymaps/rc-npgtech.o
  CC      drivers/net/ethernet/freescale/dpaa2/dpsw.o
  CC [M]  drivers/bluetooth/btnxpuart.o
  CC      drivers/cpufreq/cpufreq-dt.o
  CC      drivers/cpuidle/dt_idle_genpd.o
  CC [M]  drivers/media/platform/verisilicon/rockchip_vpu2_hw_vp8_dec.o
  LD [M]  drivers/media/usb/uvc/uvcvideo.o
  CC [M]  drivers/media/rc/keymaps/rc-odroid.o
  CC      drivers/net/ethernet/intel/e1000e/82571.o
  CC      drivers/usb/gadget/function/u_audio.o
  CC [M]  drivers/gpu/drm/bridge/lontium-lt9611uxc.o
  CC      drivers/mmc/core/mmc.o
  CC [M]  drivers/media/dvb-frontends/lgdt3306a.o
  CC      drivers/cpuidle/cpuidle-psci.o
  CC [M]  drivers/media/rc/keymaps/rc-pctv-sedna.o
  CC      drivers/net/ethernet/hisilicon/hns/hns_enet.o
  CC      drivers/cpufreq/cpufreq-dt-platdev.o
  CC      drivers/net/ethernet/freescale/dpaa2/dpaa2-switch-flower.o
  CC [M]  drivers/md/dm-log.o
  CC [M]  drivers/media/rc/keymaps/rc-pine64.o
  AR      drivers/bluetooth/built-in.a
  CC      drivers/usb/gadget/function/f_uac1.o
  CC      drivers/cpuidle/cpuidle-psci-domain.o
  CC [M]  drivers/media/platform/verisilicon/hantro_jpeg.o
  CC      drivers/cpufreq/imx-cpufreq-dt.o
  CC      drivers/net/ethernet/intel/e1000e/ich8lan.o
  CC [M]  drivers/gpu/drm/bridge/parade-ps8640.o
  CC [M]  drivers/media/rc/keymaps/rc-pinnacle-color.o
  CC      drivers/mmc/host/sdhci-acpi.o
  AR      drivers/cpuidle/built-in.a
  CC [M]  drivers/md/dm-region-hash.o
  CC [M]  drivers/media/rc/ir-rc6-decoder.o
  CC      drivers/net/ethernet/hisilicon/hns3/hns3pf/hclge_mdio.o
  CC      drivers/mmc/core/mmc_ops.o
  CC      drivers/cpufreq/scmi-cpufreq.o
  CC [M]  drivers/media/rc/keymaps/rc-pinnacle-grey.o
  CC      drivers/net/ethernet/freescale/dpaa2/dpaa2-mac-standalone.o
  CC [M]  drivers/media/platform/verisilicon/hantro_h264.o
  CC      drivers/media/platform/imx8/mxc-mipi-csi2_yav.o
  CC      drivers/usb/gadget/function/f_uac1_legacy.o
  CC [M]  drivers/media/dvb-frontends/lgdt330x.o
  CC [M]  drivers/gpu/drm/bridge/sii902x.o
  CC      drivers/media/platform/mxc/capture/mx6s_capture.o
  CC      drivers/net/ethernet/intel/e1000/e1000_hw.o
  CC [M]  drivers/media/rc/keymaps/rc-pinnacle-pctv-hd.o
  CC      drivers/mmc/host/sdhci_f_sdh30.o
  CC      drivers/cpufreq/scpi-cpufreq.o
  CC      drivers/net/ethernet/hisilicon/hns/hns_ethtool.o
  CC      drivers/net/ethernet/hisilicon/hns3/hns3pf/hclge_tm.o
  AR      drivers/net/ethernet/freescale/dpaa2/built-in.a
make[4]: *** [scripts/Makefile.build:503: drivers/net/ethernet/freescale] Error 2
make[4]: *** Waiting for unfinished jobs....
  CC      drivers/usb/gadget/function/u_uac1_legacy.o
  CC [M]  drivers/md/dm-zero.o
  CC [M]  drivers/media/platform/verisilicon/hantro_hevc.o
  CC [M]  drivers/media/rc/keymaps/rc-pixelview-002t.o
  CC      drivers/net/ethernet/intel/e1000/e1000_ethtool.o
  CC      drivers/cpufreq/qoriq-cpufreq.o
  AR      drivers/media/platform/imx8/built-in.a
  CC      drivers/mmc/host/mtk-sd.o
  CC      drivers/mmc/core/sd.o
  CC [M]  drivers/media/dvb-frontends/lgs8gl5.o
  CC [M]  drivers/gpu/drm/bridge/simple-bridge.o
  CC [M]  drivers/media/rc/keymaps/rc-pixelview-mk12.o
  AR      drivers/md/built-in.a
  LD [M]  drivers/md/md-mod.o
  CC      drivers/net/ethernet/intel/e1000e/80003es2lan.o
  LD [M]  drivers/md/dm-mod.o
  LD [M]  drivers/md/dm-mirror.o
  CC [M]  drivers/media/spi/cxd2880-spi.o
  CC      drivers/usb/gadget/function/f_uac2.o
  CC      drivers/media/platform/mxc/capture/mxc_mipi_csi.o
  CC [M]  drivers/cpufreq/cppc_cpufreq.o
  AR      drivers/net/ethernet/hisilicon/hns/built-in.a
  CC      drivers/net/ethernet/hisilicon/hns3/hns3pf/hclge_mbx.o
  CC [M]  drivers/media/platform/verisilicon/hantro_mpeg2.o
  CC      drivers/mmc/core/sd_ops.o
  CC [M]  drivers/media/rc/keymaps/rc-pixelview-new.o
  CC [M]  drivers/gpu/drm/bridge/thc63lvd1024.o
  CC      drivers/net/ethernet/intel/e1000e/mac.o
  CC [M]  drivers/media/rc/keymaps/rc-pixelview.o
  CC      drivers/ufs/core/ufshcd.o
  CC [M]  drivers/media/platform/verisilicon/hantro_vp8.o
  CC      drivers/net/ethernet/hisilicon/hns3/hns3pf/hclge_err.o
  AR      drivers/cpufreq/built-in.a
  CC [M]  drivers/media/dvb-frontends/lgs8gxx.o
  CC      drivers/net/ethernet/hisilicon/hns3/hns3pf/hclge_debugfs.o
  CC      drivers/net/ethernet/intel/igb/igb_main.o
  CC      drivers/ufs/host/ufshcd-pltfrm.o
  CC      drivers/net/ethernet/intel/e1000/e1000_param.o
  CC      drivers/media/platform/mxc/capture/ov5640_mipi_v2.o
  CC [M]  drivers/gpu/drm/bridge/ti-sn65dsi86.o
  CC [M]  drivers/media/rc/keymaps/rc-powercolor-real-angel.o
  CC      drivers/mmc/core/sdio.o
  CC      drivers/usb/gadget/function/f_uvc.o
  CC      drivers/mmc/host/mmc_spi.o
  CC [M]  drivers/media/platform/verisilicon/hantro_vp9.o
  CC [M]  drivers/media/rc/keymaps/rc-proteus-2309.o
  CC [M]  drivers/media/dvb-frontends/lnbh25.o
  CC      drivers/net/ethernet/intel/e1000e/manage.o
  AR      drivers/net/ethernet/intel/e1000/built-in.a
  CC      drivers/net/ethernet/intel/igb/igb_ethtool.o
  CC [M]  drivers/media/platform/verisilicon/imx8m_vpu_hw.o
  CC [M]  drivers/media/rc/keymaps/rc-purpletv.o
  AR      drivers/media/platform/mxc/capture/built-in.a
  CC      drivers/net/ethernet/intel/e1000e/nvm.o
  CC      drivers/mmc/core/sdio_ops.o
  CC      drivers/usb/gadget/function/uvc_queue.o
  CC      drivers/mmc/host/of_mmc_spi.o
  CC      drivers/ufs/core/ufs-sysfs.o
  AR      drivers/ufs/host/built-in.a
  CC [M]  drivers/gpu/drm/drm_gem_shmem_helper.o
  AR      drivers/gpu/drm/bridge/built-in.a
  CC [M]  drivers/media/dvb-frontends/lnbh29.o
  CC      drivers/leds/led-core.o
  CC      drivers/net/ethernet/hisilicon/hns3/hns3pf/hclge_ptp.o
  CC [M]  drivers/media/rc/keymaps/rc-pv951.o
  CC      drivers/net/ethernet/intel/igbvf/vf.o
  CC      drivers/mmc/core/sdio_bus.o
  LD [M]  drivers/media/platform/verisilicon/hantro-vpu.o
  AR      drivers/media/platform/built-in.a
  CC [M]  drivers/media/rc/ir-rcmm-decoder.o
  CC      drivers/net/ethernet/intel/igb/e1000_82575.o
  CC      drivers/usb/gadget/function/uvc_v4l2.o
  CC [M]  drivers/media/rc/keymaps/rc-rc6-mce.o
  CC      drivers/net/ethernet/intel/e1000e/phy.o
  CC      drivers/mmc/host/dw_mmc.o
  CC      drivers/leds/led-class.o
  CC [M]  drivers/media/rc/keymaps/rc-real-audio-220-32-keys.o
  CC      drivers/ufs/core/ufs-debugfs.o
  CC      drivers/net/ethernet/intel/igbvf/mbx.o
  CC [M]  drivers/gpu/drm/drm_gem_vram_helper.o
  CC      drivers/net/ethernet/hisilicon/hns3/hns3pf/hclge_devlink.o
  CC [M]  drivers/media/dvb-frontends/lnbp21.o
  CC [M]  drivers/media/rc/keymaps/rc-reddo.o
  CC      drivers/usb/gadget/function/uvc_video.o
  CC      drivers/mmc/core/sdio_cis.o
  CC      drivers/mmc/core/sdio_io.o
  CC      drivers/usb/gadget/function/uvc_configfs.o
  CC      drivers/net/ethernet/intel/igbvf/ethtool.o
  CC      drivers/leds/led-triggers.o
  CC [M]  drivers/media/rc/keymaps/rc-snapstream-firefly.o
  CC      drivers/net/ethernet/intel/e1000e/param.o
  CC      drivers/mmc/core/sdio_irq.o
  CC      drivers/net/ethernet/hisilicon/hns3/hns3_common/hclge_comm_cmd.o
  CC      drivers/mmc/host/dw_mmc-pltfm.o
  CC [M]  drivers/gpu/drm/drm_gem_ttm_helper.o
  CC      drivers/firmware/arm_scpi.o
  CC [M]  drivers/media/rc/keymaps/rc-streamzap.o
  CC [M]  drivers/media/dvb-frontends/lnbp22.o
  CC      drivers/net/ethernet/intel/e1000e/ethtool.o
  AR      drivers/ufs/core/built-in.a
  AR      drivers/ufs/built-in.a
  CC      drivers/mmc/host/dw_mmc-exynos.o
  CC      drivers/net/ethernet/intel/igbvf/netdev.o
  CC      drivers/net/ethernet/hisilicon/hns3/hns3_common/hclge_comm_rss.o
  CC      drivers/leds/leds-gpio.o
  CC [M]  drivers/media/rc/keymaps/rc-su3000.o
  CC [M]  drivers/gpu/drm/ttm/ttm_tt.o
  CC      drivers/net/ethernet/intel/igb/e1000_mac.o
  CC [M]  drivers/media/rc/keymaps/rc-tanix-tx3mini.o
  CC      drivers/usb/gadget/function/f_midi.o
  CC [M]  drivers/media/rc/keymaps/rc-tanix-tx5max.o
  CC      drivers/mmc/core/slot-gpio.o
  CC [M]  drivers/media/rc/ir-sanyo-decoder.o
  CC      drivers/mmc/host/dw_mmc-hi3798cv200.o
  CC      drivers/net/ethernet/intel/e1000e/netdev.o
  CC [M]  drivers/crypto/hisilicon/qm.o
  CC      drivers/leds/leds-pwm.o
  CC      drivers/usb/gadget/function/f_hid.o
  CC [M]  drivers/media/rc/keymaps/rc-tbs-nec.o
  CC      drivers/firmware/scpi_pm_domain.o
  CC [M]  drivers/media/dvb-frontends/m88ds3103.o
  CC      drivers/net/ethernet/hisilicon/hns3/hns3_common/hclge_comm_tqp_stats.o
  CC [M]  drivers/gpu/drm/ttm/ttm_bo.o
  CC      drivers/leds/leds-syscon.o
  CC      drivers/mmc/host/dw_mmc-k3.o
  CC [M]  drivers/media/rc/ir-sharp-decoder.o
  CC      drivers/leds/trigger/ledtrig-timer.o
  CC [M]  drivers/media/rc/keymaps/rc-technisat-ts35.o
  CC      drivers/firmware/dmi_scan.o
  CC      drivers/clocksource/timer-of.o
  CC      drivers/net/ethernet/intel/igb/e1000_nvm.o
  CC      drivers/mmc/core/regulator.o
  CC      drivers/clocksource/timer-probe.o
  AR      drivers/usb/gadget/function/built-in.a
  AR      drivers/net/ethernet/intel/igbvf/built-in.a
  AR      drivers/usb/gadget/built-in.a
  AR      drivers/usb/built-in.a
  CC [M]  drivers/gpu/drm/scheduler/sched_main.o
  CC      drivers/leds/trigger/ledtrig-disk.o
  CC [M]  drivers/crypto/hisilicon/sgl.o
  CC [M]  drivers/media/rc/keymaps/rc-technisat-usb2.o
  AR      drivers/net/ethernet/hisilicon/hns3/built-in.a
  AR      drivers/net/ethernet/hisilicon/built-in.a
  CC [M]  drivers/media/dvb-frontends/m88rs2000.o
  CC      drivers/net/ethernet/intel/e1000e/ptp.o
  CC [M]  drivers/crypto/ccree/cc_driver.o
  CC      drivers/mmc/host/sdhci-pltfm.o
  CC [M]  drivers/media/rc/keymaps/rc-terratec-cinergy-c-pci.o
  CC      drivers/clocksource/mmio.o
  CC      drivers/net/ethernet/intel/igb/e1000_phy.o
  CC [M]  drivers/gpu/drm/ttm/ttm_bo_util.o
  CC      drivers/leds/trigger/ledtrig-heartbeat.o
  CC      drivers/mmc/core/pwrseq.o
  CC [M]  drivers/crypto/hisilicon/debugfs.o
  CC      drivers/firmware/dmi-id.o
  CC [M]  drivers/crypto/ccree/cc_buffer_mgr.o
  CC [M]  drivers/media/rc/keymaps/rc-terratec-cinergy-s2-hd.o
  CC [M]  drivers/crypto/hisilicon/hpre/hpre_main.o
  CC      drivers/clocksource/arm_arch_timer.o
  CC [M]  drivers/crypto/ccree/cc_request_mgr.o
  CC [M]  drivers/gpu/drm/scheduler/sched_fence.o
  CC      drivers/leds/trigger/ledtrig-cpu.o
  CC      drivers/mmc/host/sdhci-cadence.o
  CC [M]  drivers/media/rc/keymaps/rc-terratec-cinergy-xs.o
  CC      drivers/firmware/sysfb.o
  CC [M]  drivers/media/dvb-frontends/mb86a16.o
  CC [M]  drivers/gpu/drm/ttm/ttm_bo_vm.o
  CC      drivers/net/ethernet/intel/igb/e1000_mbx.o
  CC      drivers/hid/hid-core.o
  CC [M]  drivers/crypto/hisilicon/sec2/sec_main.o
  CC [M]  drivers/media/rc/keymaps/rc-terratec-slim-2.o
  CC      drivers/mmc/core/debugfs.o
  CC [M]  drivers/gpu/drm/scheduler/sched_entity.o
  CC [M]  drivers/crypto/ccree/cc_cipher.o
  CC      drivers/leds/trigger/ledtrig-default-on.o
  CC      drivers/mmc/host/sdhci-esdhc-imx.o
  CC [M]  drivers/media/rc/keymaps/rc-terratec-slim.o
  AR      drivers/net/ethernet/intel/e1000e/built-in.a
  CC [M]  drivers/crypto/hisilicon/zip/zip_main.o
  CC [M]  drivers/crypto/hisilicon/hpre/hpre_crypto.o
  CC      drivers/leds/trigger/ledtrig-panic.o
  CC      drivers/clocksource/dummy_timer.o
  CC      drivers/mmc/core/pwrseq_simple.o
  CC      drivers/net/ethernet/intel/igb/e1000_i210.o
  CC      drivers/firmware/arm_scmi/bus.o
  CC [M]  drivers/media/rc/keymaps/rc-tevii-nec.o
  CC [M]  drivers/gpu/drm/ttm/ttm_module.o
  AR      drivers/leds/trigger/built-in.a
  CC      drivers/clocksource/timer-imx-tpm.o
  CC [M]  drivers/leds/led-class-multicolor.o
  LD [M]  drivers/gpu/drm/scheduler/gpu-sched.o
  CC      drivers/hid/hid-input.o
  CC [M]  drivers/crypto/ccree/cc_hash.o
  CC [M]  drivers/crypto/hisilicon/sec2/sec_crypto.o
  CC      drivers/mmc/core/pwrseq_emmc.o
  CC [M]  drivers/media/rc/keymaps/rc-tivo.o
  CC [M]  drivers/gpu/drm/ttm/ttm_execbuf_util.o
  CC      drivers/mmc/host/sdhci-of-arasan.o
  CC      drivers/clocksource/timer-imx-sysctr.o
  CC      drivers/net/ethernet/intel/igb/igb_ptp.o
  CC      drivers/firmware/arm_scmi/driver.o
  CC [M]  drivers/crypto/caam/error.o
  LD [M]  drivers/crypto/hisilicon/hpre/hisi_hpre.o
  CC [M]  drivers/gpu/drm/ttm/ttm_range_manager.o
  CC [M]  drivers/media/rc/keymaps/rc-total-media-in-hand-02.o
  CC [M]  drivers/media/dvb-frontends/mb86a20s.o
  CC [M]  drivers/crypto/hisilicon/zip/zip_crypto.o
  CC [M]  drivers/leds/leds-lm3692x.o
  CC      drivers/mmc/core/block.o
  AR      drivers/clocksource/built-in.a
  CC      drivers/net/ethernet/intel/igb/igb_hwmon.o
  CC [M]  drivers/media/rc/keymaps/rc-total-media-in-hand.o
  CC [M]  drivers/crypto/ccree/cc_aead.o
  CC      drivers/mmc/host/sdhci-of-esdhc.o
  CC [M]  drivers/gpu/drm/nouveau/nvif/object.o
  LD [M]  drivers/crypto/hisilicon/sec2/hisi_sec2.o
  LD [M]  drivers/crypto/hisilicon/zip/hisi_zip.o
  CC [M]  drivers/leds/leds-pca9532.o
  CC [M]  drivers/crypto/hisilicon/trng/trng.o
  CC [M]  drivers/gpu/drm/etnaviv/etnaviv_buffer.o
  CC [M]  drivers/media/rc/ir-sony-decoder.o
  CC [M]  drivers/media/rc/keymaps/rc-trekstor.o
  CC [M]  drivers/gpu/drm/ttm/ttm_resource.o
  CC      drivers/firmware/arm_scmi/notify.o
  CC [M]  drivers/crypto/caam/ctrl.o
  AR      drivers/net/ethernet/intel/igb/built-in.a
  AR      drivers/net/ethernet/intel/built-in.a
make[3]: *** [scripts/Makefile.build:503: drivers/net/ethernet] Error 2
make[2]: *** [scripts/Makefile.build:503: drivers/net] Error 2
make[2]: *** Waiting for unfinished jobs....
  CC [M]  drivers/crypto/amlogic/amlogic-gxl-core.o
  CC      drivers/hid/hid-quirks.o
  CC [M]  drivers/media/rc/keymaps/rc-tt-1500.o
  CC      drivers/mmc/core/queue.o
  CC [M]  drivers/gpu/drm/nouveau/nvif/client.o
  LD [M]  drivers/crypto/hisilicon/trng/hisi-trng-v2.o
  LD [M]  drivers/crypto/hisilicon/hisi_qm.o
  CC [M]  drivers/gpu/drm/nouveau/nvif/conn.o
  CC [M]  drivers/crypto/ccree/cc_sram_mgr.o
  CC [M]  drivers/media/dvb-frontends/mn88443x.o
  CC [M]  drivers/leds/leds-pca995x.o
  CC      drivers/mmc/host/cqhci-core.o
  CC [M]  drivers/crypto/amlogic/amlogic-gxl-cipher.o
  CC [M]  drivers/media/rc/keymaps/rc-twinhan1027.o
  CC      drivers/mmc/host/sdhci-xenon.o
  CC [M]  drivers/gpu/drm/etnaviv/etnaviv_cmd_parser.o
  CC [M]  drivers/gpu/drm/ttm/ttm_pool.o
  CC      drivers/firmware/arm_scmi/base.o
  CC      drivers/hid/hid-debug.o
  CC [M]  drivers/gpu/drm/nouveau/nvif/device.o
  CC [M]  drivers/media/rc/ir-xmp-decoder.o
  AR      drivers/mmc/core/built-in.a
  CC [M]  drivers/crypto/ccree/cc_debugfs.o
  CC [M]  drivers/crypto/ccree/cc_pm.o
  CC [M]  drivers/media/rc/keymaps/rc-twinhan-dtv-cab-ci.o
  CC [M]  drivers/crypto/caam/debugfs.o
  AR      drivers/leds/built-in.a
  CC [M]  drivers/crypto/caam/jr.o
  CC [M]  drivers/media/dvb-frontends/mn88472.o
  LD [M]  drivers/crypto/amlogic/amlogic-gxl-crypto.o
  CC [M]  drivers/gpu/drm/pl111/pl111_display.o
  CC      drivers/firmware/arm_scmi/clock.o
  CC [M]  drivers/gpu/drm/etnaviv/etnaviv_cmdbuf.o
  CC [M]  drivers/media/rc/keymaps/rc-vega-s9x.o
  CC      drivers/hid/hid-generic.o
  CC [M]  drivers/gpu/drm/ttm/ttm_device.o
  CC      drivers/mmc/host/sdhci-xenon-phy.o
  CC [M]  drivers/gpu/drm/nouveau/nvif/disp.o
  LD [M]  drivers/crypto/ccree/ccree.o
  CC [M]  drivers/media/dvb-frontends/mn88473.o
  CC      drivers/hid/hid-a4tech.o
  CC [M]  drivers/gpu/drm/pl111/pl111_versatile.o
  CC [M]  drivers/media/rc/keymaps/rc-videomate-m1f.o
  CC      drivers/firmware/arm_scmi/perf.o
  CC [M]  drivers/gpu/drm/lima/lima_drv.o
  CC      drivers/hid/hid-apple.o
  CC      drivers/firmware/efi/efi.o
  CC [M]  drivers/media/rc/gpio-ir-recv.o
  CC      drivers/firmware/imx/imx-dsp.o
  CC [M]  drivers/crypto/caam/key_gen.o
  CC [M]  drivers/gpu/drm/etnaviv/etnaviv_drv.o
  CC [M]  drivers/media/rc/keymaps/rc-videomate-s350.o
  CC      drivers/firmware/imx/imx-scu.o
  CC [M]  drivers/gpu/drm/nouveau/nvif/driver.o
  AR      drivers/mmc/host/built-in.a
  AR      drivers/mmc/built-in.a
  CC [M]  drivers/gpu/drm/nouveau/nvif/fifo.o
  CC [M]  drivers/gpu/drm/ttm/ttm_sys_manager.o
  CC [M]  drivers/media/dvb-frontends/mt312.o
  CC [M]  drivers/gpu/drm/lima/lima_device.o
  CC [M]  drivers/gpu/drm/pl111/pl111_drv.o
  CC      drivers/firmware/arm_scmi/power.o
  CC      drivers/hid/hid-belkin.o
  CC      drivers/firmware/imx/misc.o
  CC [M]  drivers/media/rc/keymaps/rc-videomate-tv-pvr.o
  CC      drivers/firmware/efi/vars.o
  LD [M]  drivers/gpu/drm/ttm/ttm.o
  CC [M]  drivers/gpu/drm/etnaviv/etnaviv_dump.o
  CC      drivers/firmware/imx/imx-scu-irq.o
  CC [M]  drivers/gpu/drm/panfrost/panfrost_drv.o
  CC [M]  drivers/gpu/drm/panfrost/panfrost_device.o
  CC      drivers/firmware/arm_scmi/reset.o
  CC      drivers/hid/hid-cherry.o
  CC [M]  drivers/gpu/drm/nouveau/nvif/mem.o
  CC [M]  drivers/gpu/drm/etnaviv/etnaviv_gem_prime.o
  CC      drivers/firmware/arm_scmi/sensors.o
  CC [M]  drivers/media/rc/keymaps/rc-videostrong-kii-pro.o
  CC [M]  drivers/gpu/drm/pl111/pl111_debugfs.o
  CC [M]  drivers/gpu/drm/lima/lima_pmu.o
  CC [M]  drivers/gpu/drm/panfrost/panfrost_devfreq.o
  CC      drivers/hid/hid-chicony.o
  CC [M]  drivers/crypto/caam/caamkeyblob.o
  CC      drivers/firmware/psci/psci.o
  CC [M]  drivers/media/rc/keymaps/rc-wetek-hub.o
  CC      drivers/firmware/efi/reboot.o
  CC      drivers/firmware/imx/rm.o
  CC [M]  drivers/gpu/drm/nouveau/nvif/mmu.o
  CC [M]  drivers/media/dvb-frontends/mt352.o
  CC [M]  drivers/crypto/caam/caamkeygen.o
  CC [M]  drivers/gpu/drm/lima/lima_l2_cache.o
  LD [M]  drivers/gpu/drm/pl111/pl111_drm.o
  CC [M]  drivers/gpu/drm/panfrost/panfrost_gem.o
  CC      drivers/hid/hid-cypress.o
  CC      drivers/firmware/arm_scmi/system.o
  CC [M]  drivers/gpu/drm/etnaviv/etnaviv_gem_submit.o
  CC      drivers/firmware/smccc/smccc.o
  CC [M]  drivers/media/rc/keymaps/rc-wetek-play2.o
  CC      drivers/firmware/efi/memattr.o
  CC [M]  drivers/gpu/drm/lima/lima_mmu.o
  CC [M]  drivers/crypto/caam/caamalg.o
  CC [M]  drivers/gpu/drm/nouveau/nvif/notify.o
  CC      drivers/hid/hid-ezkey.o
  CC      drivers/firmware/arm_scmi/voltage.o
  AR      drivers/firmware/psci/built-in.a
  CC [M]  drivers/media/rc/keymaps/rc-winfast.o
  CC      drivers/firmware/imx/imx-scu-soc.o
  CC [M]  drivers/gpu/drm/etnaviv/etnaviv_gem.o
  CC [M]  drivers/media/rc/keymaps/rc-winfast-usbii-deluxe.o
  CC [M]  drivers/gpu/drm/panfrost/panfrost_gem_shrinker.o
  CC      drivers/firmware/efi/tpm.o
  CC [M]  drivers/gpu/drm/lima/lima_gp.o
  CC      drivers/firmware/smccc/soc_id.o
  CC      drivers/hid/hid-ite.o
  AR      drivers/gpu/drm/built-in.a
  CC      drivers/firmware/arm_scmi/powercap.o
  CC      drivers/firmware/imx/seco.o
  CC      drivers/firmware/arm_scmi/shmem.o
  CC [M]  drivers/gpu/drm/panfrost/panfrost_gpu.o
  CC      drivers/firmware/imx/scu-pd.o
  CC [M]  drivers/media/rc/keymaps/rc-x96max.o
  CC [M]  drivers/media/dvb-frontends/mxl5xx.o
  CC [M]  drivers/gpu/drm/nouveau/nvif/outp.o
  CC [M]  drivers/gpu/drm/lima/lima_pp.o
  AR      drivers/firmware/smccc/built-in.a
  CC      drivers/firmware/efi/memmap.o
  CC      drivers/hid/hid-kensington.o
  CC      drivers/firmware/imx/seco_mu.o
  LD [M]  drivers/gpu/drm/drm_shmem_helper.o
  CC      drivers/firmware/efi/capsule.o
  CC [M]  drivers/media/rc/keymaps/rc-xbox-360.o
  CC [M]  drivers/gpu/drm/etnaviv/etnaviv_gpu.o
  CC [M]  drivers/gpu/drm/panfrost/panfrost_job.o
  CC      drivers/firmware/arm_scmi/mailbox.o
  CC [M]  drivers/media/dvb-frontends/mxl692.o
  CC [M]  drivers/crypto/caam/caamhash.o
  CC [M]  drivers/gpu/drm/lima/lima_gem.o
  CC      drivers/hid/hid-lg.o
  LD [M]  drivers/gpu/drm/drm_vram_helper.o
  CC [M]  drivers/media/rc/keymaps/rc-xbox-dvd.o
  CC [M]  drivers/gpu/drm/etnaviv/etnaviv_hwdb.o
  CC [M]  drivers/gpu/drm/nouveau/nvif/timer.o
  CC [M]  drivers/gpu/drm/panfrost/panfrost_mmu.o
  CC [M]  drivers/media/dvb-frontends/nxt200x.o
  CC      drivers/firmware/imx/ele_mu.o
  CC      drivers/firmware/arm_scmi/smc.o
  CC      drivers/hid/hid-lg-g15.o
  CC [M]  drivers/media/rc/keymaps/rc-zx-irdec.o
  CC      drivers/firmware/efi/fdtparams.o
  CC [M]  drivers/media/dvb-frontends/nxt6000.o
  LD [M]  drivers/gpu/drm/drm_ttm_helper.o
  CC [M]  drivers/gpu/drm/nouveau/nvif/vmm.o
  CC [M]  drivers/gpu/drm/lima/lima_vm.o
  CC [M]  drivers/gpu/drm/etnaviv/etnaviv_iommu_v2.o
  CC [M]  drivers/crypto/caam/caamrng.o
  CC      drivers/firmware/arm_scmi/msg.o
  LD [M]  drivers/media/rc/rc-core.o
  CC [M]  drivers/media/dvb-frontends/or51132.o
  CC      drivers/firmware/efi/esrt.o
  CC [M]  drivers/gpu/drm/lima/lima_sched.o
  CC      drivers/firmware/imx/ele_base_msg.o
  CC [M]  drivers/gpu/drm/panfrost/panfrost_perfcnt.o
  CC [M]  drivers/crypto/caam/caamprng.o
  CC      drivers/hid/hid-microsoft.o
  CC      drivers/firmware/imx/ele_fw_api.o
  CC      drivers/firmware/arm_scmi/optee.o
  CC [M]  drivers/gpu/drm/nouveau/nvif/user.o
  CC [M]  drivers/crypto/caam/caampkc.o
  CC [M]  drivers/gpu/drm/etnaviv/etnaviv_iommu.o
  CC      drivers/firmware/efi/efi-pstore.o
  CC [M]  drivers/gpu/drm/nouveau/nvif/userc361.o
  CC [M]  drivers/media/dvb-frontends/or51211.o
  CC [M]  drivers/gpu/drm/lima/lima_ctx.o
  CC      drivers/hid/hid-monterey.o
  CC [M]  drivers/crypto/caam/pkc_desc.o
  CC [M]  drivers/gpu/drm/panfrost/panfrost_dump.o
  CC [M]  drivers/gpu/drm/lima/lima_dlbu.o
  CC      drivers/firmware/imx/ele_trng.o
  CC [M]  drivers/gpu/drm/lima/lima_bcast.o
  CC      drivers/firmware/arm_scmi/scmi_pm_domain.o
  CC      drivers/hid/hid-redragon.o
  CC      drivers/firmware/efi/cper.o
  CC [M]  drivers/crypto/caam/blob_gen.o
  CC      drivers/hid/usbhid/hid-core.o
  CC [M]  drivers/gpu/drm/etnaviv/etnaviv_mmu.o
  CC [M]  drivers/gpu/drm/nouveau/nvkm/core/client.o
  CC      drivers/firmware/efi/runtime-wrappers.o
  CC [M]  drivers/gpu/drm/lima/lima_trace.o
  AR      drivers/firmware/imx/built-in.a
  CC [M]  drivers/gpu/drm/nouveau/nvkm/core/engine.o
  CC [M]  drivers/crypto/caam/sm_store.o
  CC [M]  drivers/media/dvb-frontends/dvb-pll.o
  LD [M]  drivers/gpu/drm/panfrost/panfrost.o
  CC [M]  drivers/hid/hid-multitouch.o
  CC [M]  drivers/gpu/drm/nouveau/nvkm/core/enum.o
  AR      drivers/firmware/arm_scmi/built-in.a
  CC [M]  drivers/hid/i2c-hid/i2c-hid-core.o
  CC [M]  drivers/gpu/drm/lima/lima_devfreq.o
  CC      drivers/firmware/efi/sysfb_efi.o
  CC [M]  drivers/media/dvb-frontends/rtl2830.o
  CC [M]  drivers/gpu/drm/etnaviv/etnaviv_perfmon.o
  CC [M]  drivers/hid/i2c-hid/i2c-hid-dmi-quirks.o
  CC [M]  drivers/crypto/caam/caamalg_desc.o
  CC [M]  drivers/gpu/drm/etnaviv/etnaviv_sched.o
  CC [M]  drivers/hid/i2c-hid/i2c-hid-acpi.o
  CC [M]  drivers/gpu/drm/nouveau/nvkm/core/event.o
  LD [M]  drivers/gpu/drm/lima/lima.o
  CC      drivers/firmware/efi/efi-init.o
  CC [M]  drivers/media/dvb-frontends/rtl2832.o
  CC [M]  drivers/gpu/drm/nouveau/nvkm/core/firmware.o
  CC [M]  drivers/hid/i2c-hid/i2c-hid-of.o
  CC [M]  drivers/media/dvb-frontends/rtl2832_sdr.o
  AR      drivers/hid/usbhid/built-in.a
  CC [M]  drivers/crypto/caam/caamhash_desc.o
  CC [M]  drivers/gpu/drm/nouveau/nvkm/core/gpuobj.o
  CC [M]  drivers/media/dvb-frontends/s5h1409.o
  AR      drivers/hid/built-in.a
  CC [M]  drivers/crypto/caam/caamkeyblob_desc.o
  CC      drivers/firmware/efi/arm-runtime.o
  CC [M]  drivers/gpu/drm/nouveau/nvkm/core/ioctl.o
  LD [M]  drivers/gpu/drm/etnaviv/etnaviv.o
  CC      drivers/firmware/efi/capsule-loader.o
  CC      drivers/firmware/efi/earlycon.o
  CC [M]  drivers/crypto/caam/fsl_jr_uio.o
  CC [M]  drivers/media/dvb-frontends/s5h1411.o
  CC      drivers/firmware/efi/cper-arm.o
  CC [M]  drivers/gpu/drm/nouveau/nvkm/core/memory.o
  LD [M]  drivers/hid/i2c-hid/i2c-hid.o
  CC [M]  drivers/crypto/caam/sm_test.o
  CC      drivers/firmware/efi/libstub/efi-stub-helper.o
  CC [M]  drivers/media/dvb-frontends/s5h1420.o
  CC [M]  drivers/crypto/caam/secvio.o
  CC [M]  drivers/media/dvb-frontends/s5h1432.o
  CC [M]  drivers/media/dvb-frontends/s921.o
  CC      drivers/firmware/efi/libstub/gop.o
  CC [M]  drivers/media/dvb-frontends/si2165.o
  CC      drivers/firmware/efi/libstub/secureboot.o
  CC [M]  drivers/crypto/caam/caamalg_qi2.o
  CC [M]  drivers/gpu/drm/nouveau/nvkm/core/mm.o
  AR      drivers/firmware/efi/built-in.a
  CC [M]  drivers/crypto/caam/dpseci.o
  CC      drivers/firmware/efi/libstub/tpm.o
  CC [M]  drivers/gpu/drm/nouveau/nvkm/core/notify.o
  CC [M]  drivers/crypto/caam/dpseci-debugfs.o
  CC [M]  drivers/media/dvb-frontends/si2168.o
  CC [M]  drivers/gpu/drm/nouveau/nvkm/core/object.o
  CC      drivers/firmware/efi/libstub/file.o
  CC [M]  drivers/media/dvb-frontends/si21xx.o
  CC [M]  drivers/gpu/drm/nouveau/nvkm/core/oproxy.o
  CC [M]  drivers/media/dvb-frontends/sp2.o
  CC [M]  drivers/gpu/drm/nouveau/nvkm/core/option.o
  CC [M]  drivers/media/dvb-frontends/sp887x.o
  CC      drivers/firmware/efi/libstub/mem.o
  CC      drivers/firmware/efi/libstub/random.o
  LD [M]  drivers/crypto/caam/caam.o
  CC      drivers/firmware/efi/libstub/randomalloc.o
  CC [M]  drivers/gpu/drm/nouveau/nvkm/core/ramht.o
  CC [M]  drivers/media/dvb-frontends/stb0899_drv.o
  CC      drivers/firmware/efi/libstub/pci.o
  CC [M]  drivers/gpu/drm/nouveau/nvkm/core/subdev.o
  CC [M]  drivers/media/dvb-frontends/stb0899_algo.o
  LD [M]  drivers/crypto/caam/caam_jr.o
  CC [M]  drivers/gpu/drm/nouveau/nvkm/nvfw/fw.o
  CC [M]  drivers/gpu/drm/nouveau/nvkm/nvfw/hs.o
  CC      drivers/firmware/efi/libstub/alignedmem.o
  CC [M]  drivers/media/dvb-frontends/stb6000.o
  CC      drivers/firmware/efi/libstub/relocate.o
  CC [M]  drivers/media/dvb-frontends/stb6100.o
  CC [M]  drivers/gpu/drm/nouveau/nvkm/nvfw/ls.o
  CC      drivers/firmware/efi/libstub/fdt.o
  CC [M]  drivers/gpu/drm/nouveau/nvkm/nvfw/acr.o
  CC [M]  drivers/media/dvb-frontends/stv0288.o
  CC [M]  drivers/gpu/drm/nouveau/nvkm/nvfw/flcn.o
  CC [M]  drivers/media/dvb-frontends/stv0297.o
  CC [M]  drivers/media/dvb-frontends/stv0299.o
  CC      drivers/firmware/efi/libstub/efi-stub.o
  CC [M]  drivers/gpu/drm/nouveau/nvkm/falcon/base.o
  CC [M]  drivers/gpu/drm/nouveau/nvkm/falcon/cmdq.o
  CC      drivers/firmware/efi/libstub/intrinsics.o
  CC [M]  drivers/media/dvb-frontends/stv0367.o
  CC      drivers/firmware/efi/libstub/systable.o
  CC [M]  drivers/gpu/drm/nouveau/nvkm/falcon/msgq.o
  CC      drivers/firmware/efi/libstub/arm64-stub.o
  CC [M]  drivers/media/dvb-frontends/stv0900_core.o
  CC [M]  drivers/media/dvb-frontends/stv0900_sw.o
  CC      drivers/firmware/efi/libstub/smbios.o
  CC [M]  drivers/media/dvb-frontends/stv090x.o
  STUBCPY drivers/firmware/efi/libstub/alignedmem.stub.o
  CC [M]  drivers/media/dvb-frontends/stv0910.o
  CC [M]  drivers/gpu/drm/nouveau/nvkm/falcon/qmgr.o
  STUBCPY drivers/firmware/efi/libstub/efi-stub-helper.stub.o
  CC [M]  drivers/media/dvb-frontends/stv6110.o
  CC [M]  drivers/media/dvb-frontends/stv6110x.o
  CC [M]  drivers/media/dvb-frontends/stv6111.o
  CC [M]  drivers/media/dvb-frontends/tc90522.o
  STUBCPY drivers/firmware/efi/libstub/efi-stub.stub.o
  CC [M]  drivers/gpu/drm/nouveau/nvkm/falcon/v1.o
  STUBCPY drivers/firmware/efi/libstub/fdt.stub.o
  CC [M]  drivers/media/dvb-frontends/tda10021.o
  LD [M]  drivers/crypto/caam/dpaa2_caam.o
  CC [M]  drivers/gpu/drm/nouveau/nvkm/subdev/acr/base.o
  STUBCPY drivers/firmware/efi/libstub/file.stub.o
  STUBCPY drivers/firmware/efi/libstub/gop.stub.o
  STUBCPY drivers/firmware/efi/libstub/intrinsics.stub.o
  STUBCPY drivers/firmware/efi/libstub/mem.stub.o
  STUBCPY drivers/firmware/efi/libstub/pci.stub.o
  STUBCPY drivers/firmware/efi/libstub/random.stub.o
  STUBCPY drivers/firmware/efi/libstub/randomalloc.stub.o
  CC [M]  drivers/media/dvb-frontends/tda10023.o
  STUBCPY drivers/firmware/efi/libstub/relocate.stub.o
  STUBCPY drivers/firmware/efi/libstub/secureboot.stub.o
  STUBCPY drivers/firmware/efi/libstub/smbios.stub.o
  STUBCPY drivers/firmware/efi/libstub/systable.stub.o
  STUBCPY drivers/firmware/efi/libstub/tpm.stub.o
  STUBCPY drivers/firmware/efi/libstub/arm64-stub.stub.o
  AR      drivers/firmware/efi/libstub/lib.a
  AR      drivers/firmware/built-in.a
  CC [M]  drivers/gpu/drm/nouveau/nvkm/subdev/acr/hsfw.o
  CC [M]  drivers/media/dvb-frontends/tda10048.o
  CC [M]  drivers/gpu/drm/nouveau/nvkm/subdev/acr/lsfw.o
  CC [M]  drivers/media/dvb-frontends/tda1004x.o
  CC [M]  drivers/gpu/drm/nouveau/nvkm/subdev/acr/gm200.o
  CC [M]  drivers/media/dvb-frontends/tda10071.o
  CC [M]  drivers/media/dvb-frontends/tda10086.o
  CC [M]  drivers/media/dvb-frontends/tda18271c2dd.o
  CC [M]  drivers/gpu/drm/nouveau/nvkm/subdev/acr/gm20b.o
  CC [M]  drivers/gpu/drm/nouveau/nvkm/subdev/acr/gp102.o
  CC [M]  drivers/media/dvb-frontends/tda665x.o
  CC [M]  drivers/gpu/drm/nouveau/nvkm/subdev/acr/gp108.o
  CC [M]  drivers/media/dvb-frontends/tda8083.o
  CC [M]  drivers/gpu/drm/nouveau/nvkm/subdev/acr/gp10b.o
  CC [M]  drivers/media/dvb-frontends/tda8261.o
  CC [M]  drivers/gpu/drm/nouveau/nvkm/subdev/acr/tu102.o
  CC [M]  drivers/media/dvb-frontends/tda826x.o
  CC [M]  drivers/gpu/drm/nouveau/nvkm/subdev/bar/base.o
  CC [M]  drivers/media/dvb-frontends/ts2020.o
  CC [M]  drivers/gpu/drm/nouveau/nvkm/subdev/bar/nv50.o
  CC [M]  drivers/media/dvb-frontends/tua6100.o
  CC [M]  drivers/gpu/drm/nouveau/nvkm/subdev/bar/g84.o
  CC [M]  drivers/media/dvb-frontends/cx24113.o
  CC [M]  drivers/media/dvb-frontends/dib0070.o
  CC [M]  drivers/media/dvb-frontends/dib0090.o
  CC [M]  drivers/gpu/drm/nouveau/nvkm/subdev/bar/gf100.o
  CC [M]  drivers/media/dvb-frontends/itd1000.o
  CC [M]  drivers/gpu/drm/nouveau/nvkm/subdev/bar/gk20a.o
  CC [M]  drivers/media/dvb-frontends/ves1820.o
  CC [M]  drivers/gpu/drm/nouveau/nvkm/subdev/bar/gm107.o
  CC [M]  drivers/media/dvb-frontends/ves1x93.o
  CC [M]  drivers/gpu/drm/nouveau/nvkm/subdev/bar/gm20b.o
  CC [M]  drivers/media/dvb-frontends/zd1301_demod.o
  CC [M]  drivers/gpu/drm/nouveau/nvkm/subdev/bar/tu102.o
  CC [M]  drivers/media/dvb-frontends/zl10036.o
  CC [M]  drivers/media/dvb-frontends/zl10039.o
  CC [M]  drivers/media/dvb-frontends/zl10353.o
  CC [M]  drivers/gpu/drm/nouveau/nvkm/subdev/bios/base.o
  CC [M]  drivers/gpu/drm/nouveau/nvkm/subdev/bios/bit.o
  CC [M]  drivers/gpu/drm/nouveau/nvkm/subdev/bios/boost.o
  CC [M]  drivers/gpu/drm/nouveau/nvkm/subdev/bios/conn.o
  CC [M]  drivers/media/dvb-frontends/cxd2880/cxd2880_common.o
  CC [M]  drivers/gpu/drm/nouveau/nvkm/subdev/bios/cstep.o
  CC [M]  drivers/media/dvb-frontends/drx39xyj/drxj.o
  CC [M]  drivers/gpu/drm/nouveau/nvkm/subdev/bios/dcb.o
  CC [M]  drivers/media/dvb-frontends/cxd2880/cxd2880_devio_spi.o
  LD [M]  drivers/media/dvb-frontends/cxd2820r.o
  CC [M]  drivers/gpu/drm/nouveau/nvkm/subdev/bios/disp.o
  CC [M]  drivers/media/dvb-frontends/cxd2880/cxd2880_integ.o
  CC [M]  drivers/gpu/drm/nouveau/nvkm/subdev/bios/dp.o
  CC [M]  drivers/media/dvb-frontends/cxd2880/cxd2880_io.o
  CC [M]  drivers/media/dvb-frontends/cxd2880/cxd2880_spi_device.o
  CC [M]  drivers/gpu/drm/nouveau/nvkm/subdev/bios/extdev.o
  LD [M]  drivers/media/dvb-frontends/drxd.o
  LD [M]  drivers/media/dvb-frontends/drxk.o
  CC [M]  drivers/media/dvb-frontends/cxd2880/cxd2880_tnrdmd.o
  LD [M]  drivers/media/dvb-frontends/stb0899.o
  CC [M]  drivers/media/dvb-frontends/cxd2880/cxd2880_tnrdmd_dvbt2.o
  CC [M]  drivers/gpu/drm/nouveau/nvkm/subdev/bios/fan.o
  CC [M]  drivers/gpu/drm/nouveau/nvkm/subdev/bios/gpio.o
  LD [M]  drivers/media/dvb-frontends/stv0900.o
  CC [M]  drivers/media/dvb-frontends/cxd2880/cxd2880_tnrdmd_dvbt2_mon.o
  CC [M]  drivers/gpu/drm/nouveau/nvkm/subdev/bios/i2c.o
  CC [M]  drivers/media/dvb-frontends/cxd2880/cxd2880_tnrdmd_dvbt.o
  CC [M]  drivers/gpu/drm/nouveau/nvkm/subdev/bios/iccsense.o
  CC [M]  drivers/media/dvb-frontends/cxd2880/cxd2880_tnrdmd_dvbt_mon.o
  CC [M]  drivers/gpu/drm/nouveau/nvkm/subdev/bios/image.o
  CC [M]  drivers/media/dvb-frontends/cxd2880/cxd2880_tnrdmd_mon.o
  CC [M]  drivers/media/dvb-frontends/cxd2880/cxd2880_top.o
  CC [M]  drivers/gpu/drm/nouveau/nvkm/subdev/bios/init.o
  CC [M]  drivers/gpu/drm/nouveau/nvkm/subdev/bios/mxm.o
  CC [M]  drivers/gpu/drm/nouveau/nvkm/subdev/bios/npde.o
  CC [M]  drivers/gpu/drm/nouveau/nvkm/subdev/bios/pcir.o
  CC [M]  drivers/gpu/drm/nouveau/nvkm/subdev/bios/perf.o
  CC [M]  drivers/gpu/drm/nouveau/nvkm/subdev/bios/pll.o
  CC [M]  drivers/gpu/drm/nouveau/nvkm/subdev/bios/pmu.o
  CC [M]  drivers/gpu/drm/nouveau/nvkm/subdev/bios/power_budget.o
  CC [M]  drivers/gpu/drm/nouveau/nvkm/subdev/bios/ramcfg.o
  CC [M]  drivers/gpu/drm/nouveau/nvkm/subdev/bios/rammap.o
  CC [M]  drivers/gpu/drm/nouveau/nvkm/subdev/bios/shadow.o
  CC [M]  drivers/gpu/drm/nouveau/nvkm/subdev/bios/shadowacpi.o
  CC [M]  drivers/gpu/drm/nouveau/nvkm/subdev/bios/shadowof.o
  CC [M]  drivers/gpu/drm/nouveau/nvkm/subdev/bios/shadowpci.o
  CC [M]  drivers/gpu/drm/nouveau/nvkm/subdev/bios/shadowramin.o
  CC [M]  drivers/gpu/drm/nouveau/nvkm/subdev/bios/shadowrom.o
  CC [M]  drivers/gpu/drm/nouveau/nvkm/subdev/bios/timing.o
  CC [M]  drivers/gpu/drm/nouveau/nvkm/subdev/bios/therm.o
  CC [M]  drivers/gpu/drm/nouveau/nvkm/subdev/bios/vmap.o
  CC [M]  drivers/gpu/drm/nouveau/nvkm/subdev/bios/volt.o
  CC [M]  drivers/gpu/drm/nouveau/nvkm/subdev/bios/vpstate.o
  CC [M]  drivers/gpu/drm/nouveau/nvkm/subdev/bios/xpio.o
  CC [M]  drivers/gpu/drm/nouveau/nvkm/subdev/bios/M0203.o
  CC [M]  drivers/gpu/drm/nouveau/nvkm/subdev/bios/M0205.o
  CC [M]  drivers/gpu/drm/nouveau/nvkm/subdev/bios/M0209.o
  CC [M]  drivers/gpu/drm/nouveau/nvkm/subdev/bios/P0260.o
  CC [M]  drivers/gpu/drm/nouveau/nvkm/subdev/bus/base.o
  CC [M]  drivers/gpu/drm/nouveau/nvkm/subdev/bus/hwsq.o
  CC [M]  drivers/gpu/drm/nouveau/nvkm/subdev/bus/nv04.o
  LD [M]  drivers/media/dvb-frontends/cxd2880/cxd2880.o
  CC [M]  drivers/gpu/drm/nouveau/nvkm/subdev/bus/nv31.o
  CC [M]  drivers/gpu/drm/nouveau/nvkm/subdev/bus/nv50.o
  CC [M]  drivers/gpu/drm/nouveau/nvkm/subdev/bus/g94.o
  CC [M]  drivers/gpu/drm/nouveau/nvkm/subdev/bus/gf100.o
  CC [M]  drivers/gpu/drm/nouveau/nvkm/subdev/clk/base.o
  CC [M]  drivers/gpu/drm/nouveau/nvkm/subdev/clk/nv04.o
  CC [M]  drivers/gpu/drm/nouveau/nvkm/subdev/clk/nv40.o
  CC [M]  drivers/gpu/drm/nouveau/nvkm/subdev/clk/nv50.o
  CC [M]  drivers/gpu/drm/nouveau/nvkm/subdev/clk/g84.o
  CC [M]  drivers/gpu/drm/nouveau/nvkm/subdev/clk/gt215.o
  CC [M]  drivers/gpu/drm/nouveau/nvkm/subdev/clk/mcp77.o
  CC [M]  drivers/gpu/drm/nouveau/nvkm/subdev/clk/gf100.o
  CC [M]  drivers/gpu/drm/nouveau/nvkm/subdev/clk/gk104.o
  CC [M]  drivers/gpu/drm/nouveau/nvkm/subdev/clk/gk20a.o
  CC [M]  drivers/gpu/drm/nouveau/nvkm/subdev/clk/gm20b.o
  CC [M]  drivers/gpu/drm/nouveau/nvkm/subdev/clk/pllnv04.o
  CC [M]  drivers/gpu/drm/nouveau/nvkm/subdev/clk/pllgt215.o
  CC [M]  drivers/gpu/drm/nouveau/nvkm/subdev/devinit/base.o
  CC [M]  drivers/gpu/drm/nouveau/nvkm/subdev/devinit/nv04.o
  CC [M]  drivers/gpu/drm/nouveau/nvkm/subdev/devinit/nv05.o
  CC [M]  drivers/gpu/drm/nouveau/nvkm/subdev/devinit/nv10.o
  CC [M]  drivers/gpu/drm/nouveau/nvkm/subdev/devinit/nv1a.o
  LD [M]  drivers/media/dvb-frontends/drx39xyj/drx39xyj.o
  AR      drivers/media/built-in.a
  CC [M]  drivers/gpu/drm/nouveau/nvkm/subdev/devinit/nv20.o
  CC [M]  drivers/gpu/drm/nouveau/nvkm/subdev/devinit/nv50.o
  CC [M]  drivers/gpu/drm/nouveau/nvkm/subdev/devinit/g84.o
  CC [M]  drivers/gpu/drm/nouveau/nvkm/subdev/devinit/g98.o
  CC [M]  drivers/gpu/drm/nouveau/nvkm/subdev/devinit/gt215.o
  CC [M]  drivers/gpu/drm/nouveau/nvkm/subdev/devinit/mcp89.o
  CC [M]  drivers/gpu/drm/nouveau/nvkm/subdev/devinit/gf100.o
  CC [M]  drivers/gpu/drm/nouveau/nvkm/subdev/devinit/gm107.o
  CC [M]  drivers/gpu/drm/nouveau/nvkm/subdev/devinit/gm200.o
  CC [M]  drivers/gpu/drm/nouveau/nvkm/subdev/devinit/gv100.o
  CC [M]  drivers/gpu/drm/nouveau/nvkm/subdev/devinit/tu102.o
  CC [M]  drivers/gpu/drm/nouveau/nvkm/subdev/devinit/ga100.o
  CC [M]  drivers/gpu/drm/nouveau/nvkm/subdev/fault/base.o
  CC [M]  drivers/gpu/drm/nouveau/nvkm/subdev/fault/user.o
  CC [M]  drivers/gpu/drm/nouveau/nvkm/subdev/fault/gp100.o
  CC [M]  drivers/gpu/drm/nouveau/nvkm/subdev/fault/gp10b.o
  CC [M]  drivers/gpu/drm/nouveau/nvkm/subdev/fault/gv100.o
  CC [M]  drivers/gpu/drm/nouveau/nvkm/subdev/fault/tu102.o
  CC [M]  drivers/gpu/drm/nouveau/nvkm/subdev/fb/base.o
  CC [M]  drivers/gpu/drm/nouveau/nvkm/subdev/fb/nv04.o
  CC [M]  drivers/gpu/drm/nouveau/nvkm/subdev/fb/nv10.o
  CC [M]  drivers/gpu/drm/nouveau/nvkm/subdev/fb/nv1a.o
  CC [M]  drivers/gpu/drm/nouveau/nvkm/subdev/fb/nv20.o
  CC [M]  drivers/gpu/drm/nouveau/nvkm/subdev/fb/nv25.o
  CC [M]  drivers/gpu/drm/nouveau/nvkm/subdev/fb/nv30.o
  CC [M]  drivers/gpu/drm/nouveau/nvkm/subdev/fb/nv35.o
  CC [M]  drivers/gpu/drm/nouveau/nvkm/subdev/fb/nv36.o
  CC [M]  drivers/gpu/drm/nouveau/nvkm/subdev/fb/nv40.o
  CC [M]  drivers/gpu/drm/nouveau/nvkm/subdev/fb/nv41.o
  CC [M]  drivers/gpu/drm/nouveau/nvkm/subdev/fb/nv44.o
  CC [M]  drivers/gpu/drm/nouveau/nvkm/subdev/fb/nv46.o
  CC [M]  drivers/gpu/drm/nouveau/nvkm/subdev/fb/nv47.o
  CC [M]  drivers/gpu/drm/nouveau/nvkm/subdev/fb/nv49.o
  CC [M]  drivers/gpu/drm/nouveau/nvkm/subdev/fb/nv4e.o
  CC [M]  drivers/gpu/drm/nouveau/nvkm/subdev/fb/nv50.o
  CC [M]  drivers/gpu/drm/nouveau/nvkm/subdev/fb/g84.o
  CC [M]  drivers/gpu/drm/nouveau/nvkm/subdev/fb/gt215.o
  CC [M]  drivers/gpu/drm/nouveau/nvkm/subdev/fb/mcp77.o
  CC [M]  drivers/gpu/drm/nouveau/nvkm/subdev/fb/mcp89.o
  CC [M]  drivers/gpu/drm/nouveau/nvkm/subdev/fb/gf100.o
  CC [M]  drivers/gpu/drm/nouveau/nvkm/subdev/fb/gf108.o
  CC [M]  drivers/gpu/drm/nouveau/nvkm/subdev/fb/gk104.o
  CC [M]  drivers/gpu/drm/nouveau/nvkm/subdev/fb/gk110.o
  CC [M]  drivers/gpu/drm/nouveau/nvkm/subdev/fb/gk20a.o
  CC [M]  drivers/gpu/drm/nouveau/nvkm/subdev/fb/gm107.o
  CC [M]  drivers/gpu/drm/nouveau/nvkm/subdev/fb/gm200.o
  CC [M]  drivers/gpu/drm/nouveau/nvkm/subdev/fb/gm20b.o
  CC [M]  drivers/gpu/drm/nouveau/nvkm/subdev/fb/gp100.o
  CC [M]  drivers/gpu/drm/nouveau/nvkm/subdev/fb/gp102.o
  CC [M]  drivers/gpu/drm/nouveau/nvkm/subdev/fb/gp10b.o
  CC [M]  drivers/gpu/drm/nouveau/nvkm/subdev/fb/gv100.o
  CC [M]  drivers/gpu/drm/nouveau/nvkm/subdev/fb/ga100.o
  CC [M]  drivers/gpu/drm/nouveau/nvkm/subdev/fb/ga102.o
  CC [M]  drivers/gpu/drm/nouveau/nvkm/subdev/fb/ram.o
  CC [M]  drivers/gpu/drm/nouveau/nvkm/subdev/fb/ramnv04.o
  CC [M]  drivers/gpu/drm/nouveau/nvkm/subdev/fb/ramnv10.o
  CC [M]  drivers/gpu/drm/nouveau/nvkm/subdev/fb/ramnv1a.o
  CC [M]  drivers/gpu/drm/nouveau/nvkm/subdev/fb/ramnv20.o
  CC [M]  drivers/gpu/drm/nouveau/nvkm/subdev/fb/ramnv40.o
  CC [M]  drivers/gpu/drm/nouveau/nvkm/subdev/fb/ramnv41.o
  CC [M]  drivers/gpu/drm/nouveau/nvkm/subdev/fb/ramnv44.o
  CC [M]  drivers/gpu/drm/nouveau/nvkm/subdev/fb/ramnv49.o
  CC [M]  drivers/gpu/drm/nouveau/nvkm/subdev/fb/ramnv4e.o
  CC [M]  drivers/gpu/drm/nouveau/nvkm/subdev/fb/ramnv50.o
  CC [M]  drivers/gpu/drm/nouveau/nvkm/subdev/fb/ramgt215.o
  CC [M]  drivers/gpu/drm/nouveau/nvkm/subdev/fb/rammcp77.o
  CC [M]  drivers/gpu/drm/nouveau/nvkm/subdev/fb/ramgf100.o
  CC [M]  drivers/gpu/drm/nouveau/nvkm/subdev/fb/ramgf108.o
  CC [M]  drivers/gpu/drm/nouveau/nvkm/subdev/fb/ramgk104.o
  CC [M]  drivers/gpu/drm/nouveau/nvkm/subdev/fb/ramgm107.o
  CC [M]  drivers/gpu/drm/nouveau/nvkm/subdev/fb/ramgm200.o
  CC [M]  drivers/gpu/drm/nouveau/nvkm/subdev/fb/ramgp100.o
  CC [M]  drivers/gpu/drm/nouveau/nvkm/subdev/fb/ramga102.o
  CC [M]  drivers/gpu/drm/nouveau/nvkm/subdev/fb/sddr2.o
  CC [M]  drivers/gpu/drm/nouveau/nvkm/subdev/fb/sddr3.o
  CC [M]  drivers/gpu/drm/nouveau/nvkm/subdev/fb/gddr3.o
  CC [M]  drivers/gpu/drm/nouveau/nvkm/subdev/fb/gddr5.o
  CC [M]  drivers/gpu/drm/nouveau/nvkm/subdev/fuse/base.o
  CC [M]  drivers/gpu/drm/nouveau/nvkm/subdev/fuse/nv50.o
  CC [M]  drivers/gpu/drm/nouveau/nvkm/subdev/fuse/gf100.o
  CC [M]  drivers/gpu/drm/nouveau/nvkm/subdev/fuse/gm107.o
  CC [M]  drivers/gpu/drm/nouveau/nvkm/subdev/gpio/base.o
  CC [M]  drivers/gpu/drm/nouveau/nvkm/subdev/gpio/nv10.o
  CC [M]  drivers/gpu/drm/nouveau/nvkm/subdev/gpio/nv50.o
  CC [M]  drivers/gpu/drm/nouveau/nvkm/subdev/gpio/g94.o
  CC [M]  drivers/gpu/drm/nouveau/nvkm/subdev/gpio/gf119.o
  CC [M]  drivers/gpu/drm/nouveau/nvkm/subdev/gpio/gk104.o
  CC [M]  drivers/gpu/drm/nouveau/nvkm/subdev/gpio/ga102.o
  CC [M]  drivers/gpu/drm/nouveau/nvkm/subdev/gsp/base.o
  CC [M]  drivers/gpu/drm/nouveau/nvkm/subdev/gsp/gv100.o
  CC [M]  drivers/gpu/drm/nouveau/nvkm/subdev/i2c/base.o
  CC [M]  drivers/gpu/drm/nouveau/nvkm/subdev/i2c/nv04.o
  CC [M]  drivers/gpu/drm/nouveau/nvkm/subdev/i2c/nv4e.o
  CC [M]  drivers/gpu/drm/nouveau/nvkm/subdev/i2c/nv50.o
  CC [M]  drivers/gpu/drm/nouveau/nvkm/subdev/i2c/g94.o
  CC [M]  drivers/gpu/drm/nouveau/nvkm/subdev/i2c/gf117.o
  CC [M]  drivers/gpu/drm/nouveau/nvkm/subdev/i2c/gf119.o
  CC [M]  drivers/gpu/drm/nouveau/nvkm/subdev/i2c/gk104.o
  CC [M]  drivers/gpu/drm/nouveau/nvkm/subdev/i2c/gk110.o
  CC [M]  drivers/gpu/drm/nouveau/nvkm/subdev/i2c/gm200.o
  CC [M]  drivers/gpu/drm/nouveau/nvkm/subdev/i2c/pad.o
  CC [M]  drivers/gpu/drm/nouveau/nvkm/subdev/i2c/padnv04.o
  CC [M]  drivers/gpu/drm/nouveau/nvkm/subdev/i2c/padnv4e.o
  CC [M]  drivers/gpu/drm/nouveau/nvkm/subdev/i2c/padnv50.o
  CC [M]  drivers/gpu/drm/nouveau/nvkm/subdev/i2c/padg94.o
  CC [M]  drivers/gpu/drm/nouveau/nvkm/subdev/i2c/padgf119.o
  CC [M]  drivers/gpu/drm/nouveau/nvkm/subdev/i2c/padgm200.o
  CC [M]  drivers/gpu/drm/nouveau/nvkm/subdev/i2c/bus.o
  CC [M]  drivers/gpu/drm/nouveau/nvkm/subdev/i2c/busnv04.o
  CC [M]  drivers/gpu/drm/nouveau/nvkm/subdev/i2c/busnv4e.o
  CC [M]  drivers/gpu/drm/nouveau/nvkm/subdev/i2c/busnv50.o
  CC [M]  drivers/gpu/drm/nouveau/nvkm/subdev/i2c/busgf119.o
  CC [M]  drivers/gpu/drm/nouveau/nvkm/subdev/i2c/bit.o
  CC [M]  drivers/gpu/drm/nouveau/nvkm/subdev/i2c/aux.o
  CC [M]  drivers/gpu/drm/nouveau/nvkm/subdev/i2c/auxg94.o
  CC [M]  drivers/gpu/drm/nouveau/nvkm/subdev/i2c/auxgf119.o
  CC [M]  drivers/gpu/drm/nouveau/nvkm/subdev/i2c/auxgm200.o
  CC [M]  drivers/gpu/drm/nouveau/nvkm/subdev/i2c/anx9805.o
  CC [M]  drivers/gpu/drm/nouveau/nvkm/subdev/iccsense/base.o
  CC [M]  drivers/gpu/drm/nouveau/nvkm/subdev/iccsense/gf100.o
  CC [M]  drivers/gpu/drm/nouveau/nvkm/subdev/instmem/base.o
  CC [M]  drivers/gpu/drm/nouveau/nvkm/subdev/instmem/nv04.o
  CC [M]  drivers/gpu/drm/nouveau/nvkm/subdev/instmem/nv40.o
  CC [M]  drivers/gpu/drm/nouveau/nvkm/subdev/instmem/nv50.o
  CC [M]  drivers/gpu/drm/nouveau/nvkm/subdev/instmem/gk20a.o
  CC [M]  drivers/gpu/drm/nouveau/nvkm/subdev/ltc/base.o
  CC [M]  drivers/gpu/drm/nouveau/nvkm/subdev/ltc/gf100.o
  CC [M]  drivers/gpu/drm/nouveau/nvkm/subdev/ltc/gk104.o
  CC [M]  drivers/gpu/drm/nouveau/nvkm/subdev/ltc/gm107.o
  CC [M]  drivers/gpu/drm/nouveau/nvkm/subdev/ltc/gm200.o
  CC [M]  drivers/gpu/drm/nouveau/nvkm/subdev/ltc/gp100.o
  CC [M]  drivers/gpu/drm/nouveau/nvkm/subdev/ltc/gp102.o
  CC [M]  drivers/gpu/drm/nouveau/nvkm/subdev/ltc/gp10b.o
  CC [M]  drivers/gpu/drm/nouveau/nvkm/subdev/mc/base.o
  CC [M]  drivers/gpu/drm/nouveau/nvkm/subdev/mc/nv04.o
  CC [M]  drivers/gpu/drm/nouveau/nvkm/subdev/mc/nv11.o
  CC [M]  drivers/gpu/drm/nouveau/nvkm/subdev/mc/nv17.o
  CC [M]  drivers/gpu/drm/nouveau/nvkm/subdev/mc/nv44.o
  CC [M]  drivers/gpu/drm/nouveau/nvkm/subdev/mc/nv50.o
  CC [M]  drivers/gpu/drm/nouveau/nvkm/subdev/mc/g84.o
  CC [M]  drivers/gpu/drm/nouveau/nvkm/subdev/mc/g98.o
  CC [M]  drivers/gpu/drm/nouveau/nvkm/subdev/mc/gt215.o
  CC [M]  drivers/gpu/drm/nouveau/nvkm/subdev/mc/gf100.o
  CC [M]  drivers/gpu/drm/nouveau/nvkm/subdev/mc/gk104.o
  CC [M]  drivers/gpu/drm/nouveau/nvkm/subdev/mc/gk20a.o
  CC [M]  drivers/gpu/drm/nouveau/nvkm/subdev/mc/gp100.o
  CC [M]  drivers/gpu/drm/nouveau/nvkm/subdev/mc/gp10b.o
  CC [M]  drivers/gpu/drm/nouveau/nvkm/subdev/mc/tu102.o
  CC [M]  drivers/gpu/drm/nouveau/nvkm/subdev/mc/ga100.o
  CC [M]  drivers/gpu/drm/nouveau/nvkm/subdev/mmu/base.o
  CC [M]  drivers/gpu/drm/nouveau/nvkm/subdev/mmu/nv04.o
  CC [M]  drivers/gpu/drm/nouveau/nvkm/subdev/mmu/nv41.o
  CC [M]  drivers/gpu/drm/nouveau/nvkm/subdev/mmu/nv44.o
  CC [M]  drivers/gpu/drm/nouveau/nvkm/subdev/mmu/nv50.o
  CC [M]  drivers/gpu/drm/nouveau/nvkm/subdev/mmu/g84.o
  CC [M]  drivers/gpu/drm/nouveau/nvkm/subdev/mmu/mcp77.o
  CC [M]  drivers/gpu/drm/nouveau/nvkm/subdev/mmu/gf100.o
  CC [M]  drivers/gpu/drm/nouveau/nvkm/subdev/mmu/gk104.o
  CC [M]  drivers/gpu/drm/nouveau/nvkm/subdev/mmu/gk20a.o
  CC [M]  drivers/gpu/drm/nouveau/nvkm/subdev/mmu/gm200.o
  CC [M]  drivers/gpu/drm/nouveau/nvkm/subdev/mmu/gm20b.o
  CC [M]  drivers/gpu/drm/nouveau/nvkm/subdev/mmu/gp100.o
  CC [M]  drivers/gpu/drm/nouveau/nvkm/subdev/mmu/gp10b.o
  CC [M]  drivers/gpu/drm/nouveau/nvkm/subdev/mmu/gv100.o
  CC [M]  drivers/gpu/drm/nouveau/nvkm/subdev/mmu/tu102.o
  CC [M]  drivers/gpu/drm/nouveau/nvkm/subdev/mmu/mem.o
  CC [M]  drivers/gpu/drm/nouveau/nvkm/subdev/mmu/memnv04.o
  CC [M]  drivers/gpu/drm/nouveau/nvkm/subdev/mmu/memnv50.o
  CC [M]  drivers/gpu/drm/nouveau/nvkm/subdev/mmu/memgf100.o
  CC [M]  drivers/gpu/drm/nouveau/nvkm/subdev/mmu/vmm.o
  CC [M]  drivers/gpu/drm/nouveau/nvkm/subdev/mmu/vmmnv04.o
  CC [M]  drivers/gpu/drm/nouveau/nvkm/subdev/mmu/vmmnv41.o
  CC [M]  drivers/gpu/drm/nouveau/nvkm/subdev/mmu/vmmnv44.o
  CC [M]  drivers/gpu/drm/nouveau/nvkm/subdev/mmu/vmmnv50.o
  CC [M]  drivers/gpu/drm/nouveau/nvkm/subdev/mmu/vmmmcp77.o
  CC [M]  drivers/gpu/drm/nouveau/nvkm/subdev/mmu/vmmgf100.o
  CC [M]  drivers/gpu/drm/nouveau/nvkm/subdev/mmu/vmmgk104.o
  CC [M]  drivers/gpu/drm/nouveau/nvkm/subdev/mmu/vmmgk20a.o
  CC [M]  drivers/gpu/drm/nouveau/nvkm/subdev/mmu/vmmgm200.o
  CC [M]  drivers/gpu/drm/nouveau/nvkm/subdev/mmu/vmmgm20b.o
  CC [M]  drivers/gpu/drm/nouveau/nvkm/subdev/mmu/vmmgp100.o
  CC [M]  drivers/gpu/drm/nouveau/nvkm/subdev/mmu/vmmgp10b.o
  CC [M]  drivers/gpu/drm/nouveau/nvkm/subdev/mmu/vmmgv100.o
  CC [M]  drivers/gpu/drm/nouveau/nvkm/subdev/mmu/vmmtu102.o
  CC [M]  drivers/gpu/drm/nouveau/nvkm/subdev/mmu/umem.o
  CC [M]  drivers/gpu/drm/nouveau/nvkm/subdev/mmu/ummu.o
  CC [M]  drivers/gpu/drm/nouveau/nvkm/subdev/mmu/uvmm.o
  CC [M]  drivers/gpu/drm/nouveau/nvkm/subdev/mxm/base.o
  CC [M]  drivers/gpu/drm/nouveau/nvkm/subdev/mxm/mxms.o
  CC [M]  drivers/gpu/drm/nouveau/nvkm/subdev/mxm/nv50.o
  CC [M]  drivers/gpu/drm/nouveau/nvkm/subdev/pci/agp.o
  CC [M]  drivers/gpu/drm/nouveau/nvkm/subdev/pci/base.o
  CC [M]  drivers/gpu/drm/nouveau/nvkm/subdev/pci/pcie.o
  CC [M]  drivers/gpu/drm/nouveau/nvkm/subdev/pci/nv04.o
  CC [M]  drivers/gpu/drm/nouveau/nvkm/subdev/pci/nv40.o
  CC [M]  drivers/gpu/drm/nouveau/nvkm/subdev/pci/nv46.o
  CC [M]  drivers/gpu/drm/nouveau/nvkm/subdev/pci/nv4c.o
  CC [M]  drivers/gpu/drm/nouveau/nvkm/subdev/pci/g84.o
  CC [M]  drivers/gpu/drm/nouveau/nvkm/subdev/pci/g92.o
  CC [M]  drivers/gpu/drm/nouveau/nvkm/subdev/pci/g94.o
  CC [M]  drivers/gpu/drm/nouveau/nvkm/subdev/pci/gf100.o
  CC [M]  drivers/gpu/drm/nouveau/nvkm/subdev/pci/gf106.o
  CC [M]  drivers/gpu/drm/nouveau/nvkm/subdev/pci/gk104.o
  CC [M]  drivers/gpu/drm/nouveau/nvkm/subdev/pci/gp100.o
  CC [M]  drivers/gpu/drm/nouveau/nvkm/subdev/pmu/base.o
  CC [M]  drivers/gpu/drm/nouveau/nvkm/subdev/pmu/memx.o
  CC [M]  drivers/gpu/drm/nouveau/nvkm/subdev/pmu/gt215.o
  CC [M]  drivers/gpu/drm/nouveau/nvkm/subdev/pmu/gf100.o
  CC [M]  drivers/gpu/drm/nouveau/nvkm/subdev/pmu/gf119.o
  CC [M]  drivers/gpu/drm/nouveau/nvkm/subdev/pmu/gk104.o
  CC [M]  drivers/gpu/drm/nouveau/nvkm/subdev/pmu/gk110.o
  CC [M]  drivers/gpu/drm/nouveau/nvkm/subdev/pmu/gk208.o
  CC [M]  drivers/gpu/drm/nouveau/nvkm/subdev/pmu/gk20a.o
  CC [M]  drivers/gpu/drm/nouveau/nvkm/subdev/pmu/gm107.o
  CC [M]  drivers/gpu/drm/nouveau/nvkm/subdev/pmu/gm200.o
  CC [M]  drivers/gpu/drm/nouveau/nvkm/subdev/pmu/gm20b.o
  CC [M]  drivers/gpu/drm/nouveau/nvkm/subdev/pmu/gp102.o
  CC [M]  drivers/gpu/drm/nouveau/nvkm/subdev/pmu/gp10b.o
  CC [M]  drivers/gpu/drm/nouveau/nvkm/subdev/privring/gf100.o
  CC [M]  drivers/gpu/drm/nouveau/nvkm/subdev/privring/gf117.o
  CC [M]  drivers/gpu/drm/nouveau/nvkm/subdev/privring/gk104.o
  CC [M]  drivers/gpu/drm/nouveau/nvkm/subdev/privring/gk20a.o
  CC [M]  drivers/gpu/drm/nouveau/nvkm/subdev/privring/gm200.o
  CC [M]  drivers/gpu/drm/nouveau/nvkm/subdev/privring/gp10b.o
  CC [M]  drivers/gpu/drm/nouveau/nvkm/subdev/therm/base.o
  CC [M]  drivers/gpu/drm/nouveau/nvkm/subdev/therm/fan.o
  CC [M]  drivers/gpu/drm/nouveau/nvkm/subdev/therm/fannil.o
  CC [M]  drivers/gpu/drm/nouveau/nvkm/subdev/therm/fanpwm.o
  CC [M]  drivers/gpu/drm/nouveau/nvkm/subdev/therm/fantog.o
  CC [M]  drivers/gpu/drm/nouveau/nvkm/subdev/therm/ic.o
  CC [M]  drivers/gpu/drm/nouveau/nvkm/subdev/therm/temp.o
  CC [M]  drivers/gpu/drm/nouveau/nvkm/subdev/therm/nv40.o
  CC [M]  drivers/gpu/drm/nouveau/nvkm/subdev/therm/nv50.o
  CC [M]  drivers/gpu/drm/nouveau/nvkm/subdev/therm/g84.o
  CC [M]  drivers/gpu/drm/nouveau/nvkm/subdev/therm/gt215.o
  CC [M]  drivers/gpu/drm/nouveau/nvkm/subdev/therm/gf100.o
  CC [M]  drivers/gpu/drm/nouveau/nvkm/subdev/therm/gf119.o
  CC [M]  drivers/gpu/drm/nouveau/nvkm/subdev/therm/gk104.o
  CC [M]  drivers/gpu/drm/nouveau/nvkm/subdev/therm/gm107.o
  CC [M]  drivers/gpu/drm/nouveau/nvkm/subdev/therm/gm200.o
  CC [M]  drivers/gpu/drm/nouveau/nvkm/subdev/therm/gp100.o
  CC [M]  drivers/gpu/drm/nouveau/nvkm/subdev/timer/base.o
  CC [M]  drivers/gpu/drm/nouveau/nvkm/subdev/timer/nv04.o
  CC [M]  drivers/gpu/drm/nouveau/nvkm/subdev/timer/nv40.o
  CC [M]  drivers/gpu/drm/nouveau/nvkm/subdev/timer/nv41.o
  CC [M]  drivers/gpu/drm/nouveau/nvkm/subdev/timer/gk20a.o
  CC [M]  drivers/gpu/drm/nouveau/nvkm/subdev/top/base.o
  CC [M]  drivers/gpu/drm/nouveau/nvkm/subdev/top/gk104.o
  CC [M]  drivers/gpu/drm/nouveau/nvkm/subdev/top/ga100.o
  CC [M]  drivers/gpu/drm/nouveau/nvkm/subdev/volt/base.o
  CC [M]  drivers/gpu/drm/nouveau/nvkm/subdev/volt/gpio.o
  CC [M]  drivers/gpu/drm/nouveau/nvkm/subdev/volt/nv40.o
  CC [M]  drivers/gpu/drm/nouveau/nvkm/subdev/volt/gf100.o
  CC [M]  drivers/gpu/drm/nouveau/nvkm/subdev/volt/gf117.o
  CC [M]  drivers/gpu/drm/nouveau/nvkm/subdev/volt/gk104.o
  CC [M]  drivers/gpu/drm/nouveau/nvkm/subdev/volt/gk20a.o
  CC [M]  drivers/gpu/drm/nouveau/nvkm/subdev/volt/gm20b.o
  CC [M]  drivers/gpu/drm/nouveau/nvkm/engine/falcon.o
  CC [M]  drivers/gpu/drm/nouveau/nvkm/engine/xtensa.o
  CC [M]  drivers/gpu/drm/nouveau/nvkm/engine/bsp/g84.o
  CC [M]  drivers/gpu/drm/nouveau/nvkm/engine/ce/gt215.o
  CC [M]  drivers/gpu/drm/nouveau/nvkm/engine/ce/gf100.o
  CC [M]  drivers/gpu/drm/nouveau/nvkm/engine/ce/gk104.o
  CC [M]  drivers/gpu/drm/nouveau/nvkm/engine/ce/gm107.o
  CC [M]  drivers/gpu/drm/nouveau/nvkm/engine/ce/gm200.o
  CC [M]  drivers/gpu/drm/nouveau/nvkm/engine/ce/gp100.o
  CC [M]  drivers/gpu/drm/nouveau/nvkm/engine/ce/gp102.o
  CC [M]  drivers/gpu/drm/nouveau/nvkm/engine/ce/gv100.o
  CC [M]  drivers/gpu/drm/nouveau/nvkm/engine/ce/tu102.o
  CC [M]  drivers/gpu/drm/nouveau/nvkm/engine/cipher/g84.o
  CC [M]  drivers/gpu/drm/nouveau/nvkm/engine/device/acpi.o
  CC [M]  drivers/gpu/drm/nouveau/nvkm/engine/device/base.o
  CC [M]  drivers/gpu/drm/nouveau/nvkm/engine/device/ctrl.o
  CC [M]  drivers/gpu/drm/nouveau/nvkm/engine/device/pci.o
  CC [M]  drivers/gpu/drm/nouveau/nvkm/engine/device/tegra.o
  CC [M]  drivers/gpu/drm/nouveau/nvkm/engine/device/user.o
  CC [M]  drivers/gpu/drm/nouveau/nvkm/engine/disp/base.o
  CC [M]  drivers/gpu/drm/nouveau/nvkm/engine/disp/chan.o
  CC [M]  drivers/gpu/drm/nouveau/nvkm/engine/disp/conn.o
  CC [M]  drivers/gpu/drm/nouveau/nvkm/engine/disp/dp.o
  CC [M]  drivers/gpu/drm/nouveau/nvkm/engine/disp/hdmi.o
  CC [M]  drivers/gpu/drm/nouveau/nvkm/engine/disp/head.o
  CC [M]  drivers/gpu/drm/nouveau/nvkm/engine/disp/ior.o
  CC [M]  drivers/gpu/drm/nouveau/nvkm/engine/disp/outp.o
  CC [M]  drivers/gpu/drm/nouveau/nvkm/engine/disp/vga.o
  CC [M]  drivers/gpu/drm/nouveau/nvkm/engine/disp/nv04.o
  CC [M]  drivers/gpu/drm/nouveau/nvkm/engine/disp/nv50.o
  CC [M]  drivers/gpu/drm/nouveau/nvkm/engine/disp/g84.o
  CC [M]  drivers/gpu/drm/nouveau/nvkm/engine/disp/g94.o
  CC [M]  drivers/gpu/drm/nouveau/nvkm/engine/disp/gt200.o
  CC [M]  drivers/gpu/drm/nouveau/nvkm/engine/disp/mcp77.o
  CC [M]  drivers/gpu/drm/nouveau/nvkm/engine/disp/gt215.o
  CC [M]  drivers/gpu/drm/nouveau/nvkm/engine/disp/mcp89.o
  CC [M]  drivers/gpu/drm/nouveau/nvkm/engine/disp/gf119.o
  CC [M]  drivers/gpu/drm/nouveau/nvkm/engine/disp/gk104.o
  CC [M]  drivers/gpu/drm/nouveau/nvkm/engine/disp/gk110.o
  CC [M]  drivers/gpu/drm/nouveau/nvkm/engine/disp/gm107.o
  CC [M]  drivers/gpu/drm/nouveau/nvkm/engine/disp/gm200.o
  CC [M]  drivers/gpu/drm/nouveau/nvkm/engine/disp/gp100.o
  CC [M]  drivers/gpu/drm/nouveau/nvkm/engine/disp/gp102.o
  CC [M]  drivers/gpu/drm/nouveau/nvkm/engine/disp/gv100.o
  CC [M]  drivers/gpu/drm/nouveau/nvkm/engine/disp/tu102.o
  CC [M]  drivers/gpu/drm/nouveau/nvkm/engine/disp/ga102.o
  CC [M]  drivers/gpu/drm/nouveau/nvkm/engine/disp/rootnv04.o
  CC [M]  drivers/gpu/drm/nouveau/nvkm/engine/disp/rootnv50.o
  CC [M]  drivers/gpu/drm/nouveau/nvkm/engine/disp/udisp.o
  CC [M]  drivers/gpu/drm/nouveau/nvkm/engine/disp/uconn.o
  CC [M]  drivers/gpu/drm/nouveau/nvkm/engine/disp/uoutp.o
  CC [M]  drivers/gpu/drm/nouveau/nvkm/engine/dma/base.o
  CC [M]  drivers/gpu/drm/nouveau/nvkm/engine/dma/nv04.o
  CC [M]  drivers/gpu/drm/nouveau/nvkm/engine/dma/nv50.o
  CC [M]  drivers/gpu/drm/nouveau/nvkm/engine/dma/gf100.o
  CC [M]  drivers/gpu/drm/nouveau/nvkm/engine/dma/gf119.o
  CC [M]  drivers/gpu/drm/nouveau/nvkm/engine/dma/gv100.o
  CC [M]  drivers/gpu/drm/nouveau/nvkm/engine/dma/user.o
  CC [M]  drivers/gpu/drm/nouveau/nvkm/engine/dma/usernv04.o
  CC [M]  drivers/gpu/drm/nouveau/nvkm/engine/dma/usernv50.o
  CC [M]  drivers/gpu/drm/nouveau/nvkm/engine/dma/usergf100.o
  CC [M]  drivers/gpu/drm/nouveau/nvkm/engine/dma/usergf119.o
  CC [M]  drivers/gpu/drm/nouveau/nvkm/engine/dma/usergv100.o
  CC [M]  drivers/gpu/drm/nouveau/nvkm/engine/fifo/base.o
  CC [M]  drivers/gpu/drm/nouveau/nvkm/engine/fifo/nv04.o
  CC [M]  drivers/gpu/drm/nouveau/nvkm/engine/fifo/nv10.o
  CC [M]  drivers/gpu/drm/nouveau/nvkm/engine/fifo/nv17.o
  CC [M]  drivers/gpu/drm/nouveau/nvkm/engine/fifo/nv40.o
  CC [M]  drivers/gpu/drm/nouveau/nvkm/engine/fifo/nv50.o
  CC [M]  drivers/gpu/drm/nouveau/nvkm/engine/fifo/g84.o
  CC [M]  drivers/gpu/drm/nouveau/nvkm/engine/fifo/gf100.o
  CC [M]  drivers/gpu/drm/nouveau/nvkm/engine/fifo/gk104.o
  CC [M]  drivers/gpu/drm/nouveau/nvkm/engine/fifo/gk110.o
  CC [M]  drivers/gpu/drm/nouveau/nvkm/engine/fifo/gk208.o
  CC [M]  drivers/gpu/drm/nouveau/nvkm/engine/fifo/gk20a.o
  CC [M]  drivers/gpu/drm/nouveau/nvkm/engine/fifo/gm107.o
  CC [M]  drivers/gpu/drm/nouveau/nvkm/engine/fifo/gm200.o
  CC [M]  drivers/gpu/drm/nouveau/nvkm/engine/fifo/gm20b.o
  CC [M]  drivers/gpu/drm/nouveau/nvkm/engine/fifo/gp100.o
  CC [M]  drivers/gpu/drm/nouveau/nvkm/engine/fifo/gp10b.o
  CC [M]  drivers/gpu/drm/nouveau/nvkm/engine/fifo/gv100.o
  CC [M]  drivers/gpu/drm/nouveau/nvkm/engine/fifo/tu102.o
  CC [M]  drivers/gpu/drm/nouveau/nvkm/engine/fifo/ga102.o
  CC [M]  drivers/gpu/drm/nouveau/nvkm/engine/fifo/chan.o
  CC [M]  drivers/gpu/drm/nouveau/nvkm/engine/fifo/channv50.o
  CC [M]  drivers/gpu/drm/nouveau/nvkm/engine/fifo/chang84.o
  CC [M]  drivers/gpu/drm/nouveau/nvkm/engine/fifo/dmanv04.o
  CC [M]  drivers/gpu/drm/nouveau/nvkm/engine/fifo/dmanv10.o
  CC [M]  drivers/gpu/drm/nouveau/nvkm/engine/fifo/dmanv17.o
  CC [M]  drivers/gpu/drm/nouveau/nvkm/engine/fifo/dmanv40.o
  CC [M]  drivers/gpu/drm/nouveau/nvkm/engine/fifo/gpfifonv50.o
  CC [M]  drivers/gpu/drm/nouveau/nvkm/engine/fifo/gpfifog84.o
  CC [M]  drivers/gpu/drm/nouveau/nvkm/engine/fifo/gpfifogf100.o
  CC [M]  drivers/gpu/drm/nouveau/nvkm/engine/fifo/gpfifogk104.o
  CC [M]  drivers/gpu/drm/nouveau/nvkm/engine/fifo/gpfifogv100.o
  CC [M]  drivers/gpu/drm/nouveau/nvkm/engine/fifo/gpfifotu102.o
  CC [M]  drivers/gpu/drm/nouveau/nvkm/engine/fifo/usergv100.o
  CC [M]  drivers/gpu/drm/nouveau/nvkm/engine/fifo/usertu102.o
  CC [M]  drivers/gpu/drm/nouveau/nvkm/engine/gr/base.o
  CC [M]  drivers/gpu/drm/nouveau/nvkm/engine/gr/nv04.o
  CC [M]  drivers/gpu/drm/nouveau/nvkm/engine/gr/nv10.o
  CC [M]  drivers/gpu/drm/nouveau/nvkm/engine/gr/nv15.o
  CC [M]  drivers/gpu/drm/nouveau/nvkm/engine/gr/nv17.o
  CC [M]  drivers/gpu/drm/nouveau/nvkm/engine/gr/nv20.o
  CC [M]  drivers/gpu/drm/nouveau/nvkm/engine/gr/nv25.o
  CC [M]  drivers/gpu/drm/nouveau/nvkm/engine/gr/nv2a.o
  CC [M]  drivers/gpu/drm/nouveau/nvkm/engine/gr/nv30.o
  CC [M]  drivers/gpu/drm/nouveau/nvkm/engine/gr/nv34.o
  CC [M]  drivers/gpu/drm/nouveau/nvkm/engine/gr/nv35.o
  CC [M]  drivers/gpu/drm/nouveau/nvkm/engine/gr/nv40.o
  CC [M]  drivers/gpu/drm/nouveau/nvkm/engine/gr/nv44.o
  CC [M]  drivers/gpu/drm/nouveau/nvkm/engine/gr/nv50.o
  CC [M]  drivers/gpu/drm/nouveau/nvkm/engine/gr/g84.o
  CC [M]  drivers/gpu/drm/nouveau/nvkm/engine/gr/gt200.o
  CC [M]  drivers/gpu/drm/nouveau/nvkm/engine/gr/mcp79.o
  CC [M]  drivers/gpu/drm/nouveau/nvkm/engine/gr/gt215.o
  CC [M]  drivers/gpu/drm/nouveau/nvkm/engine/gr/mcp89.o
  CC [M]  drivers/gpu/drm/nouveau/nvkm/engine/gr/gf100.o
  CC [M]  drivers/gpu/drm/nouveau/nvkm/engine/gr/gf104.o
  CC [M]  drivers/gpu/drm/nouveau/nvkm/engine/gr/gf108.o
  CC [M]  drivers/gpu/drm/nouveau/nvkm/engine/gr/gf110.o
  CC [M]  drivers/gpu/drm/nouveau/nvkm/engine/gr/gf117.o
  CC [M]  drivers/gpu/drm/nouveau/nvkm/engine/gr/gf119.o
  CC [M]  drivers/gpu/drm/nouveau/nvkm/engine/gr/gk104.o
  CC [M]  drivers/gpu/drm/nouveau/nvkm/engine/gr/gk110.o
  CC [M]  drivers/gpu/drm/nouveau/nvkm/engine/gr/gk110b.o
  CC [M]  drivers/gpu/drm/nouveau/nvkm/engine/gr/gk208.o
  CC [M]  drivers/gpu/drm/nouveau/nvkm/engine/gr/gk20a.o
  CC [M]  drivers/gpu/drm/nouveau/nvkm/engine/gr/gm107.o
  CC [M]  drivers/gpu/drm/nouveau/nvkm/engine/gr/gm200.o
  CC [M]  drivers/gpu/drm/nouveau/nvkm/engine/gr/gm20b.o
  CC [M]  drivers/gpu/drm/nouveau/nvkm/engine/gr/gp100.o
  CC [M]  drivers/gpu/drm/nouveau/nvkm/engine/gr/gp102.o
  CC [M]  drivers/gpu/drm/nouveau/nvkm/engine/gr/gp104.o
  CC [M]  drivers/gpu/drm/nouveau/nvkm/engine/gr/gp107.o
  CC [M]  drivers/gpu/drm/nouveau/nvkm/engine/gr/gp108.o
  CC [M]  drivers/gpu/drm/nouveau/nvkm/engine/gr/gp10b.o
  CC [M]  drivers/gpu/drm/nouveau/nvkm/engine/gr/gv100.o
  CC [M]  drivers/gpu/drm/nouveau/nvkm/engine/gr/tu102.o
  CC [M]  drivers/gpu/drm/nouveau/nvkm/engine/gr/ctxnv40.o
  CC [M]  drivers/gpu/drm/nouveau/nvkm/engine/gr/ctxnv50.o
  CC [M]  drivers/gpu/drm/nouveau/nvkm/engine/gr/ctxgf100.o
  CC [M]  drivers/gpu/drm/nouveau/nvkm/engine/gr/ctxgf104.o
  CC [M]  drivers/gpu/drm/nouveau/nvkm/engine/gr/ctxgf108.o
  CC [M]  drivers/gpu/drm/nouveau/nvkm/engine/gr/ctxgf110.o
  CC [M]  drivers/gpu/drm/nouveau/nvkm/engine/gr/ctxgf117.o
  CC [M]  drivers/gpu/drm/nouveau/nvkm/engine/gr/ctxgf119.o
  CC [M]  drivers/gpu/drm/nouveau/nvkm/engine/gr/ctxgk104.o
  CC [M]  drivers/gpu/drm/nouveau/nvkm/engine/gr/ctxgk110.o
  CC [M]  drivers/gpu/drm/nouveau/nvkm/engine/gr/ctxgk110b.o
  CC [M]  drivers/gpu/drm/nouveau/nvkm/engine/gr/ctxgk208.o
  CC [M]  drivers/gpu/drm/nouveau/nvkm/engine/gr/ctxgk20a.o
  CC [M]  drivers/gpu/drm/nouveau/nvkm/engine/gr/ctxgm107.o
  CC [M]  drivers/gpu/drm/nouveau/nvkm/engine/gr/ctxgm200.o
  CC [M]  drivers/gpu/drm/nouveau/nvkm/engine/gr/ctxgm20b.o
  CC [M]  drivers/gpu/drm/nouveau/nvkm/engine/gr/ctxgp100.o
  CC [M]  drivers/gpu/drm/nouveau/nvkm/engine/gr/ctxgp102.o
  CC [M]  drivers/gpu/drm/nouveau/nvkm/engine/gr/ctxgp104.o
  CC [M]  drivers/gpu/drm/nouveau/nvkm/engine/gr/ctxgp107.o
  CC [M]  drivers/gpu/drm/nouveau/nvkm/engine/gr/ctxgv100.o
  CC [M]  drivers/gpu/drm/nouveau/nvkm/engine/gr/ctxtu102.o
  CC [M]  drivers/gpu/drm/nouveau/nvkm/engine/mpeg/nv31.o
  CC [M]  drivers/gpu/drm/nouveau/nvkm/engine/mpeg/nv40.o
  CC [M]  drivers/gpu/drm/nouveau/nvkm/engine/mpeg/nv44.o
  CC [M]  drivers/gpu/drm/nouveau/nvkm/engine/mpeg/nv50.o
  CC [M]  drivers/gpu/drm/nouveau/nvkm/engine/mpeg/g84.o
  CC [M]  drivers/gpu/drm/nouveau/nvkm/engine/mspdec/base.o
  CC [M]  drivers/gpu/drm/nouveau/nvkm/engine/mspdec/g98.o
  CC [M]  drivers/gpu/drm/nouveau/nvkm/engine/mspdec/gt215.o
  CC [M]  drivers/gpu/drm/nouveau/nvkm/engine/mspdec/gf100.o
  CC [M]  drivers/gpu/drm/nouveau/nvkm/engine/mspdec/gk104.o
  CC [M]  drivers/gpu/drm/nouveau/nvkm/engine/msppp/base.o
  CC [M]  drivers/gpu/drm/nouveau/nvkm/engine/msppp/g98.o
  CC [M]  drivers/gpu/drm/nouveau/nvkm/engine/msppp/gt215.o
  CC [M]  drivers/gpu/drm/nouveau/nvkm/engine/msppp/gf100.o
  CC [M]  drivers/gpu/drm/nouveau/nvkm/engine/msvld/base.o
  CC [M]  drivers/gpu/drm/nouveau/nvkm/engine/msvld/g98.o
  CC [M]  drivers/gpu/drm/nouveau/nvkm/engine/msvld/gt215.o
  CC [M]  drivers/gpu/drm/nouveau/nvkm/engine/msvld/mcp89.o
  CC [M]  drivers/gpu/drm/nouveau/nvkm/engine/msvld/gf100.o
  CC [M]  drivers/gpu/drm/nouveau/nvkm/engine/msvld/gk104.o
  CC [M]  drivers/gpu/drm/nouveau/nvkm/engine/nvenc/base.o
  CC [M]  drivers/gpu/drm/nouveau/nvkm/engine/nvenc/gm107.o
  CC [M]  drivers/gpu/drm/nouveau/nvkm/engine/nvdec/base.o
  CC [M]  drivers/gpu/drm/nouveau/nvkm/engine/nvdec/gm107.o
  CC [M]  drivers/gpu/drm/nouveau/nvkm/engine/pm/base.o
  CC [M]  drivers/gpu/drm/nouveau/nvkm/engine/pm/nv40.o
  CC [M]  drivers/gpu/drm/nouveau/nvkm/engine/pm/nv50.o
  CC [M]  drivers/gpu/drm/nouveau/nvkm/engine/pm/g84.o
  CC [M]  drivers/gpu/drm/nouveau/nvkm/engine/pm/gt200.o
  CC [M]  drivers/gpu/drm/nouveau/nvkm/engine/pm/gt215.o
  CC [M]  drivers/gpu/drm/nouveau/nvkm/engine/pm/gf100.o
  CC [M]  drivers/gpu/drm/nouveau/nvkm/engine/pm/gf108.o
  CC [M]  drivers/gpu/drm/nouveau/nvkm/engine/pm/gf117.o
  CC [M]  drivers/gpu/drm/nouveau/nvkm/engine/pm/gk104.o
  CC [M]  drivers/gpu/drm/nouveau/nvkm/engine/sec/g98.o
  CC [M]  drivers/gpu/drm/nouveau/nvkm/engine/sec2/base.o
  CC [M]  drivers/gpu/drm/nouveau/nvkm/engine/sec2/gp102.o
  CC [M]  drivers/gpu/drm/nouveau/nvkm/engine/sec2/gp108.o
  CC [M]  drivers/gpu/drm/nouveau/nvkm/engine/sec2/tu102.o
  CC [M]  drivers/gpu/drm/nouveau/nvkm/engine/sw/base.o
  CC [M]  drivers/gpu/drm/nouveau/nvkm/engine/sw/nv04.o
  CC [M]  drivers/gpu/drm/nouveau/nvkm/engine/sw/nv10.o
  CC [M]  drivers/gpu/drm/nouveau/nvkm/engine/sw/nv50.o
  CC [M]  drivers/gpu/drm/nouveau/nvkm/engine/sw/gf100.o
  CC [M]  drivers/gpu/drm/nouveau/nvkm/engine/sw/chan.o
  CC [M]  drivers/gpu/drm/nouveau/nvkm/engine/sw/nvsw.o
  CC [M]  drivers/gpu/drm/nouveau/nvkm/engine/vp/g84.o
  CC [M]  drivers/gpu/drm/nouveau/nouveau_debugfs.o
  CC [M]  drivers/gpu/drm/nouveau/nouveau_drm.o
  CC [M]  drivers/gpu/drm/nouveau/nouveau_hwmon.o
  CC [M]  drivers/gpu/drm/nouveau/nouveau_ioc32.o
  CC [M]  drivers/gpu/drm/nouveau/nouveau_led.o
  CC [M]  drivers/gpu/drm/nouveau/nouveau_nvif.o
  CC [M]  drivers/gpu/drm/nouveau/nouveau_usif.o
  CC [M]  drivers/gpu/drm/nouveau/nouveau_vga.o
  CC [M]  drivers/gpu/drm/nouveau/nouveau_bo.o
  CC [M]  drivers/gpu/drm/nouveau/nouveau_bo0039.o
  CC [M]  drivers/gpu/drm/nouveau/nouveau_bo5039.o
  CC [M]  drivers/gpu/drm/nouveau/nouveau_bo74c1.o
  CC [M]  drivers/gpu/drm/nouveau/nouveau_bo85b5.o
  CC [M]  drivers/gpu/drm/nouveau/nouveau_bo9039.o
  CC [M]  drivers/gpu/drm/nouveau/nouveau_bo90b5.o
  CC [M]  drivers/gpu/drm/nouveau/nouveau_boa0b5.o
  CC [M]  drivers/gpu/drm/nouveau/nouveau_gem.o
  CC [M]  drivers/gpu/drm/nouveau/nouveau_mem.o
  CC [M]  drivers/gpu/drm/nouveau/nouveau_prime.o
  CC [M]  drivers/gpu/drm/nouveau/nouveau_sgdma.o
  CC [M]  drivers/gpu/drm/nouveau/nouveau_ttm.o
  CC [M]  drivers/gpu/drm/nouveau/nouveau_vmm.o
  CC [M]  drivers/gpu/drm/nouveau/nouveau_backlight.o
  CC [M]  drivers/gpu/drm/nouveau/nouveau_bios.o
  CC [M]  drivers/gpu/drm/nouveau/nouveau_connector.o
  CC [M]  drivers/gpu/drm/nouveau/nouveau_display.o
  CC [M]  drivers/gpu/drm/nouveau/nouveau_dp.o
  CC [M]  drivers/gpu/drm/nouveau/nouveau_fbcon.o
  CC [M]  drivers/gpu/drm/nouveau/nv04_fbcon.o
  CC [M]  drivers/gpu/drm/nouveau/nv50_fbcon.o
  CC [M]  drivers/gpu/drm/nouveau/nvc0_fbcon.o
  CC [M]  drivers/gpu/drm/nouveau/dispnv04/arb.o
  CC [M]  drivers/gpu/drm/nouveau/dispnv04/crtc.o
  CC [M]  drivers/gpu/drm/nouveau/dispnv04/cursor.o
  CC [M]  drivers/gpu/drm/nouveau/dispnv04/dac.o
  CC [M]  drivers/gpu/drm/nouveau/dispnv04/dfp.o
  CC [M]  drivers/gpu/drm/nouveau/dispnv04/disp.o
  CC [M]  drivers/gpu/drm/nouveau/dispnv04/hw.o
  CC [M]  drivers/gpu/drm/nouveau/dispnv04/overlay.o
  CC [M]  drivers/gpu/drm/nouveau/dispnv04/tvmodesnv17.o
  CC [M]  drivers/gpu/drm/nouveau/dispnv04/tvnv04.o
  CC [M]  drivers/gpu/drm/nouveau/dispnv04/tvnv17.o
  CC [M]  drivers/gpu/drm/nouveau/dispnv50/disp.o
  CC [M]  drivers/gpu/drm/nouveau/dispnv50/lut.o
  CC [M]  drivers/gpu/drm/nouveau/dispnv50/core.o
  CC [M]  drivers/gpu/drm/nouveau/dispnv50/core507d.o
  CC [M]  drivers/gpu/drm/nouveau/dispnv50/core827d.o
  CC [M]  drivers/gpu/drm/nouveau/dispnv50/core907d.o
  CC [M]  drivers/gpu/drm/nouveau/dispnv50/core917d.o
  CC [M]  drivers/gpu/drm/nouveau/dispnv50/corec37d.o
  CC [M]  drivers/gpu/drm/nouveau/dispnv50/corec57d.o
  CC [M]  drivers/gpu/drm/nouveau/dispnv50/crc.o
  CC [M]  drivers/gpu/drm/nouveau/dispnv50/crc907d.o
  CC [M]  drivers/gpu/drm/nouveau/dispnv50/crcc37d.o
  CC [M]  drivers/gpu/drm/nouveau/dispnv50/crcc57d.o
  CC [M]  drivers/gpu/drm/nouveau/dispnv50/dac507d.o
  CC [M]  drivers/gpu/drm/nouveau/dispnv50/dac907d.o
  CC [M]  drivers/gpu/drm/nouveau/dispnv50/pior507d.o
  CC [M]  drivers/gpu/drm/nouveau/dispnv50/sor507d.o
  CC [M]  drivers/gpu/drm/nouveau/dispnv50/sor907d.o
  CC [M]  drivers/gpu/drm/nouveau/dispnv50/sorc37d.o
  CC [M]  drivers/gpu/drm/nouveau/dispnv50/head.o
  CC [M]  drivers/gpu/drm/nouveau/dispnv50/head507d.o
  CC [M]  drivers/gpu/drm/nouveau/dispnv50/head827d.o
  CC [M]  drivers/gpu/drm/nouveau/dispnv50/head907d.o
  CC [M]  drivers/gpu/drm/nouveau/dispnv50/head917d.o
  CC [M]  drivers/gpu/drm/nouveau/dispnv50/headc37d.o
  CC [M]  drivers/gpu/drm/nouveau/dispnv50/headc57d.o
  CC [M]  drivers/gpu/drm/nouveau/dispnv50/wimm.o
  CC [M]  drivers/gpu/drm/nouveau/dispnv50/wimmc37b.o
  CC [M]  drivers/gpu/drm/nouveau/dispnv50/wndw.o
  CC [M]  drivers/gpu/drm/nouveau/dispnv50/wndwc37e.o
  CC [M]  drivers/gpu/drm/nouveau/dispnv50/wndwc57e.o
  CC [M]  drivers/gpu/drm/nouveau/dispnv50/wndwc67e.o
  CC [M]  drivers/gpu/drm/nouveau/dispnv50/base.o
  CC [M]  drivers/gpu/drm/nouveau/dispnv50/base507c.o
  CC [M]  drivers/gpu/drm/nouveau/dispnv50/base827c.o
  CC [M]  drivers/gpu/drm/nouveau/dispnv50/base907c.o
  CC [M]  drivers/gpu/drm/nouveau/dispnv50/base917c.o
  CC [M]  drivers/gpu/drm/nouveau/dispnv50/curs.o
  CC [M]  drivers/gpu/drm/nouveau/dispnv50/curs507a.o
  CC [M]  drivers/gpu/drm/nouveau/dispnv50/curs907a.o
  CC [M]  drivers/gpu/drm/nouveau/dispnv50/cursc37a.o
  CC [M]  drivers/gpu/drm/nouveau/dispnv50/oimm.o
  CC [M]  drivers/gpu/drm/nouveau/dispnv50/oimm507b.o
  CC [M]  drivers/gpu/drm/nouveau/dispnv50/ovly.o
  CC [M]  drivers/gpu/drm/nouveau/dispnv50/ovly507e.o
  CC [M]  drivers/gpu/drm/nouveau/dispnv50/ovly827e.o
  CC [M]  drivers/gpu/drm/nouveau/dispnv50/ovly907e.o
  CC [M]  drivers/gpu/drm/nouveau/dispnv50/ovly917e.o
  CC [M]  drivers/gpu/drm/nouveau/nouveau_abi16.o
  CC [M]  drivers/gpu/drm/nouveau/nouveau_chan.o
  CC [M]  drivers/gpu/drm/nouveau/nouveau_dma.o
  CC [M]  drivers/gpu/drm/nouveau/nouveau_fence.o
  CC [M]  drivers/gpu/drm/nouveau/nv04_fence.o
  CC [M]  drivers/gpu/drm/nouveau/nv10_fence.o
  CC [M]  drivers/gpu/drm/nouveau/nv17_fence.o
  CC [M]  drivers/gpu/drm/nouveau/nv50_fence.o
  CC [M]  drivers/gpu/drm/nouveau/nv84_fence.o
  CC [M]  drivers/gpu/drm/nouveau/nvc0_fence.o
  LD [M]  drivers/gpu/drm/nouveau/nouveau.o
  AR      drivers/gpu/built-in.a
make[1]: *** [scripts/Makefile.build:503: drivers] Error 2
make: *** [Makefile:2009: .] Error 2
make: Leaving directory '/home/osaleem/repos/linux-imx'
