make: Entering directory '/home/osaleem/repos/linux-imx'
  SYNC    include/config/auto.conf.cmd
  UPD     include/generated/uapi/linux/version.h
  UPD     include/config/kernel.release
  UPD     include/generated/utsrelease.h
  CALL    scripts/checksyscalls.sh
  AS      arch/arm64/kernel/vdso/note.o
  LD      arch/arm64/kernel/vdso/vdso.so.dbg
  VDSOSYM include/generated/vdso-offsets.h
  OBJCOPY arch/arm64/kernel/vdso/vdso.so
  CC      init/main.o
  CC      net/devres.o
  CC      ipc/mqueue.o
  CC      arch/arm64/net/bpf_jit_comp.o
  CC      drivers/irqchip/irq-gic-v3-its.o
  CC      arch/arm64/mm/fault.o
  CC      io_uring/io_uring.o
  CC      security/keys/keyring.o
  CC      sound/core/pcm.o
  CC      fs/namei.o
  CC      arch/arm64/kernel/signal.o
  CC      mm/mempool.o
  CC      block/blk-cgroup.o
  CC      kernel/fork.o
  CC      lib/flex_proportions.o
  CC      crypto/algapi.o
  CC      lib/kobject_uevent.o
  CC      arch/arm64/mm/mmu.o
  CC      net/socket.o
  CC      mm/oom_kill.o
  CC      sound/core/pcm_native.o
  CC      arch/arm64/kernel/vdso.o
  AR      ipc/built-in.a
  CC      security/keys/process_keys.o
  CC      init/do_mounts.o
  CC      arch/arm64/kvm/../../../virt/kvm/eventfd.o
  CC      crypto/aead.o
  AR      arch/arm64/net/built-in.a
  AR      block/built-in.a
  CC      arch/arm64/kernel/alternative.o
  CC [M]  sound/drivers/aloop.o
  CC      sound/core/pcm_lib.o
  CC      lib/vsprintf.o
  CC      io_uring/filetable.o
  AR      drivers/irqchip/built-in.a
  CC      kernel/exit.o
  AR      arch/arm64/mm/built-in.a
  CC      security/keys/request_key.o
  CC      mm/slab_common.o
  CC      drivers/phy/freescale/phy-fsl-imx8m-pcie.o
  CC      arch/arm64/xen/../../arm/xen/enlighten.o
  CC      crypto/geniv.o
  CC      arch/arm64/kernel/signal32.o
  CC      init/init_task.o
  LD [M]  sound/drivers/snd-aloop.o
  CC      fs/select.o
  AR      arch/arm64/kvm/built-in.a
  CC      net/compat.o
  CC      net/core/sock.o
  CC      io_uring/openclose.o
drivers/phy/freescale/phy-fsl-imx8m-pcie.c: In function ‘imx8_pcie_phy_power_on’:
drivers/phy/freescale/phy-fsl-imx8m-pcie.c:133:9: warning: enumeration value ‘IMX8MP’ not handled in switch [-Wswitch]
  133 |         switch (imx8_phy->drvdata->variant) {
      |         ^~~~~~
  AR      drivers/phy/freescale/built-in.a
  AR      drivers/phy/built-in.a
  CC      drivers/gpio/gpiolib-acpi.o
  AR      security/keys/built-in.a
  CC      security/commoncap.o
  CC      net/core/request_sock.o
  AR      arch/arm64/xen/built-in.a
  CC      crypto/skcipher.o
  CC      net/llc/llc_core.o
  AS      arch/arm64/kernel/vdso-wrap.o
  CC      init/version.o
  CC      sound/core/pcm_misc.o
  AR      arch/arm64/kernel/built-in.a
  CC      mm/list_lru.o
  CC      crypto/ahash.o
  AR      arch/arm64/built-in.a
  CC      io_uring/uring_cmd.o
  CC      net/ethernet/eth.o
  CC      net/llc/llc_input.o
  CC      kernel/sysctl.o
  AR      init/built-in.a
  CC      sound/core/pcm_memory.o
  CC      security/lsm_audit.o
  CC      drivers/pci/quirks.o
  AR      drivers/gpio/built-in.a
  CC      sound/core/pcm_timer.o
  CC      fs/file.o
  CC      net/802/p8022.o
  CC      mm/mprotect.o
  CC      crypto/shash.o
  CC      drivers/video/fbdev/xen-fbfront.o
  CC      net/sched/sch_generic.o
  CC      lib/debug_info.o
  CC      io_uring/net.o
  CC      net/llc/llc_output.o
  CC      sound/core/pcm_drm_eld.o
  CC      net/netlink/af_netlink.o
  AR      net/ethernet/built-in.a
  CC      crypto/akcipher.o
  CC      security/device_cgroup.o
  CC      mm/rmap.o
  AR      drivers/video/fbdev/built-in.a
  AR      drivers/video/built-in.a
  CC      kernel/sys.o
  CC      net/core/skbuff.o
  CC      sound/core/pcm_iec958.o
  CC      net/802/psnap.o
  CC      net/netlink/genetlink.o
  CC      net/802/stp.o
  CC      net/llc/llc_if.o
  CC      lib/nlattr.o
  CC      crypto/kpp.o
  CC      io_uring/msg_ring.o
  CC      fs/fs-writeback.o
  CC      sound/core/pcm_dmaengine.o
  CC      net/llc/llc_c_ev.o
  AR      drivers/pci/built-in.a
  AR      security/built-in.a
  CC      net/sched/sch_mq.o
  CC      net/core/datagram.o
  CC      io_uring/fdinfo.o
  CC      net/802/garp.o
  CC      drivers/acpi/event.o
  CC      drivers/pnp/resource.o
  CC      crypto/acompress.o
  CC      mm/page_alloc.o
  CC      net/llc/llc_c_ac.o
  CC      lib/net_utils.o
  CC      net/netlink/policy.o
  CC      kernel/pid.o
  CC      sound/core/compress_offload.o
  CC      net/sched/sch_frag.o
  CC      net/sched/sch_api.o
  CC      io_uring/rsrc.o
  CC      fs/fs_context.o
  CC      crypto/scompress.o
  CC      net/802/mrp.o
  AR      drivers/pnp/built-in.a
  AR      net/netlink/built-in.a
  CC      net/core/stream.o
  CC      net/sched/sch_blackhole.o
  AR      lib/lib.a
  CC [M]  sound/usb/card.o
  AR      lib/built-in.a
  CC      net/llc/llc_conn.o
  CC      io_uring/rw.o
  AR      sound/core/built-in.a
  CC      crypto/algboss.o
  AR      drivers/acpi/built-in.a
  CC [M]  sound/usb/clock.o
  CC      kernel/extable.o
  CC      net/core/scm.o
  CC [M]  sound/usb/endpoint.o
  CC [M]  drivers/dma/bcm-sba-raid.o
  CC [M]  sound/usb/format.o
  CC      fs/eventpoll.o
  CC      net/llc/llc_c_st.o
  CC      crypto/crypto_user_base.o
  CC      net/core/gen_stats.o
  AR      net/802/built-in.a
  CC      io_uring/opdef.o
  CC      io_uring/notif.o
  CC      kernel/nsproxy.o
  CC      net/sched/cls_api.o
  CC      drivers/soc/imx/imx8m-blk-ctrl.o
  CC      drivers/xen/cpu_hotplug.o
  CC      drivers/soc/imx/imx8mp-blk-ctrl.o
  CC [M]  sound/usb/implicit.o
  CC      net/llc/llc_pdu.o
  CC      net/core/gen_estimator.o
  CC      drivers/xen/manage.o
  CC      net/core/net_namespace.o
  CC      crypto/rng.o
  CC      kernel/cred.o
  CC      net/llc/llc_sap.o
  AR      io_uring/built-in.a
  CC      net/llc/llc_s_ac.o
  CC      net/llc/llc_s_ev.o
  CC [M]  sound/usb/mixer.o
  CC      net/llc/llc_s_st.o
  AR      drivers/soc/imx/built-in.a
  CC      fs/nfs_common/grace.o
  AR      drivers/soc/built-in.a
  CC      fs/nfs_common/nfs_ssc.o
  CC      net/sched/act_api.o
  CC      net/bpf/test_run.o
  CC      mm/slub.o
  CC      net/bpf/bpf_dummy_struct_ops.o
  CC      drivers/xen/events/events_base.o
  CC      net/llc/af_llc.o
  CC      net/sched/sch_fifo.o
  CC      net/core/secure_seq.o
  CC      mm/migrate.o
  CC [M]  crypto/authenc.o
  CC [M]  sound/usb/mixer_scarlett2.o
  CC      kernel/sched/core.o
  CC      net/ethtool/ioctl.o
  AR      fs/nfs_common/built-in.a
  CC [M]  net/sched/act_gact.o
  CC      fs/iomap/buffered-io.o
  CC [M]  crypto/authencesn.o
  CC      net/llc/llc_station.o
  CC [M]  crypto/tls.o
  CC      drivers/xen/xenbus/xenbus_client.o
  AR      drivers/xen/events/built-in.a
  CC      net/core/flow_dissector.o
  CC      net/ethtool/common.o
  CC [M]  sound/usb/pcm.o
  CC      net/netfilter/core.o
  CC [M]  net/sched/act_mirred.o
  CC      net/ipv4/route.o
  AR      net/bpf/built-in.a
  CC [M]  net/sched/act_skbedit.o
  CC      net/core/sysctl_net_core.o
  CC      net/llc/llc_proc.o
  CC [M]  crypto/af_alg.o
  CC [M]  net/sched/act_gate.o
  CC      drivers/xen/xenbus/xenbus_comms.o
  CC      net/tls/tls_main.o
  CC [M]  sound/usb/proc.o
  AR      fs/iomap/built-in.a
  CC      net/llc/sysctl_net_llc.o
  CC [M]  crypto/algif_hash.o
  CC      net/core/dev.o
  CC      fs/proc/namespaces.o
  CC      drivers/xen/xenbus/xenbus_xs.o
  CC      net/netfilter/nf_log.o
  CC [M]  sound/usb/quirks.o
  CC      mm/memcontrol.o
  CC [M]  net/sched/sch_ingress.o
  AR      net/llc/built-in.a
  CC      net/ethtool/netlink.o
  CC [M]  sound/usb/stream.o
  CC      fs/proc/proc_sysctl.o
  CC      drivers/xen/xenbus/xenbus_probe.o
  CC      net/ipv4/inetpeer.o
  CC [M]  crypto/algif_skcipher.o
  CC      sound/soc/soc-core.o
  CC      net/tls/tls_sw.o
  CC [M]  net/sched/sch_multiq.o
  AR      kernel/sched/built-in.a
  CC      drivers/tty/hvc/hvc_xen.o
  CC      fs/sysfs/mount.o
  CC [M]  sound/usb/media.o
  CC      kernel/dma/pool.o
  CC      net/unix/af_unix.o
  CC      net/netfilter/nf_queue.o
  CC [M]  crypto/algif_rng.o
  AR      fs/sysfs/built-in.a
  CC [M]  net/sched/sch_mqprio.o
  CC      drivers/xen/xenbus/xenbus_probe_backend.o
  AR      drivers/tty/hvc/built-in.a
  CC      net/ipv4/protocol.o
  CC      drivers/tty/serial/8250/8250_pci.o
  AR      kernel/dma/built-in.a
  LD [M]  sound/usb/snd-usb-audio.o
  CC      net/ethtool/bitset.o
  CC      sound/soc/soc-dapm.o
  CC      kernel/module/main.o
  CC      drivers/xen/xenbus/xenbus_dev_frontend.o
  CC      fs/proc/proc_net.o
  CC      net/netfilter/nf_sockopt.o
  CC [M]  crypto/algif_aead.o
  CC [M]  net/sched/sch_cbs.o
  CC      net/ethtool/strset.o
  CC      net/tls/tls_proc.o
  CC      net/ipv4/ip_input.o
  CC      net/netfilter/utils.o
  CC      drivers/xen/xenbus/xenbus_dev_backend.o
  CC      net/netfilter/nfnetlink.o
  AR      drivers/tty/serial/8250/built-in.a
  AR      drivers/tty/serial/built-in.a
  AR      drivers/tty/built-in.a
  AR      fs/proc/built-in.a
  CC      net/ipv4/ip_fragment.o
  AR      crypto/built-in.a
  CC [M]  net/sched/sch_etf.o
  CC      fs/ext4/xattr.o
  CC      net/ethtool/linkinfo.o
  CC      net/ipv6/af_inet6.o
  CC      drivers/xen/xenbus/xenbus_probe_frontend.o
  CC      sound/soc/soc-jack.o
  CC      net/tls/tls_strp.o
  AR      kernel/module/built-in.a
  CC      net/unix/garbage.o
  CC      kernel/time/hrtimer.o
  AR      mm/built-in.a
  CC      drivers/iommu/iommu.o
  CC      net/ethtool/linkmodes.o
  CC [M]  net/sched/sch_taprio.o
  CC      net/netfilter/nf_tables_core.o
  CC      net/tls/tls_device.o
  CC      net/unix/sysctl_net_unix.o
  AR      drivers/xen/xenbus/built-in.a
  CC      drivers/xen/xen-balloon.o
  CC [M]  drivers/gpu/drm/rcar-du/rcar_dw_hdmi.o
  CC      net/tls/tls_device_fallback.o
  CC      sound/soc/soc-utils.o
  CC      net/ipv4/ip_forward.o
  CC      net/ipv6/anycast.o
  CC      net/ethtool/linkstate.o
  AR      fs/ext4/built-in.a
  CC      kernel/time/posix-timers.o
  CC      net/unix/unix_bpf.o
  CC      drivers/gpu/drm/imx/imx-tve.o
  CC [M]  net/sched/cls_u32.o
  CC      drivers/xen/xenfs/super.o
  CC      fs/nfs/client.o
  CC      sound/soc/soc-dai.o
  CC      net/core/dev_addr_lists.o
  CC      net/ipv4/ip_options.o
  CC      net/ethtool/debug.o
  CC      net/netfilter/nf_tables_api.o
  AR      drivers/iommu/built-in.a
  CC      net/netfilter/nft_chain_filter.o
  CC      net/ipv6/ip6_output.o
  CC      drivers/xen/xenfs/xenstored.o
  CC      kernel/time/posix-clock.o
  CC      drivers/gpu/drm/imx/dw_hdmi-imx.o
  AR      net/unix/built-in.a
  CC      fs/nfs/dir.o
  AR      net/tls/built-in.a
  CC [M]  drivers/gpu/drm/i2c/tda998x_drv.o
  CC      net/ethtool/wol.o
  CC      drivers/block/xen-blkfront.o
  AR      drivers/xen/xenfs/built-in.a
  CC      drivers/xen/sys-hypervisor.o
  CC      drivers/base/core.o
  CC [M]  net/sched/cls_basic.o
  CC      sound/soc/soc-component.o
  CC      net/core/dst.o
  AR      kernel/time/built-in.a
  CC      kernel/kallsyms.o
  CC      drivers/gpu/drm/imx/dcss/dcss-kms.o
  CC [M]  drivers/xen/xen-pciback/pci_stub.o
  CC [M]  drivers/misc/uacce/uacce.o
  CC      net/ethtool/features.o
  CC      net/ipv4/ip_output.o
  CC [M]  net/sched/cls_flower.o
  CC      net/core/netevent.o
  LD [M]  drivers/gpu/drm/i2c/tda998x.o
  CC [M]  drivers/block/nbd.o
  CC      drivers/gpu/drm/imx/dcss/dcss-crtc.o
  CC      net/ethtool/privflags.o
  CC      sound/soc/soc-pcm.o
  CC [M]  drivers/xen/xen-pciback/pciback_ops.o
  CC      net/packet/af_packet.o
  CC      sound/soc/soc-devres.o
  CC      net/ipv6/ip6_input.o
  CC      kernel/cgroup/cgroup.o
  CC      fs/nfs/file.o
  AR      drivers/gpu/drm/imx/dcss/built-in.a
  CC      drivers/gpu/drm/imx/mhdp/cdns-mhdp-imxdrv.o
  CC      net/core/neighbour.o
  CC      net/ethtool/rings.o
  CC [M]  drivers/xen/xen-pciback/xenbus.o
  CC      fs/lockd/clntlock.o
  CC      drivers/gpu/drm/panel/panel-simple.o
  CC      drivers/base/property.o
  CC [M]  drivers/xen/xen-pciback/conf_space.o
  CC      drivers/gpu/drm/imx/mhdp/cdns-mhdp-dp-phy.o
  CC [M]  drivers/block/xen-blkback/blkback.o
  CC      net/ethtool/channels.o
  CC      net/ipv4/ip_sockglue.o
  AR      net/sched/built-in.a
  CC      fs/nfs/getroot.o
  CC      sound/soc/soc-ops.o
  CC [M]  drivers/xen/xen-pciback/conf_space_header.o
  CC      fs/lockd/clntproc.o
  AR      drivers/gpu/drm/panel/built-in.a
  CC [M]  drivers/xen/xen-pciback/conf_space_capability.o
  CC      net/ethtool/coalesce.o
  CC      net/ipv6/addrconf.o
  CC      drivers/gpu/drm/imx/mhdp/cdns-mhdp-hdmi-phy.o
  CC [M]  drivers/xen/xen-pciback/conf_space_quirks.o
  CC [M]  drivers/block/xen-blkback/xenbus.o
  CC      net/ethtool/pause.o
  CC      fs/lockd/clntxdr.o
  CC      fs/nfs/inode.o
  CC      drivers/base/firmware_loader/fallback_table.o
  CC [M]  drivers/xen/xen-pciback/vpci.o
  CC      net/ipv6/addrlabel.o
  CC      sound/soc/soc-link.o
  CC      drivers/gpu/drm/imx/mhdp/cdns-mhdp-imx8qm.o
  AR      net/packet/built-in.a
  CC      net/netfilter/nf_tables_trace.o
  CC      net/ethtool/eee.o
  CC [M]  drivers/xen/xen-pciback/passthrough.o
  CC      net/core/rtnetlink.o
  CC      net/ipv4/inet_hashtables.o
  CC      drivers/base/firmware_loader/main.o
  CC      net/netfilter/nft_immediate.o
  CC      fs/lockd/host.o
  LD [M]  drivers/block/xen-blkback/xen-blkback.o
  AR      drivers/block/built-in.a
  CC      drivers/gpu/drm/imx/mhdp/cdns-mhdp-ls1028a.o
  AR      kernel/cgroup/built-in.a
  UPD     kernel/config_data
  CC      kernel/audit.o
  CC      sound/soc/soc-card.o
  LD [M]  drivers/xen/xen-pciback/xen-pciback.o
  CC      net/devlink/leftover.o
  CC      net/ipv4/inet_timewait_sock.o
  AR      drivers/xen/built-in.a
  CC      net/bridge/br.o
  CC      drivers/gpu/drm/bridge/adv7511/adv7511_audio.o
  CC      net/ethtool/tsinfo.o
  CC      net/ethtool/cabletest.o
  AR      drivers/gpu/drm/imx/mhdp/built-in.a
  CC      net/netfilter/nft_cmp.o
  AR      drivers/gpu/drm/imx/built-in.a
  CC      fs/lockd/svc.o
  CC      kernel/auditfilter.o
  CC      drivers/base/firmware_loader/fallback.o
  AR      drivers/gpu/drm/bridge/adv7511/built-in.a
  CC      sound/soc/soc-topology.o
  CC      net/bridge/br_device.o
  CC      drivers/gpu/drm/bridge/cadence/cdns-mhdp-common.o
  CC      net/bridge/br_fdb.o
  CC      fs/nfs/super.o
  CC      drivers/base/firmware_loader/sysfs.o
  CC      net/netfilter/nft_range.o
  CC      net/netfilter/nft_bitwise.o
  CC      net/ipv4/inet_connection_sock.o
  CC      net/ethtool/tunnels.o
  CC      drivers/base/firmware_loader/builtin/main.o
  CC      fs/lockd/svclock.o
  CC      kernel/auditsc.o
  CC      net/ipv6/route.o
  CC      sound/soc/soc-generic-dmaengine-pcm.o
  CC      net/ethtool/fec.o
  AR      drivers/base/firmware_loader/builtin/built-in.a
  AR      drivers/base/firmware_loader/built-in.a
  CC      drivers/gpu/drm/bridge/cadence/cdns-mhdp-dp.o
  CC      drivers/gpu/drm/bridge/cadence/cdns-mhdp-hdmi.o
  CC      fs/lockd/svcshare.o
  CC      drivers/base/regmap/regmap.o
  CC      net/netfilter/nft_byteorder.o
  CC      net/ethtool/eeprom.o
  CC      fs/nfs/io.o
  CC      net/bluetooth/af_bluetooth.o
  CC      net/sunrpc/clnt.o
  CC      net/bridge/br_forward.o
  CC      net/core/utils.o
  CC      sound/soc/soc-compress.o
  CC      fs/lockd/svcproc.o
  CC      drivers/gpu/drm/bridge/synopsys/dw-hdmi.o
  CC      drivers/gpu/drm/bridge/cadence/cdns-hdmi-core.o
  CC      net/netfilter/nft_payload.o
  CC      fs/nfs/direct.o
  CC      net/ethtool/stats.o
  CC      kernel/audit_watch.o
  CC      net/ipv4/tcp.o
  CC      fs/lockd/svcsubs.o
  AR      drivers/base/regmap/built-in.a
  AR      drivers/base/built-in.a
  CC      net/ethtool/phc_vclocks.o
  CC      sound/soc/codecs/bt-sco.o
  CC      net/bluetooth/hci_core.o
  CC      net/core/link_watch.o
  CC      net/bridge/br_if.o
  CC      drivers/gpu/drm/bridge/cadence/cdns-dp-core.o
  CC      kernel/audit_fsnotify.o
  CC      sound/soc/codecs/cs42xx8.o
  CC      net/netfilter/nft_lookup.o
  CC      net/ethtool/module.o
  CC      net/sunrpc/xprt.o
  AR      net/devlink/built-in.a
  CC      sound/soc/codecs/cs42xx8-i2c.o
  CC      net/ipv4/tcp_input.o
  CC      drivers/gpu/drm/bridge/synopsys/dw-hdmi-gp-audio.o
  CC      fs/nfs/pagelist.o
  CC      kernel/audit_tree.o
  CC      fs/lockd/mon.o
  CC      net/netfilter/nft_dynset.o
  CC      net/ethtool/pse-pd.o
  CC      net/core/filter.o
  CC [M]  drivers/nfc/s3fwrn5/core.o
  CC      net/ipv6/ip6_fib.o
  CC      drivers/gpu/drm/bridge/cadence/cdns-mhdp-audio.o
  CC [M]  drivers/gpu/drm/bridge/synopsys/dw-hdmi-ahb-audio.o
  CC      sound/soc/codecs/hdmi-codec.o
  CC      net/bridge/br_input.o
  CC      fs/lockd/xdr.o
  CC      kernel/seccomp.o
  CC      net/netfilter/nft_meta.o
  AR      net/ethtool/built-in.a
  CC      net/bluetooth/hci_conn.o
  CC [M]  drivers/gpu/drm/bridge/synopsys/dw-hdmi-i2s-audio.o
  CC      sound/soc/codecs/wm8524.o
  CC [M]  drivers/nfc/s3fwrn5/firmware.o
  CC      net/sunrpc/socklib.o
  AR      drivers/gpu/drm/bridge/synopsys/built-in.a
  CC      drivers/gpu/drm/bridge/cadence/cdns-mhdp-hdcp.o
  CC      fs/nfs/read.o
  CC      net/sunrpc/xprtsock.o
  CC      fs/lockd/clnt4xdr.o
  CC      net/ipv4/tcp_output.o
  CC      sound/soc/generic/simple-card-utils.o
  CC [M]  sound/soc/codecs/ak4458.o
  CC      net/bridge/br_ioctl.o
  CC [M]  drivers/nfc/s3fwrn5/nci.o
  CC      kernel/taskstats.o
  CC      net/netfilter/nft_rt.o
  CC      net/ipv6/ipv6_sockglue.o
  CC [M]  sound/soc/codecs/ak4613.o
  CC      fs/lockd/xdr4.o
  CC [M]  drivers/nfc/s3fwrn5/phy_common.o
  CC      net/netfilter/nft_exthdr.o
  CC      drivers/gpu/drm/bridge/cadence/cdns-hdcp-common.o
  CC      net/bridge/br_stp.o
  CC      sound/soc/generic/simple-card.o
  CC      fs/nfs/symlink.o
  CC      net/ipv4/tcp_timer.o
  CC      kernel/bpf/core.o
  CC [M]  sound/soc/codecs/ak5558.o
  CC      net/bluetooth/hci_event.o
  CC      net/sunrpc/sched.o
  CC      fs/lockd/svc4proc.o
  CC [M]  drivers/nfc/s3fwrn5/i2c.o
  CC      sound/soc/generic/audio-graph-card.o
  CC      net/netfilter/nft_last.o
  CC      net/strparser/strparser.o
  CC      fs/nfs/unlink.o
  CC [M]  sound/soc/codecs/cros_ec_codec.o
  CC      drivers/gpu/drm/bridge/cadence/cdns-mhdp-cec.o
  CC      fs/lockd/procfs.o
  LD [M]  drivers/nfc/s3fwrn5/s3fwrn5.o
  LD [M]  drivers/nfc/s3fwrn5/s3fwrn5_i2c.o
  CC      net/ipv4/tcp_ipv4.o
  CC      net/bridge/br_stp_bpdu.o
  CC      net/ipv6/ndisc.o
  CC      net/netfilter/nft_counter.o
  AR      sound/soc/generic/built-in.a
  CC      net/bridge/br_stp_if.o
  CC      fs/nfs/write.o
  CC      net/core/sock_diag.o
  AR      fs/lockd/built-in.a
  CC [M]  sound/soc/codecs/dmic.o
  CC      fs/nfs/namespace.o
  CC      net/ipv6/udp.o
  AR      drivers/gpu/drm/bridge/cadence/built-in.a
  CC      drivers/gpu/drm/bridge/it6161.o
  CC      net/sunrpc/auth.o
  CC      fs/nfs/mount_clnt.o
  AR      net/strparser/built-in.a
  CC      net/sunrpc/auth_null.o
  CC      net/netfilter/nft_chain_route.o
  CC [M]  sound/soc/codecs/es7134.o
  CC      kernel/bpf/syscall.o
  CC      net/bridge/br_stp_timer.o
  CC      net/bluetooth/mgmt.o
  CC [M]  sound/soc/codecs/es7241.o
  CC      net/ipv4/tcp_minisocks.o
  CC      net/core/dev_ioctl.o
  CC      kernel/bpf/verifier.o
  CC      net/ipv4/tcp_cong.o
  CC      kernel/events/core.o
  CC      net/netfilter/nf_tables_offload.o
  CC [M]  drivers/gpu/drm/bridge/lontium-lt9611.o
  CC      net/bridge/br_netlink.o
  CC      net/sunrpc/auth_unix.o
  CC [M]  sound/soc/codecs/gtm601.o
  CC      kernel/bpf/inode.o
  CC      net/bluetooth/hci_sock.o
  CC      fs/nfs/nfstrace.o
  CC [M]  sound/soc/codecs/max98357a.o
  CC [M]  drivers/gpu/drm/bridge/lontium-lt9611uxc.o
  CC      net/netfilter/nft_set_hash.o
  CC      net/sunrpc/svc.o
  CC      net/ipv6/udplite.o
  CC      net/core/tso.o
  CC      fs/nfs/export.o
  CC      net/bridge/br_netlink_tunnel.o
  CC      net/ipv4/tcp_metrics.o
  CC      net/core/sock_reuseport.o
  CC [M]  sound/soc/codecs/max98927.o
  CC      net/bluetooth/hci_sysfs.o
  CC      net/ipv6/raw.o
  CC [M]  drivers/gpu/drm/bridge/sii902x.o
  CC      fs/nfs/sysfs.o
  CC [M]  sound/soc/codecs/msm8916-wcd-analog.o
  CC      net/netfilter/nft_set_bitmap.o
  CC      net/bridge/br_arp_nd_proxy.o
  CC      kernel/bpf/helpers.o
  CC      net/netfilter/nft_set_rbtree.o
  CC      net/bridge/br_sysfs_if.o
  CC      net/ipv4/tcp_fastopen.o
  CC      net/core/fib_notifier.o
  AR      drivers/gpu/drm/bridge/built-in.a
  CC      net/sunrpc/svcsock.o
  CC      fs/nfs/fs_context.o
  CC [M]  sound/soc/codecs/msm8916-wcd-digital.o
  CC      fs/9p/vfs_super.o
  CC      net/8021q/vlan_core.o
  CC      fs/9p/vfs_inode.o
  CC      net/bluetooth/l2cap_core.o
  CC      net/bridge/br_sysfs_br.o
  CC      net/netfilter/nft_set_pipapo.o
  CC      net/core/xdp.o
  CC [M]  sound/soc/codecs/pcm186x.o
  CC [M]  net/netfilter/nfnetlink_osf.o
  CC      net/ipv6/icmp.o
  CC      net/wireless/core.o
  CC      fs/9p/vfs_inode_dotl.o
  CC      net/ipv4/tcp_rate.o
  CC      net/bridge/br_nf_core.o
  CC      fs/nfs/nfsroot.o
  CC      net/8021q/vlan.o
  CC      net/sunrpc/svcauth.o
  CC [M]  sound/soc/codecs/pcm3168a.o
  CC      net/bluetooth/l2cap_sock.o
  CC      net/core/flow_offload.o
  AR      kernel/events/built-in.a
  CC      fs/nfs/sysctl.o
  CC      net/bridge/br_multicast.o
  CC      fs/9p/vfs_addr.o
  CC [M]  net/netfilter/nf_conntrack_core.o
  CC      net/ipv4/tcp_recovery.o
  CC      net/ipv6/mcast.o
  CC      net/8021q/vlan_dev.o
  CC [M]  sound/soc/codecs/pcm3168a-i2c.o
  CC      kernel/bpf/log.o
  CC      fs/nfs/nfs2super.o
  CC      fs/9p/vfs_file.o
  CC      kernel/bpf/bpf_iter.o
  CC      net/wireless/sysfs.o
  CC      net/sunrpc/svcauth_unix.o
  CC      net/ipv4/tcp_ulp.o
  CC      net/core/gro.o
  CC      net/8021q/vlan_netlink.o
  CC [M]  sound/soc/codecs/pcm512x.o
  CC [M]  drivers/gpu/drm/nouveau/dispnv50/curs507a.o
  CC      fs/nfs/proc.o
  CC      fs/9p/vfs_dir.o
  CC      net/wireless/radiotap.o
  CC      net/ipv6/reassembly.o
  CC      net/bridge/br_mdb.o
  CC      kernel/bpf/map_iter.o
  CC      net/8021q/vlan_gvrp.o
  CC      fs/9p/vfs_dentry.o
  LD [M]  drivers/gpu/drm/nouveau/nouveau.o
  CC      fs/nfs/nfs2xdr.o
  CC      net/sunrpc/addr.o
  CC [M]  net/netfilter/nf_conntrack_standalone.o
  CC      net/bluetooth/smp.o
  CC [M]  net/netfilter/nf_conntrack_expect.o
  CC [M]  sound/soc/codecs/rt5659.o
  CC      net/ipv4/tcp_offload.o
  CC      net/8021q/vlan_mvrp.o
  CC      net/wireless/util.o
  AR      drivers/gpu/drm/built-in.a
  CC      kernel/bpf/task_iter.o
  AR      fs/9p/built-in.a
  CC      net/ipv6/tcp_ipv6.o
  AR      drivers/gpu/built-in.a
  CC      net/core/net-sysfs.o
  CC      fs/nfs/nfs3super.o
  CC      drivers/scsi/scsi.o
  CC      net/8021q/vlanproc.o
  CC      net/bridge/br_multicast_eht.o
  CC      net/ipv4/datagram.o
  CC      net/sunrpc/rpcb_clnt.o
  CC      fs/nfs/nfs3client.o
  CC      kernel/bpf/prog_iter.o
  CC      net/ipv4/raw.o
  AR      net/8021q/built-in.a
  CC      net/sunrpc/timer.o
  CC      net/ipv4/udp.o
  CC      drivers/scsi/scsi_ioctl.o
  CC [M]  sound/soc/codecs/sgtl5000.o
  CC [M]  net/netfilter/nf_conntrack_helper.o
  CC      drivers/scsi/scsi_error.o
  CC      net/bluetooth/lib.o
  CC      kernel/bpf/link_iter.o
  CC      net/bridge/br_vlan.o
  CC      net/core/page_pool.o
  CC [M]  net/netfilter/nf_conntrack_proto.o
  CC [M]  net/netfilter/nf_conntrack_proto_generic.o
  CC      net/wireless/reg.o
  CC [M]  sound/soc/codecs/spdif_receiver.o
  CC      fs/nfs/nfs3proc.o
  CC      net/ipv6/ping.o
  CC      kernel/bpf/hashtab.o
  CC      net/sunrpc/xdr.o
  CC      net/ipv4/udplite.o
  CC      net/core/net-procfs.o
  CC [M]  sound/soc/codecs/spdif_transmitter.o
  CC      net/ipv4/udp_offload.o
  CC      net/bluetooth/hci_request.o
  CC      drivers/scsi/scsi_lib.o
  CC      net/mac80211/main.o
  CC [M]  sound/soc/codecs/tas571x.o
  CC      net/ipv4/arp.o
  CC      fs/nfs/nfs3xdr.o
  CC      net/core/selftests.o
  CC [M]  net/netfilter/nf_conntrack_proto_tcp.o
  CC      net/ipv6/exthdrs.o
  GZIP    kernel/config_data.gz
  CC      net/bluetooth/mgmt_util.o
  CC      net/core/ptp_classifier.o
  CC      kernel/bpf/arraymap.o
  CC      net/bridge/br_vlan_tunnel.o
  CC [M]  sound/soc/codecs/tlv320aic31xx.o
  CC      net/ipv6/datagram.o
  CC      net/sunrpc/sunrpc_syms.o
  CC      fs/nfs/nfs4proc.o
  CC      net/wireless/scan.o
  CC      kernel/configs.o
  CC      net/bluetooth/mgmt_config.o
  CC      drivers/scsi/scsi_scan.o
  CC [M]  sound/soc/codecs/wcd-mbhc-v2.o
  CC      net/bridge/br_vlan_options.o
  CC      net/core/dst_cache.o
  CC [M]  net/netfilter/nf_conntrack_proto_udp.o
  CC      net/ipv4/icmp.o
  CC      net/sunrpc/cache.o
  CC      kernel/bpf/lpm_trie.o
  CC      net/mac80211/status.o
  CC      net/sunrpc/rpc_pipe.o
  CC      fs/nfs/nfs4xdr.o
  CC      net/bluetooth/hci_codec.o
  CC      net/bluetooth/eir.o
  CC [M]  net/netfilter/nf_conntrack_proto_icmp.o
  CC      net/ipv6/ip6_flowlabel.o
  CC      kernel/bpf/local_storage.o
  CC      net/bridge/br_mst.o
  CC      drivers/scsi/scsi_logging.o
  CC [M]  sound/soc/codecs/wcd-clsh-v2.o
  CC      net/core/gro_cells.o
  CC      net/bridge/br_switchdev.o
  CC      net/bluetooth/hci_sync.o
  CC [M]  net/netfilter/nf_conntrack_extend.o
  CC      net/wireless/nl80211.o
  CC      net/ipv4/devinet.o
  CC      kernel/bpf/ringbuf.o
  CC      net/mac80211/driver-ops.o
  CC      net/ipv6/inet6_connection_sock.o
  CC [M]  sound/soc/codecs/wcd934x.o
  CC      net/sunrpc/sysfs.o
  CC      drivers/scsi/libsas/sas_init.o
  CC      net/ipv4/af_inet.o
  CC      net/sunrpc/svc_xprt.o
  CC      net/core/failover.o
  CC [M]  net/bridge/netfilter/ebtables.o
  CC      kernel/bpf/bpf_local_storage.o
  CC      net/wireless/mlme.o
  CC      net/mac80211/sta_info.o
  CC [M]  net/netfilter/nf_conntrack_acct.o
  CC      net/ipv6/udp_offload.o
  CC      net/core/skmsg.o
  CC      drivers/scsi/libsas/sas_phy.o
  CC [M]  sound/soc/codecs/wm8904.o
  CC      kernel/bpf/bpf_task_storage.o
  CC [M]  net/netfilter/nf_conntrack_seqadj.o
  CC      net/bluetooth/sco.o
  CC      net/mac80211/wep.o
  CC      drivers/scsi/libsas/sas_port.o
  CC      net/sunrpc/xprtmultipath.o
  CC      fs/nfs/nfs4state.o
  CC      net/ipv6/seg6.o
  CC      net/ipv4/igmp.o
  CC [M]  sound/soc/codecs/wm8960.o
  CC      kernel/bpf/trampoline.o
  CC      net/bluetooth/iso.o
  CC      net/core/sock_map.o
  CC      net/9p/trans_fd.o
  CC      drivers/scsi/libsas/sas_event.o
  CC [M]  net/bridge/br_netfilter_hooks.o
  CC      net/sunrpc/backchannel_rqst.o
  CC      net/ipv6/fib6_notifier.o
  CC      drivers/scsi/libsas/sas_discover.o
  CC [M]  net/netfilter/nf_conntrack_proto_icmpv6.o
  CC [M]  sound/soc/codecs/wm8962.o
  CC      kernel/bpf/btf.o
  CC      net/mac80211/wpa.o
  CC      net/9p/trans_virtio.o
  CC      net/ipv6/rpl.o
  CC      net/bluetooth/leds.o
  CC      net/tsn/genl_tsn.o
  CC      net/bluetooth/rfcomm/core.o
  CC      drivers/scsi/libsas/sas_expander.o
  CC [M]  net/netfilter/nf_conntrack_ecache.o
  CC [M]  net/bridge/br_netfilter_ipv6.o
  CC      net/sunrpc/stats.o
  CC      fs/nfs/nfs4renewd.o
  AR      net/9p/built-in.a
  CC      net/ipv6/ioam6.o
  CC      net/ipv6/sysctl_net_ipv6.o
  CC      net/wireless/ibss.o
  CC      net/mac80211/scan.o
  CC      net/core/bpf_sk_storage.o
  CC      net/ipv4/fib_frontend.o
  CC [M]  sound/soc/codecs/wm8994.o
  CC      fs/nfs/nfs4super.o
  AR      net/bridge/built-in.a
  LD [M]  net/bridge/br_netfilter.o
  CC      net/ipv4/fib_semantics.o
  CC      net/bluetooth/rfcomm/sock.o
  CC      net/wireless/sme.o
  CC      drivers/scsi/libsas/sas_scsi_host.o
  CC [M]  net/netfilter/nf_conntrack_proto_dccp.o
  AR      net/tsn/built-in.a
  CC      net/wireless/chan.o
  CC      net/ipv6/netfilter.o
  CC      net/sunrpc/sysctl.o
  CC      net/bluetooth/bnep/core.o
  CC      fs/nfs/nfs4file.o
  CC      net/bluetooth/rfcomm/tty.o
  CC      net/core/of_net.o
  CC [M]  net/netfilter/nf_conntrack_proto_sctp.o
  CC      net/mac80211/offchannel.o
  CC [M]  sound/soc/codecs/wm8958-dsp2.o
  CC      drivers/scsi/libsas/sas_task.o
  CC      net/sunrpc/auth_gss/auth_gss.o
  CC      kernel/bpf/dispatcher.o
  CC      net/bluetooth/bnep/sock.o
  CC      drivers/scsi/libsas/sas_ata.o
  CC      fs/nfs/delegation.o
  CC      net/ipv6/proc.o
  CC      net/ipv4/fib_trie.o
  CC      drivers/scsi/libsas/sas_host_smp.o
  CC [M]  net/ipv6/netfilter/ip6_tables.o
  AR      net/bluetooth/rfcomm/built-in.a
  CC      net/bluetooth/bnep/netdev.o
  CC [M]  net/netfilter/nf_log_syslog.o
  CC      kernel/bpf/devmap.o
  CC [M]  sound/soc/codecs/wm_hubs.o
  CC [M]  net/core/pktgen.o
  CC      drivers/scsi/sd.o
  CC      net/sysctl_net.o
  CC      net/wireless/ethtool.o
  CC      net/mac80211/ht.o
  CC      net/sunrpc/auth_gss/gss_generic_token.o
  AR      net/bluetooth/bnep/built-in.a
  CC      net/bluetooth/hidp/core.o
  CC      drivers/scsi/sd_dif.o
  CC      fs/nfs/nfs4idmap.o
  AR      drivers/scsi/libsas/built-in.a
  CC      net/dns_resolver/dns_query.o
  CC      kernel/bpf/cpumap.o
  CC [M]  net/netfilter/nf_nat_core.o
  CC [M]  sound/soc/codecs/wsa881x.o
  CC      net/switchdev/switchdev.o
  CC      net/bluetooth/hidp/sock.o
  CC [M]  net/dsa/dsa.o
  CC      net/wireless/mesh.o
  CC      net/sunrpc/auth_gss/gss_mech_switch.o
  AR      net/dns_resolver/built-in.a
  CC      fs/nfs/callback.o
  CC [M]  sound/soc/codecs/rpmsg_wm8960.o
  CC      net/ipv4/fib_notifier.o
  CC [M]  net/ipv6/netfilter/ip6table_filter.o
  CC      kernel/bpf/offload.o
  CC      drivers/scsi/hisi_sas/hisi_sas_main.o
  AR      net/core/built-in.a
  CC      kernel/bpf/net_namespace.o
  CC      net/mac80211/agg-tx.o
  CC      net/wireless/ap.o
  CC      net/ipv6/addrconf_core.o
  CC      net/ipv4/inet_fragment.o
  AR      net/bluetooth/hidp/built-in.a
  AR      net/bluetooth/built-in.a
  CC      fs/efivarfs/vars.o
  CC      net/ipv6/exthdrs_core.o
  CC [M]  net/netfilter/nf_nat_proto.o
  AR      net/switchdev/built-in.a
  CC [M]  net/ipv6/netfilter/ip6table_mangle.o
  CC      drivers/nvme/host/core.o
  CC      fs/nfs/callback_xdr.o
  CC      drivers/scsi/hisi_sas/hisi_sas_v1_hw.o
  CC      net/sunrpc/auth_gss/svcauth_gss.o
  CC      net/wireless/trace.o
  CC [M]  net/dsa/dsa2.o
  AR      fs/efivarfs/built-in.a
  CC      net/mac80211/agg-rx.o
  CC [M]  sound/soc/codecs/rpmsg_wm8960_i2c.o
  CC      kernel/bpf/stackmap.o
  CC      net/sunrpc/auth_gss/gss_rpc_upcall.o
  CC      net/ipv4/ping.o
  CC      net/wireless/ocb.o
  CC [M]  net/ipv6/netfilter/ip6table_nat.o
  CC      fs/nfs/callback_proc.o
  CC [M]  sound/soc/codecs/rpmsg_ak4497.o
  CC      net/sunrpc/auth_gss/gss_rpc_xdr.o
  CC      drivers/scsi/hisi_sas/hisi_sas_v2_hw.o
  CC      net/wireless/pmsr.o
  CC [M]  net/netfilter/nf_nat_helper.o
  CC      net/mac80211/vht.o
  CC      net/ipv4/ip_tunnel_core.o
  CC      kernel/bpf/cgroup.o
  CC      net/mac80211/he.o
  CC [M]  net/ipv6/netfilter/nf_defrag_ipv6_hooks.o
  CC [M]  sound/soc/codecs/simple-amplifier.o
  CC      fs/nfs/nfs4namespace.o
  CC      drivers/scsi/hisi_sas/hisi_sas_v3_hw.o
  CC      net/sunrpc/auth_gss/trace.o
  CC [M]  net/dsa/master.o
  CC      drivers/ata/libata-core.o
  CC      net/mac80211/s1g.o
  CC [M]  sound/soc/codecs/tpa6130a2.o
  CC      drivers/ata/libata-scsi.o
  CC [M]  net/sunrpc/auth_gss/gss_krb5_mech.o
  CC      net/wireless/of.o
  CC [M]  net/ipv6/netfilter/nf_conntrack_reasm.o
  CC      fs/nfs/nfs4getroot.o
  CC      drivers/nvme/host/ioctl.o
  CC [M]  net/netfilter/nf_nat_masquerade.o
  CC [M]  net/dsa/netlink.o
  CC [M]  net/netfilter/nf_dup_netdev.o
  CC [M]  sound/soc/codecs/lpass-wsa-macro.o
  CC [M]  net/sunrpc/auth_gss/gss_krb5_seal.o
  CC      net/ipv6/ip6_checksum.o
  CC      net/mac80211/ibss.o
  CC      net/ipv4/gre_offload.o
  CC      fs/nfs/nfs4client.o
  CC      net/wireless/wext-compat.o
  CC      drivers/nvme/host/pci.o
  CC      kernel/bpf/reuseport_array.o
  CC [M]  net/sunrpc/auth_gss/gss_krb5_unseal.o
  CC [M]  net/dsa/port.o
  AR      drivers/scsi/hisi_sas/built-in.a
  CC [M]  drivers/scsi/mpt3sas/mpt3sas_base.o
  CC      net/ipv4/metrics.o
  CC [M]  net/ipv6/netfilter/nf_socket_ipv6.o
  CC [M]  sound/soc/codecs/lpass-va-macro.o
  CC      kernel/bpf/bpf_struct_ops.o
  CC [M]  net/netfilter/nft_compat.o
  CC [M]  net/sunrpc/auth_gss/gss_krb5_seqnum.o
  CC      kernel/bpf/relo_core.o
  CC      net/mac80211/iface.o
  CC      net/wireless/wext-sme.o
  CC [M]  net/can/af_can.o
  CC      net/ipv4/netlink.o
  CC      drivers/ata/libata-eh.o
  CC [M]  net/sunrpc/auth_gss/gss_krb5_wrap.o
  CC [M]  sound/soc/codecs/simple-mux.o
  CC [M]  net/dsa/slave.o
  CC      fs/nfs/nfs4session.o
  AR      drivers/nvme/host/built-in.a
  AR      drivers/nvme/built-in.a
  CC      net/ipv6/ip6_icmp.o
  CC      net/wireless/shipped-certs.o
  CC [M]  net/netfilter/nft_ct.o
  CC      net/ipv6/output_core.o
  AR      kernel/bpf/built-in.a
  AR      kernel/built-in.a
  CC      fs/nfs/dns_resolve.o
  CC [M]  net/can/proc.o
  AR      sound/soc/codecs/built-in.a
  LD [M]  sound/soc/codecs/snd-soc-ak4458.o
  LD [M]  sound/soc/codecs/snd-soc-ak4613.o
  LD [M]  sound/soc/codecs/snd-soc-ak5558.o
  CC [M]  net/sunrpc/auth_gss/gss_krb5_crypto.o
  LD [M]  sound/soc/codecs/snd-soc-cros-ec-codec.o
  LD [M]  sound/soc/codecs/snd-soc-dmic.o
  LD [M]  sound/soc/codecs/snd-soc-es7134.o
  LD [M]  sound/soc/codecs/snd-soc-es7241.o
  LD [M]  sound/soc/codecs/snd-soc-gtm601.o
  LD [M]  sound/soc/codecs/snd-soc-max98357a.o
  LD [M]  sound/soc/codecs/snd-soc-max98927.o
  LD [M]  sound/soc/codecs/snd-soc-msm8916-analog.o
  CC [M]  net/ipv6/netfilter/nf_tproxy_ipv6.o
  LD [M]  sound/soc/codecs/snd-soc-msm8916-digital.o
  LD [M]  sound/soc/codecs/snd-soc-pcm186x.o
  LD [M]  sound/soc/codecs/snd-soc-pcm3168a.o
  LD [M]  sound/soc/codecs/snd-soc-pcm3168a-i2c.o
  LD [M]  sound/soc/codecs/snd-soc-pcm512x.o
  LD [M]  sound/soc/codecs/snd-soc-rt5659.o
  LD [M]  sound/soc/codecs/snd-soc-sgtl5000.o
  LD [M]  sound/soc/codecs/snd-soc-spdif-rx.o
  LD [M]  sound/soc/codecs/snd-soc-spdif-tx.o
  LD [M]  sound/soc/codecs/snd-soc-tas571x.o
  LD [M]  sound/soc/codecs/snd-soc-tlv320aic31xx.o
  LD [M]  sound/soc/codecs/snd-soc-wcd-mbhc.o
  LD [M]  sound/soc/codecs/snd-soc-wcd934x.o
  LD [M]  sound/soc/codecs/snd-soc-wm8904.o
  LD [M]  sound/soc/codecs/snd-soc-wm8960.o
  LD [M]  sound/soc/codecs/snd-soc-wm8962.o
  LD [M]  sound/soc/codecs/snd-soc-wm8994.o
  LD [M]  sound/soc/codecs/snd-soc-wm-hubs.o
  LD [M]  sound/soc/codecs/snd-soc-wsa881x.o
  CC      net/mac80211/link.o
  LD [M]  sound/soc/codecs/snd-soc-rpmsg-wm8960.o
  CC      net/wireless/lib80211.o
  LD [M]  sound/soc/codecs/snd-soc-rpmsg-wm8960-i2c.o
  LD [M]  sound/soc/codecs/snd-soc-rpmsg-ak4497.o
  LD [M]  sound/soc/codecs/snd-soc-simple-amplifier.o
  LD [M]  sound/soc/codecs/snd-soc-tpa6130a2.o
  LD [M]  sound/soc/codecs/snd-soc-lpass-wsa-macro.o
  LD [M]  sound/soc/codecs/snd-soc-lpass-va-macro.o
  LD [M]  sound/soc/codecs/snd-soc-simple-mux.o
  CC      drivers/ata/libata-transport.o
  CC      net/ipv4/nexthop.o
  CC      sound/soc/fsl/fsl_esai_client.o
  CC      net/mac80211/rate.o
  CC [M]  net/can/raw.o
  CC [M]  net/netfilter/nft_nat.o
  CC [M]  drivers/scsi/mpt3sas/mpt3sas_config.o
  CC [M]  net/sunrpc/auth_gss/gss_krb5_keys.o
  CC      fs/nfs/nfs4trace.o
  CC      net/wireless/lib80211_crypt_wep.o
  CC      drivers/ata/libata-trace.o
  CC      sound/soc/fsl/imx-pcm-dma.o
  CC [M]  drivers/scsi/mpt3sas/mpt3sas_scsih.o
  CC [M]  drivers/scsi/mpt3sas/mpt3sas_transport.o
  CC      net/ipv6/protocol.o
  AR      net/sunrpc/auth_gss/built-in.a
  LD [M]  net/sunrpc/auth_gss/rpcsec_gss_krb5.o
  AR      net/sunrpc/built-in.a
  CC [M]  net/netfilter/nft_masq.o
  CC      net/wireless/lib80211_crypt_ccmp.o
  CC      drivers/ata/libata-sata.o
  CC [M]  net/ipv6/netfilter/nf_reject_ipv6.o
  CC      net/mac80211/michael.o
  CC      fs/nfs/nfs4sysctl.o
  CC [M]  net/dsa/switch.o
  CC [M]  net/can/bcm.o
  CC [M]  net/nfc/core.o
  CC [M]  sound/soc/fsl/fsl_audmix.o
  CC [M]  net/netfilter/nft_chain_nat.o
  CC      net/mac80211/tkip.o
  CC      drivers/ata/libata-sff.o
  CC      net/wireless/lib80211_crypt_tkip.o
  CC      fs/nfs/pnfs.o
  CC      drivers/ata/libata-pmp.o
  CC      net/mac80211/aes_cmac.o
  CC      net/ipv4/udp_tunnel_stub.o
  CC [M]  sound/soc/fsl/fsl-asoc-card.o
  CC [M]  net/dsa/tag_8021q.o
  CC [M]  net/can/gw.o
  CC      net/mac80211/aes_gmac.o
  CC [M]  fs/btrfs/super.o
  CC [M]  net/netfilter/nft_dup_netdev.o
  CC      net/wireless/wext-core.o
  CC [M]  net/ipv6/netfilter/ip6t_REJECT.o
  CC      net/mac80211/fils_aead.o
  CC [M]  net/nfc/netlink.o
  CC [M]  sound/soc/fsl/fsl_asrc.o
  CC      net/ipv4/sysctl_net_ipv4.o
  CC [M]  net/netfilter/nft_fwd_netdev.o
  CC [M]  net/qrtr/af_qrtr.o
  CC      net/wireless/wext-proc.o
  CC      drivers/spi/spi.o
  LD [M]  net/can/can.o
  LD [M]  net/can/can-raw.o
  LD [M]  net/can/can-bcm.o
  LD [M]  net/can/can-gw.o
  CC [M]  sound/soc/fsl/fsl_asrc_dma.o
  CC      net/mac80211/cfg.o
  LD [M]  net/ipv6/netfilter/nf_defrag_ipv6.o
  CC      net/ipv6/ip6_offload.o
  CC      drivers/ata/libata-acpi.o
  CC [M]  fs/btrfs/ctree.o
  CC [M]  net/dsa/tag_ocelot.o
  CC      fs/nfs/pnfs_dev.o
  CC      net/wireless/wext-spy.o
  CC [M]  net/netfilter/nf_flow_table_core.o
  CC      net/ipv4/proc.o
  CC [M]  net/netfilter/nf_flow_table_ip.o
  CC      net/ipv6/tcpv6_offload.o
  CC [M]  sound/soc/fsl/fsl_sai.o
  CC [M]  net/nfc/af_nfc.o
  CC [M]  net/dsa/tag_ocelot_8021q.o
  CC      net/ipv4/ipconfig.o
  CC [M]  drivers/scsi/mpt3sas/mpt3sas_ctl.o
  CC [M]  net/qrtr/ns.o
  CC      drivers/ata/libata-pata-timings.o
sound/soc/fsl/fsl_sai.c: In function ‘fsl_sai_hw_params’:
sound/soc/fsl/fsl_sai.c:699:13: warning: the comparison will always evaluate as ‘true’ for the address of ‘is_consumer_mode’ will never be NULL [-Waddress]
  699 |             !sai->is_consumer_mode)
      |             ^
In file included from sound/soc/fsl/fsl_sai.c:26:
sound/soc/fsl/fsl_sai.h:290:14: note: ‘is_consumer_mode’ declared here
  290 |         bool is_consumer_mode[2];
      |              ^~~~~~~~~~~~~~~~
sound/soc/fsl/fsl_sai.c:713:13: warning: the comparison will always evaluate as ‘true’ for the address of ‘is_consumer_mode’ will never be NULL [-Waddress]
  713 |             !sai->is_consumer_mode)
      |             ^
sound/soc/fsl/fsl_sai.h:290:14: note: ‘is_consumer_mode’ declared here
  290 |         bool is_consumer_mode[2];
      |              ^~~~~~~~~~~~~~~~
  CC      net/wireless/wext-priv.o
  CC      net/ipv4/netfilter.o
  CC      net/ipv6/exthdrs_offload.o
  CC [M]  net/dsa/tag_sja1105.o
  CC [M]  sound/soc/fsl/fsl_sai_sysfs.o
  CC      fs/nfs/pnfs_nfs.o
  CC [M]  net/nfc/rawsock.o
  AR      net/wireless/built-in.a
  CC [M]  net/netfilter/nf_flow_table_offload.o
  AR      drivers/spi/built-in.a
  CC [M]  drivers/scsi/mpt3sas/mpt3sas_trigger_diag.o
  CC      drivers/ata/ahci.o
  CC [M]  net/ipv4/netfilter/nf_defrag_ipv4.o
  CC      net/ipv4/inet_diag.o
  CC [M]  net/ipv4/netfilter/nf_socket_ipv4.o
  CC [M]  fs/btrfs/extent-tree.o
  CC      net/ipv6/inet6_hashtables.o
  CC      net/mac80211/ethtool.o
  CC [M]  sound/soc/fsl/fsl_ssi.o
  CC [M]  net/qrtr/smd.o
  CC      drivers/net/mii.o
  CC      net/mac80211/rx.o
  CC [M]  drivers/scsi/mpt3sas/mpt3sas_warpdrive.o
  LD [M]  net/dsa/dsa_core.o
  CC [M]  net/ipv4/netfilter/nf_tproxy_ipv4.o
  CC [M]  net/qrtr/tun.o
  CC      drivers/ata/libahci.o
  CC [M]  net/ipv4/netfilter/nf_reject_ipv4.o
  CC [M]  net/nfc/llcp_core.o
  CC [M]  drivers/scsi/mpt3sas/mpt3sas_debugfs.o
  CC [M]  sound/soc/fsl/fsl_spdif.o
  CC      drivers/net/loopback.o
  CC      fs/nfs/nfs42proc.o
  CC      drivers/ata/ahci_platform.o
  LD [M]  net/qrtr/qrtr.o
  LD [M]  net/qrtr/qrtr-smd.o
  LD [M]  net/qrtr/qrtr-tun.o
  CC [M]  net/netfilter/x_tables.o
  CC [M]  fs/btrfs/print-tree.o
  LD [M]  drivers/scsi/mpt3sas/mpt3sas.o
  AR      drivers/scsi/built-in.a
  CC [M]  net/nfc/llcp_commands.o
  CC      net/ipv6/mcast_snoop.o
  CC      fs/nfs/nfs42xattr.o
  CC      fs/nfs/filelayout/filelayout.o
  CC [M]  sound/soc/fsl/fsl_esai.o
  CC      fs/nfs/flexfilelayout/flexfilelayout.o
  CC [M]  fs/nfs/blocklayout/blocklayout.o
  CC      net/mac80211/spectmgmt.o
  CC      drivers/ata/libahci_platform.o
sound/soc/fsl/fsl_esai.c:505:13: warning: ‘fsl_esai_shutdown’ defined but not used [-Wunused-function]
  505 | static void fsl_esai_shutdown(struct snd_pcm_substream *substream,
      |             ^~~~~~~~~~~~~~~~~
  CC [M]  fs/btrfs/root-tree.o
  CC [M]  net/nfc/llcp_sock.o
  CC [M]  net/ipv4/netfilter/ip_tables.o
  CC      net/mac80211/tx.o
  CC      drivers/net/phy/mdio-boardinfo.o
  CC [M]  net/netfilter/xt_tcpudp.o
  CC      fs/nfs/filelayout/filelayoutdev.o
  CC [M]  sound/soc/fsl/fsl_esai_mix.o
  CC      net/ipv4/tcp_diag.o
  CC [M]  net/ipv6/sit.o
  CC      net/mac80211/key.o
  CC [M]  fs/nfs/blocklayout/dev.o
  CC [M]  fs/btrfs/dir-item.o
  CC      drivers/net/phy/mdio_devres.o
  CC      drivers/ata/sata_sil24.o
  CC [M]  sound/soc/fsl/fsl_micfil.o
  CC [M]  net/nfc/nci/core.o
  CC      fs/nfs/flexfilelayout/flexfilelayoutdev.o
  CC [M]  fs/nfs/blocklayout/extent_tree.o
  CC [M]  net/netfilter/xt_mark.o
  AR      fs/nfs/filelayout/built-in.a
  CC [M]  net/nfc/nci/data.o
  CC [M]  net/nfc/nci/lib.o
  CC      net/mac80211/util.o
  CC [M]  fs/btrfs/file-item.o
  CC [M]  sound/soc/fsl/fsl_utils.o
  CC      drivers/usb/core/hub.o
  AR      net/ipv6/built-in.a
  CC      net/ipv4/tcp_cubic.o
  CC      drivers/ata/ahci_ceva.o
  CC      drivers/net/phy/phylink.o
  CC [M]  net/netfilter/xt_nat.o
  CC [M]  net/ipv4/netfilter/iptable_filter.o
  CC [M]  fs/nfs/blocklayout/rpc_pipefs.o
  AR      fs/nfs/flexfilelayout/built-in.a
  CC      drivers/net/pcs/pcs-xpcs.o
  CC      drivers/net/mdio/acpi_mdio.o
  CC      drivers/net/pcs/pcs-xpcs-nxp.o
  CC      drivers/net/mdio/fwnode_mdio.o
  CC [M]  fs/btrfs/inode-item.o
  CC [M]  sound/soc/fsl/fsl_mqs.o
  CC      drivers/ata/ahci_imx.o
  CC [M]  net/netfilter/xt_CHECKSUM.o
  CC [M]  net/ipv4/netfilter/iptable_mangle.o
  CC      drivers/net/mdio/of_mdio.o
  CC [M]  net/nfc/nci/ntf.o
  CC [M]  net/netfilter/xt_LOG.o
  LD [M]  fs/nfs/blocklayout/blocklayoutdriver.o
  AR      fs/nfs/built-in.a
  CC [M]  net/ipv4/netfilter/iptable_nat.o
  CC [M]  sound/soc/fsl/fsl_easrc.o
  CC      drivers/net/pcs/pcs-lynx.o
  CC      net/mac80211/wme.o
  CC [M]  fs/btrfs/disk-io.o
  CC      drivers/net/phy/phy.o
  CC      net/ipv4/tcp_bpf.o
  CC      drivers/ata/ahci_xgene.o
  CC      drivers/net/phy/phy-c45.o
  CC [M]  net/nfc/nci/rsp.o
  CC [M]  fs/btrfs/transaction.o
  CC [M]  net/netfilter/xt_MASQUERADE.o
  CC [M]  net/ipv4/netfilter/ipt_REJECT.o
  CC      drivers/net/mdio/mdio-bitbang.o
  CC      drivers/net/tun.o
  AR      fs/built-in.a
  CC      drivers/ata/ahci_qoriq.o
  CC      drivers/usb/core/hcd.o
  AR      drivers/net/pcs/built-in.a
  CC      net/mac80211/chan.o
  CC [M]  sound/soc/fsl/fsl_xcvr.o
  CC [M]  net/nfc/nci/hci.o
  CC [M]  net/netfilter/xt_addrtype.o
  CC [M]  sound/soc/fsl/fsl_xcvr_sysfs.o
  CC      drivers/net/virtio_net.o
  CC [M]  net/netfilter/xt_conntrack.o
  CC      drivers/usb/dwc3/core.o
  CC      drivers/net/mdio/mdio-cavium.o
  CC      drivers/net/phy/phy-core.o
  CC [M]  net/netfilter/xt_ipvs.o
  CC      drivers/ata/pata_platform.o
  CC      drivers/net/mdio/mdio-thunder.o
  CC [M]  sound/soc/fsl/fsl_aud2htx.o
  CC      net/ipv4/udp_bpf.o
  CC      drivers/net/phy/phy_device.o
  CC [M]  fs/btrfs/inode.o
  CC      drivers/input/touchscreen/vtl/vtl_ts.o
  LD [M]  net/nfc/nci/nci.o
  CC [M]  drivers/input/touchscreen/synaptics_dsx/synaptics_dsx_i2c.o
  LD [M]  net/nfc/nfc.o
  CC      drivers/net/mdio/mdio-mux.o
  CC      net/mac80211/trace.o
  CC [M]  sound/soc/fsl/fsl_rpmsg.o
  CC      drivers/usb/dwc3/host.o
  CC [M]  net/netfilter/ipvs/ip_vs_conn.o
  CC      drivers/usb/core/message.o
  CC      drivers/ata/pata_of_platform.o
  CC      net/ipv4/bpf_tcp_ca.o
  CC [M]  net/ipv4/ip_tunnel.o
  AR      drivers/input/touchscreen/vtl/built-in.a
  CC [M]  net/ipv4/tunnel4.o
  CC [M]  sound/soc/fsl/imx-audio-rpmsg.o
  CC      drivers/usb/dwc3/gadget.o
  CC      net/mac80211/mlme.o
  AR      drivers/ata/built-in.a
  CC      drivers/net/mdio/mdio-mux-mmioreg.o
  CC [M]  sound/soc/fsl/imx-pcm-rpmsg.o
  CC      drivers/usb/core/driver.o
  CC      net/mac80211/tdls.o
  CC      drivers/usb/dwc2/gadget.o
  CC      drivers/usb/core/config.o
  CC [M]  net/netfilter/ipvs/ip_vs_core.o
  CC      drivers/net/phy/linkmode.o
  CC      drivers/net/mdio/mdio-mux-multiplexer.o
  CC [M]  sound/soc/fsl/imx-sgtl5000.o
  AR      drivers/input/touchscreen/built-in.a
  CC      drivers/input/misc/xen-kbdfront.o
  CC [M]  net/netfilter/ipvs/ip_vs_ctl.o
  CC [M]  net/netfilter/ipvs/ip_vs_sched.o
  CC [M]  drivers/net/dsa/ocelot/felix.o
  CC      net/mac80211/ocb.o
  CC [M]  drivers/net/mdio/mdio-bcm-unimac.o
  CC      drivers/usb/dwc3/ep0.o
  CC [M]  sound/soc/fsl/imx-spdif.o
  CC      drivers/usb/core/sysfs.o
  CC      drivers/net/phy/mdio_bus.o
  AR      drivers/input/misc/built-in.a
  AR      net/ipv4/built-in.a
  AR      drivers/input/built-in.a
  CC [M]  fs/btrfs/file.o
  CC      drivers/usb/cdns3/cdns3-ep0.o
  AR      drivers/net/mdio/built-in.a
  CC      drivers/usb/host/ohci-platform.o
  CC [M]  sound/soc/fsl/imx-audmix.o
  CC      drivers/usb/storage/uas.o
  CC      drivers/usb/serial/ftdi_sio.o
  CC      drivers/usb/dwc3/drd.o
  CC      drivers/usb/core/devio.o
  CC [M]  drivers/net/dsa/ocelot/felix_vsc9959.o
  AR      drivers/usb/dwc2/built-in.a
  CC      drivers/net/phy/mdio_device.o
  CC [M]  fs/btrfs/tree-defrag.o
  AR      drivers/usb/cdns3/built-in.a
  CC [M]  sound/soc/fsl/imx-hdmi.o
  CC      drivers/usb/storage/scsiglue.o
  AR      drivers/usb/host/built-in.a
  CC [M]  sound/soc/fsl/imx-rpmsg.o
  CC      drivers/net/ethernet/amd/xgbe/xgbe-main.o
  CC [M]  net/netfilter/ipvs/ip_vs_xmit.o
  CC      drivers/usb/dwc3/debugfs.o
  CC [M]  sound/soc/fsl/imx-card.o
  CC [M]  drivers/net/dsa/sja1105/sja1105_spi.o
  CC [M]  fs/btrfs/extent_map.o
  CC [M]  net/netfilter/ipvs/ip_vs_app.o
  CC [M]  drivers/usb/serial/option.o
  CC      drivers/net/phy/swphy.o
  CC      drivers/usb/gadget/config.o
  CC      net/mac80211/airtime.o
  CC [M]  net/netfilter/ipvs/ip_vs_sync.o
  CC      drivers/net/ethernet/amd/xgbe/xgbe-drv.o
  CC [M]  fs/btrfs/sysfs.o
  CC      drivers/usb/storage/transport.o
  CC      drivers/usb/dwc3/dwc3-imx8mp.o
  LD [M]  drivers/net/dsa/ocelot/mscc_felix.o
  CC      drivers/net/ethernet/amd/xgbe/xgbe-dev.o
  AR      drivers/usb/serial/built-in.a
  CC [M]  sound/soc/fsl/imx-pcm512x.o
  CC [M]  net/netfilter/ipvs/ip_vs_est.o
  CC [M]  drivers/net/dsa/sja1105/sja1105_main.o
  CC      drivers/net/ethernet/amd/xgbe/xgbe-desc.o
  CC      net/mac80211/eht.o
  CC      drivers/usb/core/quirks.o
  CC      drivers/net/phy/aquantia_main.o
  CC      drivers/usb/gadget/composite.o
  AR      drivers/usb/dwc3/built-in.a
  CC [M]  net/netfilter/ipvs/ip_vs_proto.o
  AR      sound/soc/fsl/built-in.a
  LD [M]  sound/soc/fsl/snd-soc-fsl-audmix.o
  LD [M]  sound/soc/fsl/snd-soc-fsl-asoc-card.o
  LD [M]  sound/soc/fsl/snd-soc-fsl-asrc.o
  LD [M]  sound/soc/fsl/snd-soc-fsl-sai.o
  LD [M]  sound/soc/fsl/snd-soc-fsl-ssi.o
  LD [M]  sound/soc/fsl/snd-soc-fsl-spdif.o
  LD [M]  sound/soc/fsl/snd-soc-fsl-esai.o
  LD [M]  sound/soc/fsl/snd-soc-fsl-micfil.o
  LD [M]  sound/soc/fsl/snd-soc-fsl-utils.o
  LD [M]  sound/soc/fsl/snd-soc-fsl-mqs.o
  LD [M]  sound/soc/fsl/snd-soc-fsl-easrc.o
  LD [M]  sound/soc/fsl/snd-soc-fsl-xcvr.o
  LD [M]  sound/soc/fsl/snd-soc-fsl-aud2htx.o
  LD [M]  sound/soc/fsl/snd-soc-fsl-rpmsg.o
  LD [M]  sound/soc/fsl/snd-soc-imx-sgtl5000.o
  LD [M]  sound/soc/fsl/snd-soc-imx-spdif.o
  LD [M]  sound/soc/fsl/snd-soc-imx-audmix.o
  LD [M]  sound/soc/fsl/snd-soc-imx-hdmi.o
  LD [M]  sound/soc/fsl/snd-soc-imx-rpmsg.o
  CC      drivers/net/ethernet/amd/xgbe/xgbe-ethtool.o
  LD [M]  sound/soc/fsl/snd-soc-imx-card.o
  LD [M]  sound/soc/fsl/snd-soc-imx-pcm512x.o
  CC      drivers/usb/gadget/functions.o
  AR      drivers/usb/core/built-in.a
  CC      drivers/net/phy/aquantia_hwmon.o
  CC      drivers/net/ethernet/amd/xgbe/xgbe-mdio.o
  AR      drivers/usb/storage/built-in.a
  CC      drivers/usb/gadget/configfs.o
  CC      drivers/net/phy/at803x.o
  CC [M]  net/netfilter/ipvs/ip_vs_pe.o
  CC [M]  sound/soc/sof/imx/imx8.o
  CC [M]  fs/btrfs/struct-funcs.o
  CC      drivers/i2c/busses/i2c-imx.o
  CC      net/mac80211/led.o
  CC [M]  fs/btrfs/xattr.o
  CC [M]  fs/btrfs/ordered-data.o
  CC [M]  fs/btrfs/extent_io.o
  CC [M]  sound/soc/sof/imx/imx8m.o
  CC      drivers/usb/gadget/udc/bdc/bdc_ep.o
  CC [M]  drivers/net/dsa/sja1105/sja1105_mdio.o
  CC      drivers/net/ethernet/amd/xgbe/xgbe-ptp.o
  CC      net/mac80211/pm.o
  CC      drivers/usb/gadget/function/f_acm.o
  CC      drivers/net/phy/fixed_phy.o
  CC      net/mac80211/rc80211_minstrel_ht.o
  CC      drivers/usb/gadget/function/f_loopback.o
  LD [M]  net/netfilter/ipvs/ip_vs.o
  AR      net/netfilter/built-in.a
  LD [M]  net/netfilter/nf_conntrack.o
  CC      drivers/net/phy/micrel.o
  LD [M]  net/netfilter/nf_nat.o
  AR      drivers/i2c/busses/built-in.a
  LD [M]  net/netfilter/nf_flow_table.o
  AR      drivers/i2c/built-in.a
  CC [M]  sound/soc/sof/core.o
  CC [M]  fs/btrfs/volumes.o
  CC      drivers/usb/gadget/function/f_sourcesink.o
  CC [M]  sound/soc/sof/imx/imx8ulp.o
  CC [M]  drivers/net/dsa/sja1105/sja1105_flower.o
  CC [M]  drivers/usb/gadget/legacy/zero.o
  CC [M]  drivers/net/dsa/sja1105/sja1105_ethtool.o
  CC      drivers/net/ethernet/amd/xgbe/xgbe-i2c.o
  CC [M]  fs/btrfs/async-thread.o
  AR      drivers/usb/gadget/udc/bdc/built-in.a
  AR      drivers/usb/gadget/udc/built-in.a
  CC [M]  sound/soc/sof/ops.o
  CC [M]  drivers/usb/gadget/legacy/audio.o
  CC      drivers/usb/gadget/function/u_serial.o
  CC [M]  sound/soc/sof/imx/imx-common.o
  CC [M]  drivers/usb/gadget/legacy/ether.o
  CC      drivers/net/wireless/intersil/hostap/hostap_80211_rx.o
  CC      drivers/net/xen-netfront.o
  CC [M]  drivers/net/dsa/sja1105/sja1105_devlink.o
  CC      drivers/net/ethernet/amd/xgbe/xgbe-phy-v1.o
  CC      drivers/usb/gadget/function/f_serial.o
  CC      drivers/net/phy/mscc/mscc_main.o
  CC [M]  sound/soc/sof/loader.o
  CC [M]  drivers/net/ethernet/atheros/atl1c/atl1c_main.o
  AR      net/mac80211/built-in.a
  AR      net/built-in.a
  CC      drivers/usb/gadget/function/f_obex.o
  CC [M]  drivers/usb/gadget/legacy/mass_storage.o
  CC      drivers/net/usb/r8152.o
  CC      drivers/net/phy/nxp-c45-tja11xx.o
  CC [M]  sound/soc/sof/ipc.o
  LD [M]  sound/soc/sof/imx/snd-sof-imx8.o
  LD [M]  sound/soc/sof/imx/snd-sof-imx8m.o
  LD [M]  sound/soc/sof/imx/snd-sof-imx8ulp.o
  CC      drivers/net/phy/nxp-tja11xx.o
  CC      drivers/net/usb/usbnet.o
  CC [M]  drivers/net/dsa/sja1105/sja1105_clocking.o
  CC      drivers/net/ethernet/amd/xgbe/xgbe-phy-v2.o
  CC      drivers/usb/gadget/function/u_ether.o
  CC [M]  drivers/media/dvb-frontends/rtl2832_sdr.o
  CC [M]  drivers/usb/gadget/legacy/serial.o
  CC      drivers/net/wireless/intersil/hostap/hostap_80211_tx.o
  CC      drivers/net/phy/mscc/mscc_serdes.o
  CC      drivers/ptp/ptp_clock.o
  CC      drivers/media/mc/mc-device.o
  CC      drivers/ptp/ptp_chardev.o
  LD [M]  drivers/usb/gadget/legacy/g_zero.o
  LD [M]  drivers/usb/gadget/legacy/g_audio.o
  LD [M]  drivers/usb/gadget/legacy/g_ether.o
  LD [M]  drivers/usb/gadget/legacy/g_mass_storage.o
  LD [M]  drivers/usb/gadget/legacy/g_serial.o
  CC [M]  sound/soc/sof/pcm.o
  CC [M]  drivers/net/dsa/sja1105/sja1105_dynamic_config.o
  CC [M]  drivers/net/ethernet/atheros/atl1c/atl1c_hw.o
  CC [M]  fs/btrfs/ioctl.o
  CC      drivers/ptp/ptp_sysfs.o
  AR      drivers/net/phy/mscc/built-in.a
  CC      drivers/net/phy/realtek.o
  CC [M]  drivers/net/usb/pegasus.o
  CC      drivers/net/ethernet/amd/xgbe/xgbe-platform.o
  CC      drivers/usb/gadget/function/f_ncm.o
  CC      drivers/net/wireless/intersil/hostap/hostap_ap.o
  CC      drivers/net/phy/rockchip.o
  CC      drivers/net/phy/vitesse.o
  CC      drivers/ptp/ptp_vclock.o
  CC      drivers/media/v4l2-core/v4l2-ioctl.o
  CC      drivers/net/ethernet/cadence/macb_main.o
  AR      drivers/media/mc/built-in.a
  CC      drivers/usb/gadget/function/f_ecm.o
  CC      drivers/usb/gadget/function/f_eem.o
  CC [M]  drivers/net/dsa/sja1105/sja1105_ptp.o
  CC [M]  sound/soc/sof/pm.o
  CC [M]  drivers/net/ethernet/atheros/atl1c/atl1c_ethtool.o
  CC      drivers/net/ethernet/amd/xgbe/xgbe-pci.o
  CC [M]  drivers/net/phy/ax88796b.o
  CC      drivers/ptp/ptp_kvm_common.o
  CC [M]  drivers/net/ethernet/broadcom/bcmsysport.o
  CC [M]  drivers/net/usb/rtl8150.o
  CC [M]  drivers/net/usb/lan78xx.o
  CC      drivers/net/net_failover.o
  CC      drivers/usb/gadget/function/f_subset.o
  CC [M]  drivers/net/phy/bcm54140.o
  CC      drivers/net/ethernet/amd/xgbe/xgbe-debugfs.o
  CC      drivers/ptp/ptp_qoriq.o
  CC [M]  drivers/net/dsa/sja1105/sja1105_tas.o
  CC [M]  sound/soc/sof/debug.o
  LD [M]  drivers/net/ethernet/atheros/atl1c/atl1c.o
  CC      drivers/net/ivshmem-net.o
  CC      drivers/usb/gadget/function/f_rndis.o
  CC [M]  fs/btrfs/locking.o
  CC [M]  drivers/net/phy/bcm7xxx.o
  CC      drivers/net/wireless/intersil/hostap/hostap_info.o
  AR      drivers/net/ethernet/amd/xgbe/built-in.a
  AR      drivers/net/ethernet/amd/built-in.a
  CC [M]  drivers/net/macvlan.o
  CC      drivers/media/v4l2-core/v4l2-subdev.o
  CC [M]  drivers/net/ethernet/broadcom/genet/bcmgenet.o
  CC [M]  drivers/net/dsa/sja1105/sja1105_vl.o
  CC      drivers/net/wireless/intersil/hostap/hostap_ioctl.o
  CC      drivers/ptp/ptp_qoriq_debugfs.o
  CC [M]  fs/btrfs/orphan.o
  CC      drivers/usb/gadget/function/rndis.o
  CC [M]  sound/soc/sof/topology.o
  CC      drivers/net/wireless/intersil/hostap/hostap_main.o
  CC      drivers/net/ethernet/cadence/macb_ptp.o
  CC [M]  drivers/net/phy/bcm-phy-lib.o
  CC [M]  drivers/net/phy/broadcom.o
  AR      drivers/ptp/built-in.a
  CC      drivers/net/ethernet/cavium/thunder/thunder_xcv.o
  CC      drivers/net/ethernet/cavium/thunder/thunder_bgx.o
  CC [M]  fs/btrfs/export.o
  CC [M]  drivers/net/phy/marvell10g.o
  CC [M]  drivers/net/usb/asix_devices.o
  LD [M]  drivers/net/dsa/sja1105/sja1105.o
  AR      drivers/net/ethernet/cadence/built-in.a
  CC      drivers/usb/gadget/function/f_mass_storage.o
  CC      drivers/net/ethernet/cavium/thunder/nic_main.o
  CC [M]  drivers/net/ethernet/broadcom/genet/bcmmii.o
  AR      drivers/media/v4l2-core/built-in.a
  CC      drivers/media/cec/core/cec-api.o
  CC [M]  fs/btrfs/tree-log.o
  CC [M]  sound/soc/sof/control.o
  CC [M]  drivers/net/phy/marvell.o
  CC [M]  drivers/md/dm-crypt.o
  CC      drivers/net/wireless/intersil/hostap/hostap_proc.o
  CC      drivers/bluetooth/hci_vhci.o
  CC      drivers/usb/gadget/function/storage_common.o
  CC [M]  drivers/net/ethernet/broadcom/bnx2x/bnx2x_main.o
  CC [M]  drivers/net/usb/asix_common.o
  CC [M]  drivers/net/ethernet/broadcom/genet/bcmgenet_wol.o
  CC      drivers/usb/gadget/function/f_fs.o
  CC [M]  sound/soc/sof/trace.o
  CC [M]  sound/soc/sof/iomem-utils.o
  AR      drivers/media/cec/core/built-in.a
  AR      drivers/media/cec/built-in.a
  AR      drivers/net/ethernet/cavium/thunder/built-in.a
  CC [M]  sound/soc/sof/sof-audio.o
  AR      drivers/net/ethernet/cavium/built-in.a
  CC [M]  drivers/net/macvtap.o
  CC      drivers/bluetooth/hci_ldisc.o
  CC [M]  fs/btrfs/free-space-cache.o
  AR      drivers/net/wireless/intersil/hostap/built-in.a
  CC [M]  drivers/net/phy/microchip.o
  AR      drivers/net/wireless/intersil/built-in.a
  LD [M]  drivers/net/ethernet/broadcom/genet/genet.o
  CC [M]  drivers/net/usb/ax88172a.o
  CC [M]  drivers/net/phy/smsc.o
  CC [M]  drivers/net/wireless/ti/wlcore/main.o
  CC [M]  drivers/net/wireless/ti/wlcore/cmd.o
  CC [M]  drivers/net/wireless/ti/wl18xx/main.o
  CC      drivers/bluetooth/hci_serdev.o
  CC [M]  fs/btrfs/lzo.o
  AR      drivers/media/built-in.a
  CC [M]  drivers/net/wireless/ti/wl18xx/acx.o
  CC      drivers/usb/gadget/function/u_audio.o
  CC [M]  drivers/net/usb/ax88179_178a.o
  CC [M]  drivers/net/mdio.o
  AR      drivers/net/phy/built-in.a
  CC [M]  sound/soc/sof/stream-ipc.o
  CC      drivers/usb/gadget/function/f_uac1.o
  CC [M]  drivers/net/tap.o
  CC [M]  sound/soc/sof/ipc3.o
  CC      drivers/usb/gadget/function/f_uac1_legacy.o
  CC      drivers/bluetooth/hci_h4.o
  CC [M]  drivers/net/usb/cdc_ether.o
  CC [M]  drivers/net/wireless/ti/wl18xx/tx.o
  CC [M]  fs/btrfs/zstd.o
  CC [M]  sound/soc/sof/ipc3-loader.o
  CC [M]  drivers/net/ethernet/broadcom/bnx2x/bnx2x_link.o
  CC [M]  drivers/net/veth.o
  CC [M]  drivers/net/usb/dm9601.o
  CC [M]  drivers/net/wireless/ti/wl18xx/io.o
  CC [M]  fs/btrfs/compression.o
  CC [M]  drivers/net/ethernet/broadcom/bnx2x/bnx2x_cmn.o
  CC      drivers/usb/gadget/function/u_uac1_legacy.o
  CC      drivers/usb/gadget/function/f_uac2.o
  CC [M]  drivers/net/ethernet/broadcom/bnx2x/bnx2x_ethtool.o
  CC [M]  sound/soc/sof/ipc3-topology.o
  CC      drivers/bluetooth/hci_bcsp.o
  CC [M]  fs/btrfs/delayed-ref.o
  CC [M]  drivers/net/wireless/ti/wl18xx/debugfs.o
  CC [M]  drivers/net/usb/sr9800.o
  CC [M]  drivers/net/can/dev/skb.o
  CC      drivers/ufs/core/ufshcd.o
  CC      drivers/bluetooth/hci_ll.o
  CC [M]  drivers/net/usb/smsc75xx.o
  CC      drivers/usb/gadget/function/f_uvc.o
  CC [M]  drivers/net/ethernet/broadcom/bnx2x/bnx2x_stats.o
  CC [M]  drivers/net/wireless/ti/wlcore/io.o
  CC [M]  fs/btrfs/relocation.o
  CC [M]  fs/btrfs/delayed-inode.o
  CC [M]  drivers/net/wireless/ti/wlcore/event.o
  CC [M]  sound/soc/sof/ipc3-control.o
  CC [M]  drivers/net/wireless/ti/wl18xx/scan.o
  CC      drivers/bluetooth/hci_ath.o
  CC      drivers/usb/gadget/function/uvc_queue.o
  CC [M]  drivers/net/can/dev/calc_bittiming.o
  CC [M]  fs/btrfs/scrub.o
  CC [M]  drivers/net/usb/smsc95xx.o
  CC [M]  sound/soc/sof/ipc3-pcm.o
  CC [M]  drivers/net/wireless/ti/wl18xx/cmd.o
  CC [M]  drivers/net/can/dev/bittiming.o
  CC      drivers/bluetooth/hci_h5.o
  CC [M]  drivers/net/usb/net1080.o
  CC [M]  drivers/net/ethernet/broadcom/bnx2x/bnx2x_dcb.o
  CC      drivers/usb/gadget/function/uvc_v4l2.o
  CC [M]  drivers/net/wireless/ti/wlcore/tx.o
  CC [M]  sound/soc/sof/ipc3-dtrace.o
  CC [M]  drivers/net/wireless/ti/wl18xx/event.o
  CC [M]  drivers/net/can/dev/dev.o
  CC [M]  drivers/net/xen-netback/netback.o
  CC      drivers/leds/led-class.o
  CC [M]  fs/btrfs/backref.o
  CC      drivers/usb/gadget/function/uvc_video.o
  CC [M]  drivers/net/usb/plusb.o
  CC      drivers/bluetooth/hci_bcm.o
  CC      drivers/firmware/efi/cper.o
  CC [M]  sound/soc/sof/compress.o
  LD [M]  drivers/net/wireless/ti/wl18xx/wl18xx.o
  CC [M]  fs/btrfs/ulist.o
  CC      drivers/net/ethernet/freescale/fec_main.o
  CC      drivers/net/ethernet/freescale/fec_ptp.o
  AR      drivers/leds/built-in.a
  CC      drivers/net/ethernet/freescale/fec_uio.o
  CC [M]  drivers/net/usb/cdc_subset.o
  CC      drivers/usb/gadget/function/uvc_configfs.o
  CC [M]  drivers/net/wireless/ti/wlcore/rx.o
  AR      drivers/ufs/core/built-in.a
  AR      drivers/ufs/built-in.a
  CC [M]  drivers/net/usb/zaurus.o
  CC [M]  drivers/net/can/dev/length.o
  CC      drivers/usb/gadget/function/f_midi.o
  CC      drivers/bluetooth/hci_qca.o
  CC [M]  drivers/net/xen-netback/xenbus.o
  CC      drivers/firmware/imx/imx-scu-irq.o
  CC [M]  sound/soc/sof/sof-of-dev.o
  CC [M]  drivers/net/ethernet/broadcom/bnx2x/bnx2x_sp.o
  CC [M]  drivers/net/can/dev/netlink.o
  CC [M]  fs/btrfs/qgroup.o
  CC [M]  drivers/net/wireless/ti/wlcore/ps.o
  CC [M]  drivers/net/usb/mcs7830.o
  AR      drivers/firmware/efi/built-in.a
  CC [M]  drivers/net/can/dev/rx-offload.o
  CC [M]  drivers/crypto/ccree/cc_aead.o
  CC      drivers/usb/gadget/function/f_hid.o
  CC [M]  drivers/net/xen-netback/interface.o
  CC [M]  drivers/crypto/caam/error.o
  CC [M]  drivers/net/usb/cdc_ncm.o
  CC      drivers/net/ethernet/hisilicon/hix5hd2_gmac.o
  CC [M]  sound/soc/sof/xtensa/core.o
  AR      drivers/firmware/imx/built-in.a
  AR      drivers/firmware/built-in.a
  CC [M]  drivers/net/wireless/ti/wlcore/acx.o
  CC [M]  fs/btrfs/send.o
  CC [M]  drivers/net/wireless/ti/wlcore/boot.o
  CC [M]  drivers/crypto/caam/ctrl.o
  CC      drivers/bluetooth/btbcm.o
  AR      drivers/usb/gadget/function/built-in.a
  AR      drivers/usb/gadget/built-in.a
  AR      drivers/usb/built-in.a
  CC      drivers/net/ethernet/hisilicon/hns_mdio.o
  CC      drivers/net/ethernet/freescale/xgmac_mdio.o
  CC [M]  drivers/net/xen-netback/hash.o
  LD [M]  drivers/net/can/dev/can-dev.o
  CC [M]  drivers/net/can/flexcan/flexcan-core.o
  LD [M]  drivers/crypto/ccree/ccree.o
  CC [M]  drivers/crypto/caam/debugfs.o
  CC [M]  drivers/net/ethernet/broadcom/bnx2x/bnx2x_self_test.o
  LD [M]  sound/soc/sof/xtensa/snd-sof-xtensa-dsp.o
  LD [M]  sound/soc/sof/snd-sof.o
  LD [M]  sound/soc/sof/snd-sof-of.o
  AR      sound/soc/built-in.a
  AR      sound/built-in.a
  CC [M]  drivers/net/usb/r8153_ecm.o
  CC      drivers/net/ethernet/freescale/fman/mac.o
  CC [M]  drivers/net/wireless/ti/wlcore/init.o
  CC      drivers/net/ethernet/intel/e1000/e1000_main.o
  CC      drivers/net/ethernet/hisilicon/hns/hnae.o
  CC [M]  drivers/net/xen-netback/rx.o
  CC      drivers/net/ethernet/hisilicon/hns3/hnae3.o
  CC [M]  drivers/net/can/flexcan/flexcan-ethtool.o
  CC      drivers/bluetooth/btqca.o
  CC      drivers/net/ethernet/intel/e1000e/82571.o
  CC      drivers/net/ethernet/hisilicon/hns/hns_ae_adapt.o
  CC [M]  drivers/net/ethernet/broadcom/bnx2x/bnx2x_vfpf.o
  CC      drivers/net/ethernet/intel/e1000e/ich8lan.o
  AR      drivers/net/usb/built-in.a
  LD [M]  drivers/net/usb/asix.o
  CC [M]  drivers/net/wireless/ti/wlcore/debugfs.o
  CC [M]  drivers/crypto/caam/jr.o
  CC      drivers/hid/hid-core.o
  CC      drivers/of/base.o
  LD [M]  drivers/net/xen-netback/xen-netback.o
  CC      drivers/net/ethernet/freescale/fman/fman_dtsec.o
  LD [M]  drivers/net/can/flexcan/flexcan.o
  CC [M]  drivers/bluetooth/btusb.o
  CC      drivers/net/ethernet/hisilicon/hns3/hns3_enet.o
  CC [M]  fs/btrfs/dev-replace.o
  CC      drivers/net/ethernet/hisilicon/hns/hns_dsaf_gmac.o
  CC      drivers/hid/hid-input.o
  CC [M]  drivers/crypto/caam/key_gen.o
  CC      drivers/net/ethernet/freescale/fman/fman_memac.o
  CC      drivers/net/ethernet/intel/e1000/e1000_hw.o
  CC [M]  drivers/net/ethernet/broadcom/bnx2x/bnx2x_sriov.o
  CC      drivers/net/ethernet/hisilicon/hns/hns_dsaf_mac.o
  CC [M]  drivers/net/wireless/ti/wlcore/scan.o
  CC      drivers/of/platform.o
  CC [M]  drivers/net/wireless/ti/wlcore/sysfs.o
  CC [M]  fs/btrfs/raid56.o
  CC      drivers/net/ethernet/intel/e1000e/80003es2lan.o
  CC      drivers/staging/fsl-dpaa2/evb/evb.o
  CC      drivers/net/ethernet/intel/e1000e/mac.o
  CC      drivers/staging/media/imx/imx8-mipi-csi2-sam.o
  CC [M]  drivers/bluetooth/btintel.o
  CC      drivers/net/ethernet/freescale/fman/fman_tgec.o
  CC      drivers/net/ethernet/hisilicon/hns/hns_dsaf_misc.o
  CC [M]  drivers/crypto/caam/caamkeyblob.o
  CC      drivers/net/ethernet/intel/e1000/e1000_ethtool.o
  CC      drivers/hid/hid-quirks.o
  CC      drivers/net/ethernet/hisilicon/hns3/hns3_ethtool.o
  AR      drivers/of/built-in.a
  AR      drivers/staging/fsl-dpaa2/evb/built-in.a
  AR      drivers/staging/fsl-dpaa2/built-in.a
  CC      drivers/net/ethernet/intel/e1000e/manage.o
  CC [M]  drivers/net/wireless/ti/wlcore/vendor_cmd.o
  CC      drivers/staging/fsl_ppfe/pfe_mod.o
  CC      drivers/net/ethernet/hisilicon/hns3/hns3_debugfs.o
  AR      drivers/net/ethernet/freescale/fman/built-in.a
  CC      drivers/net/ethernet/freescale/dpaa/dpaa_eth.o
  CC      drivers/staging/media/imx/hdmirx/cdns-mhdp-hdmirx.o
  LD [M]  drivers/net/ethernet/broadcom/bnx2x/bnx2x.o
  CC      drivers/staging/media/imx/hdmirx/cdns-hdmirx-hdcp.o
  CC [M]  fs/btrfs/uuid-tree.o
  CC      drivers/net/ethernet/hisilicon/hns/hns_dsaf_main.o
  CC [M]  drivers/net/wireless/ti/wlcore/testmode.o
  CC [M]  drivers/crypto/caam/caamkeygen.o
  CC      drivers/hid/hid-a4tech.o
  CC      drivers/net/ethernet/intel/e1000e/nvm.o
  CC      drivers/hid/hid-apple.o
  CC      drivers/staging/fsl_ppfe/pfe_hw.o
  CC [M]  drivers/net/wireless/ti/wlcore/sdio.o
  CC      drivers/net/ethernet/intel/e1000e/phy.o
  CC [M]  fs/btrfs/props.o
  CC      drivers/staging/media/imx/hdmirx/cdns-hdmirx-hw.o
  CC      drivers/net/ethernet/intel/e1000/e1000_param.o
  CC      drivers/net/ethernet/intel/e1000e/param.o
  CC      drivers/net/ethernet/hisilicon/hns3/hns3pf/hclge_main.o
  CC [M]  drivers/bluetooth/btrtl.o
  CC      drivers/net/ethernet/intel/igb/igb_main.o
  CC      drivers/net/ethernet/hisilicon/hns/hns_dsaf_ppe.o
  CC      drivers/hid/hid-belkin.o
  CC [M]  drivers/crypto/caam/caamalg.o
  CC      drivers/staging/fsl_ppfe/pfe_firmware.o
  CC      drivers/staging/fsl_ppfe/pfe_ctrl.o
  CC      drivers/hid/hid-cherry.o
  LD [M]  drivers/net/wireless/ti/wlcore/wlcore.o
  LD [M]  drivers/net/wireless/ti/wlcore/wlcore_sdio.o
  AR      drivers/net/wireless/built-in.a
  CC [M]  fs/btrfs/free-space-tree.o
  CC      drivers/staging/media/imx/hdmirx/cdns-hdmirx-phy.o
  CC      drivers/net/ethernet/freescale/dpaa2/dpaa2-eth.o
  CC      drivers/net/ethernet/intel/igb/igb_ethtool.o
  AR      drivers/net/ethernet/intel/e1000/built-in.a
  CC      drivers/hid/hid-chicony.o
  CC      drivers/net/ethernet/marvell/mvmdio.o
  CC      drivers/net/ethernet/intel/e1000e/ethtool.o
  CC      drivers/net/ethernet/hisilicon/hns3/hns3pf/hclge_mdio.o
  CC      drivers/net/ethernet/marvell/sky2.o
  CC      drivers/net/ethernet/freescale/dpaa/dpaa_ethtool.o
  CC      drivers/staging/fsl_ppfe/pfe_hif.o
  CC      drivers/hid/hid-cypress.o
  CC [M]  drivers/bluetooth/btnxpuart.o
  CC      drivers/net/ethernet/hisilicon/hns/hns_dsaf_rcb.o
drivers/net/ethernet/freescale/dpaa2/dpaa2-eth.c: In function ‘dpaa2_eth_rx’:
drivers/net/ethernet/freescale/dpaa2/dpaa2-eth.c:606:27: warning: unused variable ‘fas’ [-Wunused-variable]
  606 |         struct dpaa2_fas *fas;
      |                           ^~~
  CC      drivers/hid/hid-ezkey.o
  CC [M]  fs/btrfs/tree-checker.o
  CC      drivers/net/ethernet/freescale/dpaa/dpaa_eth_sysfs.o
  CC      drivers/staging/fsl_ppfe/pfe_hif_lib.o
  CC      drivers/staging/media/imx/hdmirx/cdns-hdmirx-audio.o
  CC [M]  drivers/crypto/caam/caamhash.o
  CC [M]  drivers/crypto/caam/caamrng.o
  CC      drivers/net/ethernet/intel/igb/e1000_82575.o
  CC      drivers/hid/hid-ite.o
  CC      drivers/net/ethernet/intel/e1000e/netdev.o
  AR      drivers/bluetooth/built-in.a
  AR      drivers/net/ethernet/freescale/dpaa/built-in.a
  CC      drivers/hid/hid-kensington.o
  CC      drivers/net/ethernet/freescale/dpaa2/dpaa2-ethtool.o
  CC      drivers/net/ethernet/hisilicon/hns/hns_dsaf_xgmac.o
  CC [M]  fs/btrfs/space-info.o
  CC      drivers/staging/media/imx/hdmirx/cdns-hdmirx.o
  CC      drivers/staging/fsl_ppfe/pfe_eth.o
  CC [M]  drivers/net/ethernet/mellanox/mlx4/alloc.o
  CC      drivers/hid/hid-lg.o
  CC      drivers/net/ethernet/intel/igbvf/vf.o
  AR      drivers/net/ethernet/marvell/built-in.a
  CC [M]  drivers/crypto/caam/caamprng.o
  CC      drivers/net/ethernet/freescale/enetc/enetc_pf.o
  CC      drivers/net/ethernet/intel/igbvf/mbx.o
  CC      drivers/net/ethernet/hisilicon/hns/hns_enet.o
  CC [M]  fs/btrfs/block-rsv.o
  CC [M]  fs/btrfs/delalloc-space.o
  AR      drivers/staging/media/imx/hdmirx/built-in.a
  AR      drivers/staging/media/imx/built-in.a
  AR      drivers/staging/media/built-in.a
  CC      drivers/net/ethernet/intel/igb/e1000_mac.o
  CC      drivers/hid/hid-lg-g15.o
  CC      drivers/net/ethernet/freescale/dpaa2/dpaa2-mac.o
  CC      drivers/staging/fsl_ppfe/pfe_sysfs.o
  CC      drivers/net/ethernet/hisilicon/hns3/hns3pf/hclge_tm.o
  CC [M]  drivers/net/ethernet/mellanox/mlx5/core/main.o
  CC      drivers/net/ethernet/intel/igbvf/ethtool.o
  CC [M]  drivers/net/ethernet/mellanox/mlx4/catas.o
  CC [M]  fs/btrfs/block-group.o
  CC [M]  drivers/crypto/caam/caampkc.o
  CC      drivers/net/ethernet/intel/igbvf/netdev.o
  CC      drivers/net/ethernet/mscc/ocelot.o
  CC      drivers/hid/hid-microsoft.o
  CC      drivers/net/ethernet/hisilicon/hns/hns_ethtool.o
  CC      drivers/net/ethernet/freescale/enetc/enetc.o
  CC      drivers/net/ethernet/freescale/dpaa2/dpaa2-eth-devlink.o
  CC      drivers/staging/fsl_ppfe/pfe_debugfs.o
  CC      drivers/net/ethernet/intel/igb/e1000_nvm.o
  CC      drivers/net/ethernet/mscc/ocelot_devlink.o
  CC [M]  drivers/net/ethernet/mellanox/mlx4/cmd.o
  CC      drivers/hid/hid-monterey.o
  CC      drivers/net/ethernet/hisilicon/hns3/hns3pf/hclge_mbx.o
  CC      drivers/staging/fsl_ppfe/pfe_ls1012a_platform.o
  CC      drivers/net/ethernet/intel/e1000e/ptp.o
  CC      drivers/net/ethernet/freescale/dpaa2/dpaa2-xsk.o
  AR      drivers/net/ethernet/hisilicon/hns/built-in.a
  CC      drivers/net/ethernet/hisilicon/hns3/hns3pf/hclge_err.o
  CC      drivers/net/ethernet/intel/igb/e1000_phy.o
  CC [M]  drivers/crypto/caam/pkc_desc.o
  CC      drivers/hid/hid-redragon.o
  CC      drivers/hid/usbhid/hid-core.o
  CC [M]  drivers/net/ethernet/mellanox/mlx4/cq.o
  AR      drivers/net/ethernet/intel/igbvf/built-in.a
  CC      drivers/net/ethernet/freescale/enetc/enetc_cbdr.o
  AR      drivers/net/ethernet/intel/e1000e/built-in.a
  CC      drivers/net/ethernet/freescale/dpaa2/dpaa2-eth-debugfs.o
  CC [M]  fs/btrfs/discard.o
  CC      drivers/staging/fsl_ppfe/pfe_hal.o
  CC      drivers/net/ethernet/mscc/ocelot_flower.o
  CC [M]  drivers/crypto/caam/blob_gen.o
  CC      drivers/net/ethernet/mscc/ocelot_io.o
  CC [M]  drivers/rpmsg/rpmsg_char.o
  CC      drivers/net/ethernet/intel/igb/e1000_mbx.o
  CC [M]  drivers/net/ethernet/mellanox/mlx5/core/cmd.o
  CC      drivers/net/ethernet/hisilicon/hns3/hns3pf/hclge_debugfs.o
  CC [M]  drivers/net/ethernet/mellanox/mlx4/eq.o
  CC      drivers/net/ethernet/freescale/enetc/enetc_ethtool.o
  CC      drivers/net/ethernet/freescale/dpaa2/dpaa2-ptp.o
  CC [M]  fs/btrfs/reflink.o
  CC [M]  drivers/crypto/caam/sm_store.o
  AR      drivers/hid/usbhid/built-in.a
  CC [M]  drivers/hid/hid-multitouch.o
  CC      drivers/staging/fsl_ppfe/pfe_cdev.o
  CC [M]  drivers/net/ethernet/mellanox/mlx5/core/debugfs.o
  CC      drivers/net/ethernet/intel/igb/e1000_i210.o
  CC      drivers/net/ethernet/freescale/dpaa2/dpaa2-switch.o
  CC      drivers/net/ethernet/mscc/ocelot_police.o
  CC [M]  drivers/rpmsg/rpmsg_ctrl.o
  CC      drivers/net/ethernet/hisilicon/hns3/hns3pf/hclge_ptp.o
  CC      drivers/net/ethernet/freescale/enetc/enetc_msg.o
  CC [M]  drivers/net/ethernet/mellanox/mlx4/fw.o
  CC [M]  fs/btrfs/subpage.o
  AR      drivers/staging/fsl_ppfe/built-in.a
  AR      drivers/staging/built-in.a
  CC [M]  drivers/net/ethernet/mellanox/mlx5/core/fw.o
  CC      drivers/net/ethernet/freescale/dpaa2/dpaa2-switch-ethtool.o
  CC      drivers/net/ethernet/intel/igb/igb_ptp.o
  CC [M]  drivers/hid/i2c-hid/i2c-hid-core.o
  CC [M]  drivers/net/ethernet/mellanox/mlx4/fw_qos.o
  CC [M]  drivers/net/ethernet/mellanox/mlx4/icm.o
  CC      drivers/net/ethernet/freescale/enetc/enetc_qos.o
  CC [M]  drivers/crypto/caam/caamalg_desc.o
  CC [M]  fs/btrfs/tree-mod-log.o
  CC      drivers/net/ethernet/intel/igb/igb_hwmon.o
  CC      drivers/net/ethernet/hisilicon/hns3/hns3pf/hclge_devlink.o
  CC [M]  drivers/hid/i2c-hid/i2c-hid-dmi-quirks.o
  CC [M]  drivers/crypto/caam/caamhash_desc.o
  CC      drivers/net/ethernet/mscc/ocelot_ptp.o
  CC      drivers/net/ethernet/hisilicon/hns3/hns3_common/hclge_comm_cmd.o
  CC      drivers/net/ethernet/mscc/ocelot_stats.o
  CC      drivers/net/ethernet/freescale/dpaa2/dpaa2-switch-flower.o
  CC      drivers/net/ethernet/hisilicon/hns3/hns3_common/hclge_comm_rss.o
  CC      drivers/net/ethernet/freescale/enetc/enetc_tsn.o
  CC [M]  fs/btrfs/extent-io-tree.o
  LD [M]  drivers/hid/i2c-hid/i2c-hid.o
  AR      drivers/hid/built-in.a
  CC      drivers/net/ethernet/hisilicon/hns3/hns3_common/hclge_comm_tqp_stats.o
  CC [M]  drivers/net/ethernet/mellanox/mlx5/core/eq.o
  AR      drivers/net/ethernet/intel/igb/built-in.a
  AR      drivers/net/ethernet/intel/built-in.a
  CC [M]  drivers/crypto/caam/caamkeyblob_desc.o
  CC [M]  drivers/net/ethernet/mellanox/mlx4/intf.o
  CC [M]  drivers/net/ethernet/mellanox/mlx4/main.o
  CC      drivers/net/ethernet/freescale/dpaa2/dpaa2-mac-standalone.o
  CC [M]  drivers/net/ethernet/mellanox/mlx5/core/uar.o
  CC      drivers/net/ethernet/freescale/enetc/enetc_vf.o
  CC [M]  fs/btrfs/acl.o
  AR      drivers/net/ethernet/hisilicon/hns3/built-in.a
  AR      drivers/net/ethernet/hisilicon/built-in.a
  CC      drivers/net/ethernet/freescale/enetc/enetc_ierb.o
  CC [M]  drivers/crypto/caam/sm_test.o
  CC [M]  drivers/net/ethernet/mellanox/mlx5/core/pagealloc.o
  CC      drivers/net/ethernet/mscc/ocelot_vcap.o
  CC      drivers/net/ethernet/mscc/vsc7514_regs.o
  CC [M]  drivers/net/ethernet/mellanox/mlx5/core/health.o
  AR      drivers/net/ethernet/freescale/dpaa2/built-in.a
  CC [M]  drivers/crypto/caam/secvio.o
  CC      drivers/net/ethernet/mscc/ocelot_fdma.o
  LD [M]  fs/btrfs/btrfs.o
  CC      drivers/net/ethernet/freescale/enetc/enetc_pci_mdio.o
  CC      drivers/net/ethernet/freescale/enetc/enetc_mdio.o
  CC      drivers/net/ethernet/mscc/ocelot_net.o
  CC      drivers/net/ethernet/freescale/enetc/enetc_ptp.o
  CC [M]  drivers/net/ethernet/mellanox/mlx4/mcg.o
  CC      drivers/net/ethernet/mscc/ocelot_vsc7514.o
  CC [M]  drivers/net/ethernet/mellanox/mlx4/mr.o
  CC [M]  drivers/crypto/caam/caamalg_qi2.o
  CC [M]  drivers/net/ethernet/mellanox/mlx4/pd.o
  CC [M]  drivers/net/ethernet/mellanox/mlx4/port.o
  CC [M]  drivers/net/ethernet/mellanox/mlx5/core/mcg.o
  CC [M]  drivers/crypto/caam/dpseci-debugfs.o
  CC [M]  drivers/net/ethernet/qualcomm/emac/emac.o
  CC [M]  drivers/net/ethernet/qualcomm/emac/emac-mac.o
  CC [M]  drivers/net/ethernet/qualcomm/rmnet/rmnet_config.o
  CC [M]  drivers/net/ethernet/mellanox/mlx5/core/cq.o
  AR      drivers/net/ethernet/freescale/enetc/built-in.a
  CC [M]  drivers/net/ethernet/mellanox/mlx5/core/alloc.o
  AR      drivers/net/ethernet/freescale/built-in.a
  CC [M]  drivers/net/ethernet/qualcomm/rmnet/rmnet_vnd.o
  CC [M]  drivers/net/ethernet/mellanox/mlx4/profile.o
  CC [M]  drivers/net/ethernet/mellanox/mlx4/qp.o
  AR      drivers/net/ethernet/mscc/built-in.a
  CC [M]  drivers/net/ethernet/mellanox/mlx4/reset.o
  CC [M]  drivers/net/ethernet/mellanox/mlx4/sense.o
  CC [M]  drivers/net/ethernet/qualcomm/rmnet/rmnet_handlers.o
  CC [M]  drivers/net/ethernet/qualcomm/emac/emac-phy.o
  CC [M]  drivers/net/ethernet/qualcomm/rmnet/rmnet_map_data.o
  CC [M]  drivers/net/ethernet/qualcomm/emac/emac-sgmii.o
  CC [M]  drivers/net/ethernet/mellanox/mlx5/core/port.o
  CC [M]  drivers/net/ethernet/qualcomm/emac/emac-ethtool.o
  CC [M]  drivers/net/ethernet/qualcomm/rmnet/rmnet_map_command.o
  CC      drivers/mxc/hantro/hantrodec.o
  CC [M]  drivers/net/ethernet/qualcomm/emac/emac-sgmii-fsm9900.o
  CC      drivers/mxc/gpu-viv/hal/os/linux/kernel/gc_hal_kernel_device.o
  CC [M]  drivers/net/ethernet/mellanox/mlx4/srq.o
  CC [M]  drivers/net/ethernet/mellanox/mlx4/resource_tracker.o
drivers/mxc/hantro/hantrodec.c:96: warning: "MAX" redefined
   96 | #define MAX(a, b) (((a) > (b)) ? (a) : (b))
      | 
In file included from ./include/linux/kernel.h:27,
                 from ./include/linux/cpumask.h:10,
                 from ./include/linux/mm_types_task.h:14,
                 from ./include/linux/mm_types.h:5,
                 from ./include/linux/page-flags.h:13,
                 from ./arch/arm64/include/asm/mte.h:15,
                 from ./arch/arm64/include/asm/pgtable.h:12,
                 from ./include/linux/pgtable.h:6,
                 from ./arch/arm64/include/asm/io.h:12,
                 from ./include/linux/io.h:13,
                 from drivers/mxc/hantro/hantrodec.c:25:
./include/linux/minmax.h:315: note: this is the location of the previous definition
  315 | #define MAX(a, b) __cmp(max, a, b)
      | 
  CC      drivers/mxc/hantro_845/hantrodec_845s.o
  CC [M]  drivers/net/ethernet/mellanox/mlx5/core/mr.o
  CC      drivers/net/ethernet/smsc/smc91x.o
  CC [M]  drivers/net/ethernet/qualcomm/emac/emac-sgmii-qdf2432.o
  CC      drivers/mxc/gpu-viv/hal/os/linux/kernel/gc_hal_kernel_linux.o
  CC [M]  drivers/net/ethernet/qualcomm/emac/emac-sgmii-qdf2400.o
  CC [M]  drivers/slimbus/core.o
  CC [M]  drivers/net/ethernet/mellanox/mlx4/crdump.o
  CC [M]  drivers/net/ethernet/mellanox/mlx5/core/pd.o
  LD [M]  drivers/net/ethernet/qualcomm/rmnet/rmnet.o
  CC      drivers/mxc/gpu-viv/hal/os/linux/kernel/gc_hal_kernel_math.o
drivers/mxc/hantro_845/hantrodec_845s.c:95: warning: "MAX" redefined
   95 | #define MAX(a, b) (((a) > (b)) ? (a) : (b))
      | 
In file included from ./include/linux/kernel.h:27,
                 from ./include/linux/cpumask.h:10,
                 from ./include/linux/mm_types_task.h:14,
                 from ./include/linux/mm_types.h:5,
                 from ./include/linux/page-flags.h:13,
                 from ./arch/arm64/include/asm/mte.h:15,
                 from ./arch/arm64/include/asm/pgtable.h:12,
                 from ./include/linux/pgtable.h:6,
                 from ./arch/arm64/include/asm/io.h:12,
                 from ./include/linux/io.h:13,
                 from drivers/mxc/hantro_845/hantrodec_845s.c:24:
./include/linux/minmax.h:315: note: this is the location of the previous definition
  315 | #define MAX(a, b) __cmp(max, a, b)
      | 
  CC [M]  drivers/net/ethernet/mellanox/mlx5/core/transobj.o
  LD [M]  drivers/net/ethernet/qualcomm/emac/qcom-emac.o
  AR      drivers/mxc/hantro/built-in.a
  CC [M]  drivers/net/ethernet/mellanox/mlx4/en_main.o
  CC      drivers/mxc/hantro_845_h1/hx280enc.o
  CC      drivers/net/ethernet/smsc/smsc911x.o
  LD [M]  drivers/crypto/caam/caam.o
  CC      drivers/net/ethernet/stmicro/stmmac/stmmac_main.o
  LD [M]  drivers/crypto/caam/caam_jr.o
  LD [M]  drivers/crypto/caam/dpaa2_caam.o
  CC      drivers/mxc/gpu-viv/hal/os/linux/kernel/gc_hal_kernel_os.o
  CC      drivers/net/ethernet/stmicro/stmmac/stmmac_ethtool.o
  LD [M]  drivers/slimbus/slimbus.o
  CC [M]  drivers/soundwire/stream.o
  CC [M]  drivers/net/ethernet/mellanox/mlx5/core/vport.o
  CC [M]  drivers/net/ethernet/mellanox/mlx4/en_tx.o
  AR      drivers/mxc/hantro_845/built-in.a
  CC [M]  drivers/net/ethernet/mellanox/mlx4/en_rx.o
  CC      drivers/mxc/gpu-viv/hal/os/linux/kernel/gc_hal_kernel_iommu.o
  CC      drivers/mxc/gpu-viv/hal/os/linux/kernel/gc_hal_kernel_debug.o
  CC [M]  drivers/net/ethernet/mellanox/mlx4/en_ethtool.o
  AR      drivers/mxc/hantro_845_h1/built-in.a
  CC      drivers/mxc/gpu-viv/hal/os/linux/kernel/gc_hal_kernel_debugfs.o
  CC      drivers/mxc/hantro_vc8000e/hx280enc_vc8000e.o
  CC      drivers/mxc/hantro_v4l2/vsi-v4l2.o
  CC      drivers/mxc/hantro_v4l2/vsi-v4l2daemon.o
  CC      drivers/mxc/hantro_v4l2/vsi-v4l2-config.o
  CC      drivers/mxc/gpu-viv/hal/os/linux/kernel/gc_hal_kernel_allocator.o
  CC [M]  drivers/soundwire/qcom.o
  CC [M]  drivers/net/ethernet/mellanox/mlx4/en_port.o
  CC      drivers/net/ethernet/stmicro/stmmac/stmmac_mdio.o
  AR      drivers/net/ethernet/smsc/built-in.a
  CC [M]  drivers/net/ethernet/mellanox/mlx5/core/sriov.o
  CC      drivers/mxc/hantro_v4l2/vsi-v4l2-dec.o
  CC      drivers/net/ethernet/stmicro/stmmac/ring_mode.o
  CC [M]  drivers/net/ethernet/mellanox/mlx5/core/fs_cmd.o
  CC      drivers/mxc/hantro_v4l2/vsi-v4l2-enc.o
  CC      drivers/net/ethernet/stmicro/stmmac/chain_mode.o
  AR      drivers/mxc/hantro_vc8000e/built-in.a
  CC      drivers/mxc/gpu-viv/hal/os/linux/kernel/allocator/default/gc_hal_kernel_allocator_user_memory.o
  CC [M]  drivers/net/ethernet/mellanox/mlx4/en_cq.o
  CC      drivers/net/ethernet/stmicro/stmmac/dwmac_lib.o
  CC [M]  drivers/net/ethernet/mellanox/mlx4/en_resources.o
  CC      drivers/mxc/gpu-viv/hal/os/linux/kernel/allocator/default/gc_hal_kernel_allocator_dma.o
  CC [M]  drivers/net/ethernet/mellanox/mlx5/core/fs_core.o
  LD [M]  drivers/soundwire/soundwire-bus.o
  LD [M]  drivers/soundwire/soundwire-qcom.o
  CC [M]  drivers/net/ethernet/mellanox/mlx5/core/pci_irq.o
  CC [M]  drivers/net/ethernet/mellanox/mlx4/en_netdev.o
  CC      drivers/mxc/gpu-viv/hal/os/linux/kernel/allocator/default/gc_hal_kernel_allocator_gfp.o
  CC [M]  drivers/net/ethernet/mellanox/mlx5/core/fs_counters.o
  CC      drivers/mxc/gpu-viv/hal/os/linux/kernel/allocator/default/gc_hal_kernel_allocator_reserved_mem.o
  CC      drivers/net/ethernet/stmicro/stmmac/dwmac1000_core.o
  CC      drivers/net/ethernet/stmicro/stmmac/dwmac1000_dma.o
  CC [M]  drivers/net/ethernet/mellanox/mlx5/core/fs_ft_pool.o
  AR      drivers/mxc/hantro_v4l2/built-in.a
  CC      drivers/net/ethernet/stmicro/stmmac/dwmac100_core.o
  CC [M]  drivers/net/ethernet/mellanox/mlx4/en_selftest.o
  CC [M]  drivers/net/ethernet/mellanox/mlx5/core/rl.o
  CC      drivers/net/ethernet/stmicro/stmmac/dwmac100_dma.o
  CC [M]  drivers/net/ethernet/mellanox/mlx5/core/lag/debugfs.o
  CC [M]  drivers/net/ethernet/mellanox/mlx4/en_clock.o
  CC      drivers/mxc/gpu-viv/hal/os/linux/kernel/gc_hal_kernel_driver.o
  CC      drivers/net/ethernet/stmicro/stmmac/enh_desc.o
  CC      drivers/mxc/gpu-viv/hal/os/linux/kernel/platform/freescale/gc_hal_kernel_platform_imx.o
  CC      drivers/net/ethernet/stmicro/stmmac/norm_desc.o
  CC [M]  drivers/net/ethernet/mellanox/mlx5/core/lag/lag.o
  CC      drivers/net/ethernet/stmicro/stmmac/mmc_core.o
  CC      drivers/net/ethernet/stmicro/stmmac/stmmac_hwtstamp.o
  CC      drivers/mxc/gpu-viv/hal/os/linux/kernel/allocator/default/gc_hal_kernel_allocator_dmabuf.o
  CC      drivers/net/ethernet/stmicro/stmmac/stmmac_ptp.o
  CC [M]  drivers/net/ethernet/mellanox/mlx5/core/dev.o
  CC      drivers/mxc/gpu-viv/hal/os/linux/kernel/gc_hal_kernel_drm.o
  LD [M]  drivers/net/ethernet/mellanox/mlx4/mlx4_core.o
  CC [M]  drivers/net/ethernet/mellanox/mlx5/core/events.o
  CC      drivers/net/ethernet/stmicro/stmmac/dwmac4_descs.o
  CC      drivers/mxc/gpu-viv/hal/kernel/gc_hal_kernel.o
  CC [M]  drivers/net/ethernet/mellanox/mlx5/core/wq.o
  CC      drivers/mxc/gpu-viv/hal/kernel/gc_hal_kernel_command.o
  CC      drivers/net/ethernet/stmicro/stmmac/dwmac4_dma.o
  CC      drivers/mxc/gpu-viv/hal/kernel/gc_hal_kernel_db.o
  CC [M]  drivers/net/ethernet/mellanox/mlx5/core/lib/gid.o
  CC [M]  drivers/net/ethernet/mellanox/mlx5/core/lib/devcom.o
  CC      drivers/mxc/gpu-viv/hal/kernel/gc_hal_kernel_event.o
  LD [M]  drivers/net/ethernet/mellanox/mlx4/mlx4_en.o
  CC [M]  drivers/net/ethernet/mellanox/mlx5/core/lib/pci_vsc.o
  CC [M]  drivers/net/ethernet/mellanox/mlx5/core/lib/dm.o
  CC [M]  drivers/net/ethernet/mellanox/mlx5/core/lib/fs_ttc.o
  CC      drivers/net/ethernet/stmicro/stmmac/dwmac4_lib.o
  CC      drivers/mxc/gpu-viv/hal/kernel/gc_hal_kernel_heap.o
  CC      drivers/net/ethernet/stmicro/stmmac/dwmac4_core.o
  CC      drivers/mxc/gpu-viv/hal/kernel/gc_hal_kernel_mmu.o
  CC [M]  drivers/net/ethernet/mellanox/mlx5/core/diag/fs_tracepoint.o
  CC [M]  drivers/net/ethernet/mellanox/mlx5/core/diag/fw_tracer.o
  CC [M]  drivers/net/ethernet/mellanox/mlx5/core/diag/crdump.o
  CC      drivers/net/ethernet/stmicro/stmmac/dwmac5.o
  CC [M]  drivers/net/ethernet/mellanox/mlx5/core/devlink.o
  CC      drivers/mxc/gpu-viv/hal/kernel/gc_hal_kernel_video_memory.o
  CC      drivers/mxc/gpu-viv/hal/kernel/gc_hal_kernel_power.o
  CC      drivers/net/ethernet/stmicro/stmmac/hwif.o
  CC [M]  drivers/net/ethernet/mellanox/mlx5/core/diag/rsc_dump.o
  CC      drivers/mxc/gpu-viv/hal/kernel/gc_hal_kernel_security_v1.o
  CC      drivers/mxc/gpu-viv/hal/kernel/gc_hal_kernel_preemption.o
  CC      drivers/net/ethernet/stmicro/stmmac/stmmac_tc.o
  CC [M]  drivers/net/ethernet/mellanox/mlx5/core/fw_reset.o
  CC [M]  drivers/net/ethernet/mellanox/mlx5/core/qos.o
  CC      drivers/mxc/gpu-viv/hal/kernel/arch/gc_hal_kernel_context.o
  CC [M]  drivers/net/ethernet/mellanox/mlx5/core/lib/tout.o
  CC [M]  drivers/net/ethernet/mellanox/mlx5/core/lib/aso.o
  CC      drivers/net/ethernet/stmicro/stmmac/dwxgmac2_core.o
  CC      drivers/mxc/gpu-viv/hal/kernel/arch/gc_hal_kernel_hardware.o
  CC      drivers/net/ethernet/stmicro/stmmac/dwxgmac2_dma.o
  CC [M]  drivers/net/ethernet/mellanox/mlx5/core/en/rqt.o
  CC      drivers/net/ethernet/stmicro/stmmac/dwxgmac2_descs.o
  CC      drivers/mxc/gpu-viv/hal/kernel/arch/gc_hal_kernel_hardware_func.o
  CC [M]  drivers/net/ethernet/mellanox/mlx5/core/en/tir.o
  CC      drivers/net/ethernet/stmicro/stmmac/stmmac_xdp.o
  CC      drivers/net/ethernet/stmicro/stmmac/stmmac_platform.o
  CC      drivers/mxc/gpu-viv/hal/kernel/arch/gc_hal_kernel_hardware_func_flop_reset.o
  CC      drivers/mxc/gpu-viv/hal/kernel/arch/gc_hal_kernel_hardware_async_fe.o
  CC      drivers/mxc/gpu-viv/hal/kernel/arch/gc_hal_kernel_hardware_mc_fe.o
  CC      drivers/net/ethernet/stmicro/stmmac/dwmac-imx.o
  CC      drivers/mxc/gpu-viv/hal/kernel/arch/gc_hal_kernel_hardware_waitlink_fe.o
  CC [M]  drivers/net/ethernet/stmicro/stmmac/dwmac-generic.o
  CC [M]  drivers/net/ethernet/mellanox/mlx5/core/en/rss.o
  CC      drivers/mxc/gpu-viv/hal/kernel/arch/gc_hal_kernel_recorder.o
  CC      drivers/mxc/gpu-viv/hal/os/linux/kernel/gc_hal_kernel_sync.o
  CC [M]  drivers/net/ethernet/mellanox/mlx5/core/en/rx_res.o
  CC      drivers/mxc/gpu-viv/hal/os/linux/kernel/allocator/freescale/gc_hal_kernel_allocator_cma.o
  CC [M]  drivers/net/ethernet/mellanox/mlx5/core/en/channels.o
  CC      drivers/mxc/gpu-viv/hal/os/linux/kernel/gc_hal_kernel_security_channel_emulator.o
  CC [M]  drivers/net/ethernet/mellanox/mlx5/core/en_main.o
  CC      drivers/mxc/gpu-viv/hal/security_v1/gc_hal_ta.o
  CC [M]  drivers/net/ethernet/mellanox/mlx5/core/en_common.o
  CC      drivers/mxc/gpu-viv/hal/security_v1/gc_hal_ta_hardware.o
  CC      drivers/mxc/gpu-viv/hal/security_v1/gc_hal_ta_mmu.o
  CC [M]  drivers/net/ethernet/mellanox/mlx5/core/en_fs.o
  CC      drivers/mxc/gpu-viv/hal/security_v1/os/emulator/gc_hal_ta_emulator.o
  CC [M]  drivers/net/ethernet/mellanox/mlx5/core/en_ethtool.o
  CC [M]  drivers/net/ethernet/mellanox/mlx5/core/en_tx.o
  CC [M]  drivers/net/ethernet/mellanox/mlx5/core/en_rx.o
  CC [M]  drivers/net/ethernet/mellanox/mlx5/core/en_dim.o
  CC [M]  drivers/net/ethernet/mellanox/mlx5/core/en_txrx.o
  CC [M]  drivers/net/ethernet/mellanox/mlx5/core/en/xdp.o
  CC [M]  drivers/net/ethernet/mellanox/mlx5/core/en_stats.o
  CC [M]  drivers/net/ethernet/mellanox/mlx5/core/en_selftest.o
  CC [M]  drivers/net/ethernet/mellanox/mlx5/core/en/port.o
  AR      drivers/net/ethernet/stmicro/stmmac/built-in.a
  AR      drivers/net/ethernet/stmicro/built-in.a
  CC [M]  drivers/net/ethernet/mellanox/mlx5/core/en/monitor_stats.o
  CC [M]  drivers/net/ethernet/mellanox/mlx5/core/en/health.o
  CC [M]  drivers/net/ethernet/mellanox/mlx5/core/en/reporter_tx.o
  CC [M]  drivers/net/ethernet/mellanox/mlx5/core/en/reporter_rx.o
  CC [M]  drivers/net/ethernet/mellanox/mlx5/core/en/params.o
  CC [M]  drivers/net/ethernet/mellanox/mlx5/core/en/xsk/pool.o
  AR      drivers/mxc/gpu-viv/built-in.a
  AR      drivers/mxc/built-in.a
  CC [M]  drivers/net/ethernet/mellanox/mlx5/core/en/xsk/setup.o
  CC [M]  drivers/net/ethernet/mellanox/mlx5/core/en/xsk/rx.o
  CC [M]  drivers/net/ethernet/mellanox/mlx5/core/en/xsk/tx.o
  CC [M]  drivers/net/ethernet/mellanox/mlx5/core/en/devlink.o
  CC [M]  drivers/net/ethernet/mellanox/mlx5/core/en/ptp.o
  CC [M]  drivers/net/ethernet/mellanox/mlx5/core/en/qos.o
  CC [M]  drivers/net/ethernet/mellanox/mlx5/core/en/htb.o
  CC [M]  drivers/net/ethernet/mellanox/mlx5/core/en/trap.o
  CC [M]  drivers/net/ethernet/mellanox/mlx5/core/en/fs_tt_redirect.o
  CC [M]  drivers/net/ethernet/mellanox/mlx5/core/en/selq.o
  CC [M]  drivers/net/ethernet/mellanox/mlx5/core/lib/crypto.o
  CC [M]  drivers/net/ethernet/mellanox/mlx5/core/en_arfs.o
  CC [M]  drivers/net/ethernet/mellanox/mlx5/core/en_fs_ethtool.o
  CC [M]  drivers/net/ethernet/mellanox/mlx5/core/lag/mp.o
  CC [M]  drivers/net/ethernet/mellanox/mlx5/core/lag/port_sel.o
  CC [M]  drivers/net/ethernet/mellanox/mlx5/core/lib/geneve.o
  CC [M]  drivers/net/ethernet/mellanox/mlx5/core/lib/port_tun.o
  CC [M]  drivers/net/ethernet/mellanox/mlx5/core/en_rep.o
  CC [M]  drivers/net/ethernet/mellanox/mlx5/core/en/rep/bond.o
  CC [M]  drivers/net/ethernet/mellanox/mlx5/core/en/mod_hdr.o
  CC [M]  drivers/net/ethernet/mellanox/mlx5/core/lag/mpesw.o
  CC [M]  drivers/net/ethernet/mellanox/mlx5/core/en_tc.o
  CC [M]  drivers/net/ethernet/mellanox/mlx5/core/en/rep/tc.o
  CC [M]  drivers/net/ethernet/mellanox/mlx5/core/en/rep/neigh.o
  CC [M]  drivers/net/ethernet/mellanox/mlx5/core/lib/fs_chains.o
  CC [M]  drivers/net/ethernet/mellanox/mlx5/core/en/tc_tun.o
  CC [M]  drivers/net/ethernet/mellanox/mlx5/core/esw/indir_table.o
  CC [M]  drivers/net/ethernet/mellanox/mlx5/core/en/tc_tun_encap.o
  CC [M]  drivers/net/ethernet/mellanox/mlx5/core/en/tc_tun_vxlan.o
  CC [M]  drivers/net/ethernet/mellanox/mlx5/core/en/tc_tun_gre.o
  CC [M]  drivers/net/ethernet/mellanox/mlx5/core/en/tc_tun_geneve.o
  CC [M]  drivers/net/ethernet/mellanox/mlx5/core/en/tc_tun_mplsoudp.o
  CC [M]  drivers/net/ethernet/mellanox/mlx5/core/diag/en_tc_tracepoint.o
  CC [M]  drivers/net/ethernet/mellanox/mlx5/core/en/tc/post_act.o
  CC [M]  drivers/net/ethernet/mellanox/mlx5/core/en/tc/int_port.o
  CC [M]  drivers/net/ethernet/mellanox/mlx5/core/en/tc/meter.o
  CC [M]  drivers/net/ethernet/mellanox/mlx5/core/en/tc/post_meter.o
  CC [M]  drivers/net/ethernet/mellanox/mlx5/core/en/tc/act/act.o
  CC [M]  drivers/net/ethernet/mellanox/mlx5/core/en/tc/act/drop.o
  CC [M]  drivers/net/ethernet/mellanox/mlx5/core/en/tc/act/trap.o
  CC [M]  drivers/net/ethernet/mellanox/mlx5/core/en/tc/act/accept.o
  CC [M]  drivers/net/ethernet/mellanox/mlx5/core/en/tc/act/mark.o
  CC [M]  drivers/net/ethernet/mellanox/mlx5/core/en/tc/act/goto.o
  CC [M]  drivers/net/ethernet/mellanox/mlx5/core/en/tc/act/tun.o
  CC [M]  drivers/net/ethernet/mellanox/mlx5/core/en/tc/act/csum.o
  CC [M]  drivers/net/ethernet/mellanox/mlx5/core/en/tc/act/pedit.o
  CC [M]  drivers/net/ethernet/mellanox/mlx5/core/en/tc/act/vlan.o
  CC [M]  drivers/net/ethernet/mellanox/mlx5/core/en/tc/act/vlan_mangle.o
  CC [M]  drivers/net/ethernet/mellanox/mlx5/core/en/tc/act/mpls.o
  CC [M]  drivers/net/ethernet/mellanox/mlx5/core/en/tc/act/mirred.o
  CC [M]  drivers/net/ethernet/mellanox/mlx5/core/en/tc/act/mirred_nic.o
  CC [M]  drivers/net/ethernet/mellanox/mlx5/core/en/tc/act/ct.o
  CC [M]  drivers/net/ethernet/mellanox/mlx5/core/en/tc/act/sample.o
  CC [M]  drivers/net/ethernet/mellanox/mlx5/core/en/tc/act/ptype.o
  CC [M]  drivers/net/ethernet/mellanox/mlx5/core/en/tc/act/redirect_ingress.o
  CC [M]  drivers/net/ethernet/mellanox/mlx5/core/en/tc/act/police.o
  CC [M]  drivers/net/ethernet/mellanox/mlx5/core/en/tc/sample.o
  CC [M]  drivers/net/ethernet/mellanox/mlx5/core/eswitch.o
  CC [M]  drivers/net/ethernet/mellanox/mlx5/core/eswitch_offloads.o
  CC [M]  drivers/net/ethernet/mellanox/mlx5/core/eswitch_offloads_termtbl.o
  CC [M]  drivers/net/ethernet/mellanox/mlx5/core/ecpf.o
  CC [M]  drivers/net/ethernet/mellanox/mlx5/core/rdma.o
  CC [M]  drivers/net/ethernet/mellanox/mlx5/core/esw/legacy.o
  CC [M]  drivers/net/ethernet/mellanox/mlx5/core/esw/debugfs.o
  CC [M]  drivers/net/ethernet/mellanox/mlx5/core/esw/devlink_port.o
  CC [M]  drivers/net/ethernet/mellanox/mlx5/core/esw/vporttbl.o
  CC [M]  drivers/net/ethernet/mellanox/mlx5/core/esw/qos.o
  CC [M]  drivers/net/ethernet/mellanox/mlx5/core/esw/acl/helper.o
  CC [M]  drivers/net/ethernet/mellanox/mlx5/core/esw/acl/egress_lgcy.o
  CC [M]  drivers/net/ethernet/mellanox/mlx5/core/esw/acl/egress_ofld.o
  CC [M]  drivers/net/ethernet/mellanox/mlx5/core/esw/acl/ingress_lgcy.o
  CC [M]  drivers/net/ethernet/mellanox/mlx5/core/esw/acl/ingress_ofld.o
  CC [M]  drivers/net/ethernet/mellanox/mlx5/core/esw/bridge.o
  CC [M]  drivers/net/ethernet/mellanox/mlx5/core/en/rep/bridge.o
  CC [M]  drivers/net/ethernet/mellanox/mlx5/core/lib/mpfs.o
  CC [M]  drivers/net/ethernet/mellanox/mlx5/core/lib/clock.o
  CC [M]  drivers/net/ethernet/mellanox/mlx5/core/steering/dr_domain.o
  CC [M]  drivers/net/ethernet/mellanox/mlx5/core/steering/dr_table.o
  CC [M]  drivers/net/ethernet/mellanox/mlx5/core/steering/dr_matcher.o
  CC [M]  drivers/net/ethernet/mellanox/mlx5/core/steering/dr_rule.o
  CC [M]  drivers/net/ethernet/mellanox/mlx5/core/steering/dr_icm_pool.o
  CC [M]  drivers/net/ethernet/mellanox/mlx5/core/steering/dr_buddy.o
  CC [M]  drivers/net/ethernet/mellanox/mlx5/core/steering/dr_ste.o
  CC [M]  drivers/net/ethernet/mellanox/mlx5/core/steering/dr_send.o
  CC [M]  drivers/net/ethernet/mellanox/mlx5/core/steering/dr_ste_v0.o
  CC [M]  drivers/net/ethernet/mellanox/mlx5/core/steering/dr_ste_v1.o
  CC [M]  drivers/net/ethernet/mellanox/mlx5/core/steering/dr_ste_v2.o
  CC [M]  drivers/net/ethernet/mellanox/mlx5/core/steering/dr_cmd.o
  CC [M]  drivers/net/ethernet/mellanox/mlx5/core/steering/dr_fw.o
  CC [M]  drivers/net/ethernet/mellanox/mlx5/core/steering/dr_action.o
  CC [M]  drivers/net/ethernet/mellanox/mlx5/core/steering/fs_dr.o
  CC [M]  drivers/net/ethernet/mellanox/mlx5/core/steering/dr_dbg.o
  CC [M]  drivers/net/ethernet/mellanox/mlx5/core/lib/smfs.o
  LD [M]  drivers/net/ethernet/mellanox/mlx5/core/mlx5_core.o
  AR      drivers/net/ethernet/built-in.a
  AR      drivers/net/built-in.a
  AR      drivers/built-in.a
  AR      built-in.a
  AR      vmlinux.a
  LD      vmlinux.o
  OBJCOPY modules.builtin.modinfo
  GEN     modules.builtin
  GEN     .vmlinux.objs
  MODPOST Module.symvers
  UPD     include/generated/utsversion.h
  CC      init/version-timestamp.o
  LD      .tmp_vmlinux.kallsyms1
  CC [M]  arch/arm64/crypto/aes-neon-blk.mod.o
  CC [M]  arch/arm64/crypto/aes-neon-bs.mod.o
  CC [M]  arch/arm64/crypto/chacha-neon.mod.o
  CC [M]  arch/arm64/crypto/crct10dif-ce.mod.o
  CC [M]  arch/arm64/crypto/polyval-ce.mod.o
  CC [M]  arch/arm64/crypto/sha3-ce.mod.o
  CC [M]  arch/arm64/crypto/sha512-arm64.mod.o
  CC [M]  arch/arm64/crypto/sha512-ce.mod.o
  CC [M]  arch/arm64/crypto/sm3-ce.mod.o
  CC [M]  arch/arm64/lib/xor-neon.mod.o
  CC [M]  crypto/af_alg.mod.o
  CC [M]  crypto/algif_aead.mod.o
  CC [M]  crypto/algif_hash.mod.o
  CC [M]  crypto/algif_rng.mod.o
  CC [M]  crypto/algif_skcipher.mod.o
  CC [M]  crypto/anubis.mod.o
  CC [M]  crypto/arc4.mod.o
  CC [M]  crypto/aria_generic.mod.o
  CC [M]  crypto/authenc.mod.o
  CC [M]  crypto/authencesn.mod.o
  CC [M]  crypto/blake2b_generic.mod.o
  CC [M]  crypto/blowfish_common.mod.o
  CC [M]  crypto/blowfish_generic.mod.o
  CC [M]  crypto/camellia_generic.mod.o
  CC [M]  crypto/cast5_generic.mod.o
  CC [M]  crypto/cast6_generic.mod.o
  CC [M]  crypto/cast_common.mod.o
  CC [M]  crypto/cbc.mod.o
  CC [M]  crypto/cfb.mod.o
  CC [M]  crypto/chacha20poly1305.mod.o
  CC [M]  crypto/chacha_generic.mod.o
  CC [M]  crypto/crypto_engine.mod.o
  CC [M]  crypto/cts.mod.o
  CC [M]  crypto/curve25519-generic.mod.o
  CC [M]  crypto/des_generic.mod.o
  CC [M]  crypto/dh_generic.mod.o
  CC [M]  crypto/essiv.mod.o
  CC [M]  crypto/fcrypt.mod.o
  CC [M]  crypto/khazad.mod.o
  CC [M]  crypto/lrw.mod.o
  CC [M]  crypto/md4.mod.o
  CC [M]  crypto/md5.mod.o
  CC [M]  crypto/ofb.mod.o
  CC [M]  crypto/pcbc.mod.o
  CC [M]  crypto/poly1305_generic.mod.o
  NM      .tmp_vmlinux.kallsyms1.syms
  CC [M]  crypto/polyval-generic.mod.o
  CC [M]  crypto/rmd160.mod.o
  CC [M]  crypto/seed.mod.o
  CC [M]  crypto/serpent_generic.mod.o
  CC [M]  crypto/sha3_generic.mod.o
  CC [M]  crypto/sm3.mod.o
  CC [M]  crypto/sm3_generic.mod.o
  CC [M]  crypto/sm4.mod.o
  CC [M]  crypto/sm4_generic.mod.o
  CC [M]  crypto/streebog_generic.mod.o
  CC [M]  crypto/tcrypt.mod.o
  KSYMS   .tmp_vmlinux.kallsyms1.S
  CC [M]  crypto/tea.mod.o
  CC [M]  crypto/tls.mod.o
  CC [M]  crypto/twofish_common.mod.o
  CC [M]  crypto/twofish_generic.mod.o
  CC [M]  crypto/vmac.mod.o
  CC [M]  crypto/wp512.mod.o
  CC [M]  crypto/xcbc.mod.o
  CC [M]  crypto/xor.mod.o
  CC [M]  crypto/xts.mod.o
  CC [M]  crypto/xxhash_generic.mod.o
  CC [M]  drivers/base/regmap/regmap-sdw.mod.o
  CC [M]  drivers/base/regmap/regmap-slimbus.mod.o
  CC [M]  drivers/base/regmap/regmap-spmi.mod.o
  CC [M]  drivers/block/nbd.mod.o
  CC [M]  drivers/block/xen-blkback/xen-blkback.mod.o
  CC [M]  drivers/bluetooth/btintel.mod.o
  CC [M]  drivers/bluetooth/btnxpuart.mod.o
  CC [M]  drivers/bluetooth/btrtl.mod.o
  CC [M]  drivers/bluetooth/btusb.mod.o
  CC [M]  drivers/char/ipmi/ipmi_devintf.mod.o
  CC [M]  drivers/char/ipmi/ipmi_msghandler.mod.o
  CC [M]  drivers/char/ipmi/ipmi_si.mod.o
  CC [M]  drivers/cpufreq/cppc_cpufreq.mod.o
  CC [M]  drivers/crypto/amlogic/amlogic-gxl-crypto.mod.o
  CC [M]  drivers/crypto/caam/caam.mod.o
  CC [M]  drivers/crypto/caam/caam_jr.mod.o
  CC [M]  drivers/crypto/caam/caamalg_desc.mod.o
  CC [M]  drivers/crypto/caam/caamhash_desc.mod.o
  CC [M]  drivers/crypto/caam/caamkeyblob_desc.mod.o
  CC [M]  drivers/crypto/caam/dpaa2_caam.mod.o
  CC [M]  drivers/crypto/caam/error.mod.o
  CC [M]  drivers/crypto/caam/fsl_jr_uio.mod.o
  CC [M]  drivers/crypto/caam/secvio.mod.o
  CC [M]  drivers/crypto/caam/sm_test.mod.o
  AS      .tmp_vmlinux.kallsyms1.o
  CC [M]  drivers/crypto/ccree/ccree.mod.o
  CC [M]  drivers/crypto/hisilicon/hisi_qm.mod.o
  CC [M]  drivers/crypto/hisilicon/hpre/hisi_hpre.mod.o
  CC [M]  drivers/crypto/hisilicon/sec2/hisi_sec2.mod.o
  CC [M]  drivers/crypto/hisilicon/trng/hisi-trng-v2.mod.o
  CC [M]  drivers/crypto/hisilicon/zip/hisi_zip.mod.o
  CC [M]  drivers/dma/bcm-sba-raid.mod.o
  CC [M]  drivers/dma/fsl-dpaa2-qdma/dpaa2-qdma.mod.o
  CC [M]  drivers/dma/fsl-dpaa2-qdma/dpdmai.mod.o
  CC [M]  drivers/dma/fsl-qdma.mod.o
  CC [M]  drivers/edac/layerscape_edac_mod.mod.o
  CC [M]  drivers/extcon/extcon-ptn5150.mod.o
  CC [M]  drivers/fpga/altera-freeze-bridge.mod.o
  CC [M]  drivers/fpga/fpga-bridge.mod.o
  CC [M]  drivers/fpga/fpga-region.mod.o
  CC [M]  drivers/fpga/of-fpga-region.mod.o
  CC [M]  drivers/gnss/gnss-mtk.mod.o
  CC [M]  drivers/gnss/gnss-serial.mod.o
  CC [M]  drivers/gnss/gnss.mod.o
  CC [M]  drivers/gpio/gpio-altera.mod.o
  CC [M]  drivers/gpio/gpio-bd9571mwv.mod.o
  CC [M]  drivers/gpio/gpio-regmap.mod.o
  CC [M]  drivers/gpio/gpio-sl28cpld.mod.o
  CC [M]  drivers/gpio/gpio-wcd934x.mod.o
  CC [M]  drivers/gpu/drm/arm/mali-dp.mod.o
  CC [M]  drivers/gpu/drm/bridge/display-connector.mod.o
  CC [M]  drivers/gpu/drm/bridge/lontium-lt8912b.mod.o
  CC [M]  drivers/gpu/drm/bridge/lontium-lt9611.mod.o
  CC [M]  drivers/gpu/drm/bridge/lontium-lt9611uxc.mod.o
  CC [M]  drivers/gpu/drm/bridge/parade-ps8640.mod.o
  CC [M]  drivers/gpu/drm/bridge/sii902x.mod.o
  CC [M]  drivers/gpu/drm/bridge/simple-bridge.mod.o
  CC [M]  drivers/gpu/drm/bridge/synopsys/dw-hdmi-ahb-audio.mod.o
  CC [M]  drivers/gpu/drm/bridge/synopsys/dw-hdmi-cec.mod.o
  CC [M]  drivers/gpu/drm/bridge/synopsys/dw-hdmi-i2s-audio.mod.o
  CC [M]  drivers/gpu/drm/bridge/thc63lvd1024.mod.o
  CC [M]  drivers/gpu/drm/bridge/ti-sn65dsi86.mod.o
  CC [M]  drivers/gpu/drm/display/drm_dp_aux_bus.mod.o
  CC [M]  drivers/gpu/drm/drm_shmem_helper.mod.o
  CC [M]  drivers/gpu/drm/drm_ttm_helper.mod.o
  CC [M]  drivers/gpu/drm/drm_vram_helper.mod.o
  CC [M]  drivers/gpu/drm/etnaviv/etnaviv.mod.o
  CC [M]  drivers/gpu/drm/hisilicon/hibmc/hibmc-drm.mod.o
  CC [M]  drivers/gpu/drm/hisilicon/kirin/dw_drm_dsi.mod.o
  CC [M]  drivers/gpu/drm/hisilicon/kirin/kirin-drm.mod.o
  CC [M]  drivers/gpu/drm/i2c/ch7006.mod.o
  CC [M]  drivers/gpu/drm/i2c/sil164.mod.o
  CC [M]  drivers/gpu/drm/i2c/tda998x.mod.o
  CC [M]  drivers/gpu/drm/lima/lima.mod.o
  CC [M]  drivers/gpu/drm/nouveau/nouveau.mod.o
  CC [M]  drivers/gpu/drm/panel/panel-boe-tv101wum-nl6.mod.o
  CC [M]  drivers/gpu/drm/panel/panel-lvds.mod.o
  CC [M]  drivers/gpu/drm/panel/panel-mantix-mlaf057we51.mod.o
  CC [M]  drivers/gpu/drm/panel/panel-sitronix-st7703.mod.o
  CC [M]  drivers/gpu/drm/panel/panel-truly-nt35597.mod.o
  CC [M]  drivers/gpu/drm/panfrost/panfrost.mod.o
  CC [M]  drivers/gpu/drm/pl111/pl111_drm.mod.o
  LD      .tmp_vmlinux.kallsyms2
  CC [M]  drivers/gpu/drm/rcar-du/rcar_dw_hdmi.mod.o
  CC [M]  drivers/gpu/drm/scheduler/gpu-sched.mod.o
  CC [M]  drivers/gpu/drm/ttm/ttm.mod.o
  CC [M]  drivers/hid/hid-multitouch.mod.o
  CC [M]  drivers/hid/i2c-hid/i2c-hid-acpi.mod.o
  CC [M]  drivers/hid/i2c-hid/i2c-hid-of.mod.o
  CC [M]  drivers/hid/i2c-hid/i2c-hid.mod.o
  CC [M]  drivers/hwmon/ina2xx.mod.o
  CC [M]  drivers/hwmon/ina3221.mod.o
  CC [M]  drivers/hwmon/lm90.mod.o
  CC [M]  drivers/hwmon/pwm-fan.mod.o
  CC [M]  drivers/hwmon/sl28cpld-hwmon.mod.o
  CC [M]  drivers/hwtracing/coresight/coresight-catu.mod.o
  CC [M]  drivers/hwtracing/coresight/coresight-cpu-debug.mod.o
  CC [M]  drivers/hwtracing/coresight/coresight-cti.mod.o
  CC [M]  drivers/hwtracing/coresight/coresight-etb10.mod.o
  CC [M]  drivers/hwtracing/coresight/coresight-stm.mod.o
  CC [M]  drivers/hwtracing/coresight/coresight-tpiu.mod.o
  CC [M]  drivers/hwtracing/stm/stm_core.mod.o
  CC [M]  drivers/i2c/busses/i2c-gpio.mod.o
  CC [M]  drivers/iio/accel/fxls8962af-core.mod.o
  CC [M]  drivers/iio/accel/fxls8962af-i2c.mod.o
  CC [M]  drivers/iio/accel/st_accel.mod.o
  CC [M]  drivers/iio/accel/st_accel_i2c.mod.o
  CC [M]  drivers/iio/accel/st_accel_spi.mod.o
  CC [M]  drivers/iio/adc/max9611.mod.o
  CC [M]  drivers/iio/adc/qcom-spmi-adc5.mod.o
  CC [M]  drivers/iio/adc/qcom-spmi-vadc.mod.o
  CC [M]  drivers/iio/adc/qcom-vadc-common.mod.o
  CC [M]  drivers/iio/common/cros_ec_sensors/cros_ec_sensors.mod.o
  CC [M]  drivers/iio/common/cros_ec_sensors/cros_ec_sensors_core.mod.o
  CC [M]  drivers/iio/common/st_sensors/st_sensors.mod.o
  CC [M]  drivers/iio/common/st_sensors/st_sensors_i2c.mod.o
  CC [M]  drivers/iio/common/st_sensors/st_sensors_spi.mod.o
  CC [M]  drivers/iio/gyro/st_gyro.mod.o
  CC [M]  drivers/iio/gyro/st_gyro_i2c.mod.o
  CC [M]  drivers/iio/gyro/st_gyro_spi.mod.o
  CC [M]  drivers/iio/imu/inv_mpu6050/inv-mpu6050-i2c.mod.o
  CC [M]  drivers/iio/imu/inv_mpu6050/inv-mpu6050.mod.o
  CC [M]  drivers/iio/imu/rpmsg_iio_pedometer.mod.o
  CC [M]  drivers/iio/light/cros_ec_light_prox.mod.o
  CC [M]  drivers/iio/light/vcnl4000.mod.o
  CC [M]  drivers/iio/light/vcnl4035.mod.o
  CC [M]  drivers/iio/magnetometer/st_magn.mod.o
  CC [M]  drivers/iio/magnetometer/st_magn_i2c.mod.o
  CC [M]  drivers/iio/magnetometer/st_magn_spi.mod.o
  CC [M]  drivers/iio/pressure/cros_ec_baro.mod.o
  CC [M]  drivers/iio/pressure/ms5611_core.mod.o
  CC [M]  drivers/iio/pressure/ms5611_i2c.mod.o
  CC [M]  drivers/input/keyboard/adc-keys.mod.o
  CC [M]  drivers/input/misc/pwm-beeper.mod.o
  CC [M]  drivers/input/misc/pwm-vibra.mod.o
  CC [M]  drivers/input/touchscreen/atmel_mxt_ts.mod.o
  CC [M]  drivers/input/touchscreen/edt-ft5x06.mod.o
  CC [M]  drivers/input/touchscreen/exc3000.mod.o
  CC [M]  drivers/input/touchscreen/goodix_ts.mod.o
  CC [M]  drivers/input/touchscreen/synaptics_dsx/synaptics_dsx_i2c.mod.o
  CC [M]  drivers/irqchip/irq-imx-mu-msi.mod.o
  CC [M]  drivers/leds/led-class-multicolor.mod.o
  CC [M]  drivers/leds/leds-lm3692x.mod.o
  CC [M]  drivers/leds/leds-pca9532.mod.o
  CC [M]  drivers/leds/leds-pca995x.mod.o
  CC [M]  drivers/md/dm-crypt.mod.o
  CC [M]  drivers/md/dm-log.mod.o
  CC [M]  drivers/md/dm-mirror.mod.o
  CC [M]  drivers/md/dm-mod.mod.o
  CC [M]  drivers/md/dm-region-hash.mod.o
  CC [M]  drivers/md/dm-zero.mod.o
  CC [M]  drivers/md/md-mod.mod.o
  CC [M]  drivers/media/dvb-frontends/a8293.mod.o
  CC [M]  drivers/media/dvb-frontends/af9013.mod.o
  CC [M]  drivers/media/dvb-frontends/af9033.mod.o
  CC [M]  drivers/media/dvb-frontends/ascot2e.mod.o
  CC [M]  drivers/media/dvb-frontends/atbm8830.mod.o
  CC [M]  drivers/media/dvb-frontends/au8522_common.mod.o
  CC [M]  drivers/media/dvb-frontends/au8522_decoder.mod.o
  CC [M]  drivers/media/dvb-frontends/au8522_dig.mod.o
  CC [M]  drivers/media/dvb-frontends/bcm3510.mod.o
  CC [M]  drivers/media/dvb-frontends/cx22700.mod.o
  CC [M]  drivers/media/dvb-frontends/cx22702.mod.o
  CC [M]  drivers/media/dvb-frontends/cx24110.mod.o
  CC [M]  drivers/media/dvb-frontends/cx24113.mod.o
  CC [M]  drivers/media/dvb-frontends/cx24116.mod.o
  CC [M]  drivers/media/dvb-frontends/cx24117.mod.o
  CC [M]  drivers/media/dvb-frontends/cx24120.mod.o
  CC [M]  drivers/media/dvb-frontends/cx24123.mod.o
  CC [M]  drivers/media/dvb-frontends/cxd2099.mod.o
  CC [M]  drivers/media/dvb-frontends/cxd2820r.mod.o
  CC [M]  drivers/media/dvb-frontends/cxd2841er.mod.o
  NM      .tmp_vmlinux.kallsyms2.syms
  CC [M]  drivers/media/dvb-frontends/cxd2880/cxd2880.mod.o
  CC [M]  drivers/media/dvb-frontends/dib0070.mod.o
  CC [M]  drivers/media/dvb-frontends/dib0090.mod.o
  CC [M]  drivers/media/dvb-frontends/dib3000mb.mod.o
  CC [M]  drivers/media/dvb-frontends/dib3000mc.mod.o
  CC [M]  drivers/media/dvb-frontends/dib7000m.mod.o
  CC [M]  drivers/media/dvb-frontends/dib7000p.mod.o
  CC [M]  drivers/media/dvb-frontends/dib8000.mod.o
  CC [M]  drivers/media/dvb-frontends/dib9000.mod.o
  CC [M]  drivers/media/dvb-frontends/dibx000_common.mod.o
  CC [M]  drivers/media/dvb-frontends/drx39xyj/drx39xyj.mod.o
  KSYMS   .tmp_vmlinux.kallsyms2.S
  CC [M]  drivers/media/dvb-frontends/drxd.mod.o
  CC [M]  drivers/media/dvb-frontends/drxk.mod.o
  CC [M]  drivers/media/dvb-frontends/ds3000.mod.o
  CC [M]  drivers/media/dvb-frontends/dvb-pll.mod.o
  CC [M]  drivers/media/dvb-frontends/ec100.mod.o
  CC [M]  drivers/media/dvb-frontends/helene.mod.o
  CC [M]  drivers/media/dvb-frontends/horus3a.mod.o
  CC [M]  drivers/media/dvb-frontends/isl6405.mod.o
  CC [M]  drivers/media/dvb-frontends/isl6421.mod.o
  CC [M]  drivers/media/dvb-frontends/isl6423.mod.o
  CC [M]  drivers/media/dvb-frontends/itd1000.mod.o
  CC [M]  drivers/media/dvb-frontends/ix2505v.mod.o
  CC [M]  drivers/media/dvb-frontends/l64781.mod.o
  CC [M]  drivers/media/dvb-frontends/lg2160.mod.o
  CC [M]  drivers/media/dvb-frontends/lgdt3305.mod.o
  CC [M]  drivers/media/dvb-frontends/lgdt3306a.mod.o
  CC [M]  drivers/media/dvb-frontends/lgdt330x.mod.o
  CC [M]  drivers/media/dvb-frontends/lgs8gl5.mod.o
  CC [M]  drivers/media/dvb-frontends/lgs8gxx.mod.o
  CC [M]  drivers/media/dvb-frontends/lnbh25.mod.o
  CC [M]  drivers/media/dvb-frontends/lnbh29.mod.o
  CC [M]  drivers/media/dvb-frontends/lnbp21.mod.o
  CC [M]  drivers/media/dvb-frontends/lnbp22.mod.o
  CC [M]  drivers/media/dvb-frontends/m88ds3103.mod.o
  CC [M]  drivers/media/dvb-frontends/m88rs2000.mod.o
  CC [M]  drivers/media/dvb-frontends/mb86a16.mod.o
  CC [M]  drivers/media/dvb-frontends/mb86a20s.mod.o
  CC [M]  drivers/media/dvb-frontends/mn88443x.mod.o
  CC [M]  drivers/media/dvb-frontends/mn88472.mod.o
  CC [M]  drivers/media/dvb-frontends/mn88473.mod.o
  CC [M]  drivers/media/dvb-frontends/mt312.mod.o
  CC [M]  drivers/media/dvb-frontends/mt352.mod.o
  CC [M]  drivers/media/dvb-frontends/mxl5xx.mod.o
  CC [M]  drivers/media/dvb-frontends/mxl692.mod.o
  CC [M]  drivers/media/dvb-frontends/nxt200x.mod.o
  CC [M]  drivers/media/dvb-frontends/nxt6000.mod.o
  CC [M]  drivers/media/dvb-frontends/or51132.mod.o
  AS      .tmp_vmlinux.kallsyms2.o
  CC [M]  drivers/media/dvb-frontends/or51211.mod.o
  CC [M]  drivers/media/dvb-frontends/rtl2830.mod.o
  CC [M]  drivers/media/dvb-frontends/rtl2832.mod.o
  CC [M]  drivers/media/dvb-frontends/rtl2832_sdr.mod.o
  CC [M]  drivers/media/dvb-frontends/s5h1409.mod.o
  CC [M]  drivers/media/dvb-frontends/s5h1411.mod.o
  CC [M]  drivers/media/dvb-frontends/s5h1420.mod.o
  CC [M]  drivers/media/dvb-frontends/s5h1432.mod.o
  CC [M]  drivers/media/dvb-frontends/s921.mod.o
  CC [M]  drivers/media/dvb-frontends/si2165.mod.o
  CC [M]  drivers/media/dvb-frontends/si2168.mod.o
  CC [M]  drivers/media/dvb-frontends/si21xx.mod.o
  CC [M]  drivers/media/dvb-frontends/sp2.mod.o
  CC [M]  drivers/media/dvb-frontends/sp887x.mod.o
  CC [M]  drivers/media/dvb-frontends/stb0899.mod.o
  CC [M]  drivers/media/dvb-frontends/stb6000.mod.o
  CC [M]  drivers/media/dvb-frontends/stb6100.mod.o
  CC [M]  drivers/media/dvb-frontends/stv0288.mod.o
  CC [M]  drivers/media/dvb-frontends/stv0297.mod.o
  CC [M]  drivers/media/dvb-frontends/stv0299.mod.o
  CC [M]  drivers/media/dvb-frontends/stv0367.mod.o
  CC [M]  drivers/media/dvb-frontends/stv0900.mod.o
  CC [M]  drivers/media/dvb-frontends/stv090x.mod.o
  CC [M]  drivers/media/dvb-frontends/stv0910.mod.o
  CC [M]  drivers/media/dvb-frontends/stv6110.mod.o
  CC [M]  drivers/media/dvb-frontends/stv6110x.mod.o
  CC [M]  drivers/media/dvb-frontends/stv6111.mod.o
  CC [M]  drivers/media/dvb-frontends/tc90522.mod.o
  CC [M]  drivers/media/dvb-frontends/tda10021.mod.o
  CC [M]  drivers/media/dvb-frontends/tda10023.mod.o
  CC [M]  drivers/media/dvb-frontends/tda10048.mod.o
  CC [M]  drivers/media/dvb-frontends/tda1004x.mod.o
  CC [M]  drivers/media/dvb-frontends/tda10071.mod.o
  CC [M]  drivers/media/dvb-frontends/tda10086.mod.o
  CC [M]  drivers/media/dvb-frontends/tda18271c2dd.mod.o
  CC [M]  drivers/media/dvb-frontends/tda665x.mod.o
  CC [M]  drivers/media/dvb-frontends/tda8083.mod.o
  CC [M]  drivers/media/dvb-frontends/tda8261.mod.o
  CC [M]  drivers/media/dvb-frontends/tda826x.mod.o
  CC [M]  drivers/media/dvb-frontends/ts2020.mod.o
  CC [M]  drivers/media/dvb-frontends/tua6100.mod.o
  CC [M]  drivers/media/dvb-frontends/ves1820.mod.o
  CC [M]  drivers/media/dvb-frontends/ves1x93.mod.o
  CC [M]  drivers/media/dvb-frontends/zd1301_demod.mod.o
  CC [M]  drivers/media/dvb-frontends/zl10036.mod.o
  CC [M]  drivers/media/dvb-frontends/zl10039.mod.o
  CC [M]  drivers/media/dvb-frontends/zl10353.mod.o
  CC [M]  drivers/media/i2c/imx219.mod.o
  CC [M]  drivers/media/i2c/ir-kbd-i2c.mod.o
  CC [M]  drivers/media/i2c/ov5645.mod.o
  CC [M]  drivers/media/platform/nxp/imx-jpeg/mxc-jpeg-encdec.mod.o
  CC [M]  drivers/media/platform/verisilicon/hantro-vpu.mod.o
  CC [M]  drivers/media/rc/gpio-ir-recv.mod.o
  CC [M]  drivers/media/rc/ir-imon-decoder.mod.o
  LD      vmlinux
  CC [M]  drivers/media/rc/ir-jvc-decoder.mod.o
  CC [M]  drivers/media/rc/ir-mce_kbd-decoder.mod.o
  CC [M]  drivers/media/rc/ir-nec-decoder.mod.o
  CC [M]  drivers/media/rc/ir-rc5-decoder.mod.o
  CC [M]  drivers/media/rc/ir-rc6-decoder.mod.o
  CC [M]  drivers/media/rc/ir-rcmm-decoder.mod.o
  CC [M]  drivers/media/rc/ir-sanyo-decoder.mod.o
  CC [M]  drivers/media/rc/ir-sharp-decoder.mod.o
  CC [M]  drivers/media/rc/ir-sony-decoder.mod.o
  CC [M]  drivers/media/rc/ir-xmp-decoder.mod.o
  CC [M]  drivers/media/rc/keymaps/rc-adstech-dvb-t-pci.mod.o
  CC [M]  drivers/media/rc/keymaps/rc-alink-dtu-m.mod.o
  CC [M]  drivers/media/rc/keymaps/rc-anysee.mod.o
  CC [M]  drivers/media/rc/keymaps/rc-apac-viewcomp.mod.o
  CC [M]  drivers/media/rc/keymaps/rc-astrometa-t2hybrid.mod.o
  CC [M]  drivers/media/rc/keymaps/rc-asus-pc39.mod.o
  CC [M]  drivers/media/rc/keymaps/rc-asus-ps3-100.mod.o
  CC [M]  drivers/media/rc/keymaps/rc-ati-tv-wonder-hd-600.mod.o
  CC [M]  drivers/media/rc/keymaps/rc-ati-x10.mod.o
  CC [M]  drivers/media/rc/keymaps/rc-avermedia-a16d.mod.o
  CC [M]  drivers/media/rc/keymaps/rc-avermedia-cardbus.mod.o
  CC [M]  drivers/media/rc/keymaps/rc-avermedia-dvbt.mod.o
  CC [M]  drivers/media/rc/keymaps/rc-avermedia-m135a.mod.o
  CC [M]  drivers/media/rc/keymaps/rc-avermedia-m733a-rm-k6.mod.o
  CC [M]  drivers/media/rc/keymaps/rc-avermedia-rm-ks.mod.o
  CC [M]  drivers/media/rc/keymaps/rc-avermedia.mod.o
  CC [M]  drivers/media/rc/keymaps/rc-avertv-303.mod.o
  CC [M]  drivers/media/rc/keymaps/rc-azurewave-ad-tu700.mod.o
  CC [M]  drivers/media/rc/keymaps/rc-beelink-gs1.mod.o
  CC [M]  drivers/media/rc/keymaps/rc-behold-columbus.mod.o
  CC [M]  drivers/media/rc/keymaps/rc-behold.mod.o
  CC [M]  drivers/media/rc/keymaps/rc-budget-ci-old.mod.o
  CC [M]  drivers/media/rc/keymaps/rc-cinergy-1400.mod.o
  CC [M]  drivers/media/rc/keymaps/rc-cinergy.mod.o
  CC [M]  drivers/media/rc/keymaps/rc-ct-90405.mod.o
  CC [M]  drivers/media/rc/keymaps/rc-d680-dmb.mod.o
  CC [M]  drivers/media/rc/keymaps/rc-delock-61959.mod.o
  CC [M]  drivers/media/rc/keymaps/rc-dib0700-nec.mod.o
  CC [M]  drivers/media/rc/keymaps/rc-dib0700-rc5.mod.o
  CC [M]  drivers/media/rc/keymaps/rc-digitalnow-tinytwin.mod.o
  CC [M]  drivers/media/rc/keymaps/rc-digittrade.mod.o
  CC [M]  drivers/media/rc/keymaps/rc-dm1105-nec.mod.o
  CC [M]  drivers/media/rc/keymaps/rc-dntv-live-dvb-t.mod.o
  CC [M]  drivers/media/rc/keymaps/rc-dntv-live-dvbt-pro.mod.o
  CC [M]  drivers/media/rc/keymaps/rc-dtt200u.mod.o
  CC [M]  drivers/media/rc/keymaps/rc-dvbsky.mod.o
  CC [M]  drivers/media/rc/keymaps/rc-dvico-mce.mod.o
  CC [M]  drivers/media/rc/keymaps/rc-dvico-portable.mod.o
  CC [M]  drivers/media/rc/keymaps/rc-em-terratec.mod.o
  CC [M]  drivers/media/rc/keymaps/rc-encore-enltv-fm53.mod.o
  CC [M]  drivers/media/rc/keymaps/rc-encore-enltv.mod.o
  CC [M]  drivers/media/rc/keymaps/rc-encore-enltv2.mod.o
  CC [M]  drivers/media/rc/keymaps/rc-evga-indtube.mod.o
  CC [M]  drivers/media/rc/keymaps/rc-eztv.mod.o
  CC [M]  drivers/media/rc/keymaps/rc-flydvb.mod.o
  CC [M]  drivers/media/rc/keymaps/rc-flyvideo.mod.o
  CC [M]  drivers/media/rc/keymaps/rc-fusionhdtv-mce.mod.o
  CC [M]  drivers/media/rc/keymaps/rc-gadmei-rm008z.mod.o
  CC [M]  drivers/media/rc/keymaps/rc-geekbox.mod.o
  CC [M]  drivers/media/rc/keymaps/rc-genius-tvgo-a11mce.mod.o
  CC [M]  drivers/media/rc/keymaps/rc-gotview7135.mod.o
  CC [M]  drivers/media/rc/keymaps/rc-hauppauge.mod.o
  CC [M]  drivers/media/rc/keymaps/rc-hisi-poplar.mod.o
  CC [M]  drivers/media/rc/keymaps/rc-hisi-tv-demo.mod.o
  CC [M]  drivers/media/rc/keymaps/rc-imon-mce.mod.o
  CC [M]  drivers/media/rc/keymaps/rc-imon-pad.mod.o
  CC [M]  drivers/media/rc/keymaps/rc-imon-rsc.mod.o
  CC [M]  drivers/media/rc/keymaps/rc-iodata-bctv7e.mod.o
  CC [M]  drivers/media/rc/keymaps/rc-it913x-v1.mod.o
  CC [M]  drivers/media/rc/keymaps/rc-it913x-v2.mod.o
  CC [M]  drivers/media/rc/keymaps/rc-kaiomy.mod.o
  CC [M]  drivers/media/rc/keymaps/rc-khadas.mod.o
  CC [M]  drivers/media/rc/keymaps/rc-khamsin.mod.o
  CC [M]  drivers/media/rc/keymaps/rc-kworld-315u.mod.o
  CC [M]  drivers/media/rc/keymaps/rc-kworld-pc150u.mod.o
  CC [M]  drivers/media/rc/keymaps/rc-kworld-plus-tv-analog.mod.o
  CC [M]  drivers/media/rc/keymaps/rc-leadtek-y04g0051.mod.o
  CC [M]  drivers/media/rc/keymaps/rc-lme2510.mod.o
  CC [M]  drivers/media/rc/keymaps/rc-manli.mod.o
  CC [M]  drivers/media/rc/keymaps/rc-mecool-kii-pro.mod.o
  CC [M]  drivers/media/rc/keymaps/rc-mecool-kiii-pro.mod.o
  CC [M]  drivers/media/rc/keymaps/rc-medion-x10-digitainer.mod.o
  CC [M]  drivers/media/rc/keymaps/rc-medion-x10-or2x.mod.o
  CC [M]  drivers/media/rc/keymaps/rc-medion-x10.mod.o
  CC [M]  drivers/media/rc/keymaps/rc-minix-neo.mod.o
  CC [M]  drivers/media/rc/keymaps/rc-msi-digivox-ii.mod.o
  CC [M]  drivers/media/rc/keymaps/rc-msi-digivox-iii.mod.o
  CC [M]  drivers/media/rc/keymaps/rc-msi-tvanywhere-plus.mod.o
  CC [M]  drivers/media/rc/keymaps/rc-msi-tvanywhere.mod.o
  CC [M]  drivers/media/rc/keymaps/rc-nebula.mod.o
  CC [M]  drivers/media/rc/keymaps/rc-nec-terratec-cinergy-xs.mod.o
  CC [M]  drivers/media/rc/keymaps/rc-norwood.mod.o
  CC [M]  drivers/media/rc/keymaps/rc-npgtech.mod.o
  CC [M]  drivers/media/rc/keymaps/rc-odroid.mod.o
  CC [M]  drivers/media/rc/keymaps/rc-pctv-sedna.mod.o
  CC [M]  drivers/media/rc/keymaps/rc-pine64.mod.o
  CC [M]  drivers/media/rc/keymaps/rc-pinnacle-color.mod.o
  CC [M]  drivers/media/rc/keymaps/rc-pinnacle-grey.mod.o
  CC [M]  drivers/media/rc/keymaps/rc-pinnacle-pctv-hd.mod.o
  CC [M]  drivers/media/rc/keymaps/rc-pixelview-002t.mod.o
  CC [M]  drivers/media/rc/keymaps/rc-pixelview-mk12.mod.o
  CC [M]  drivers/media/rc/keymaps/rc-pixelview-new.mod.o
  CC [M]  drivers/media/rc/keymaps/rc-pixelview.mod.o
  CC [M]  drivers/media/rc/keymaps/rc-powercolor-real-angel.mod.o
  CC [M]  drivers/media/rc/keymaps/rc-proteus-2309.mod.o
  CC [M]  drivers/media/rc/keymaps/rc-purpletv.mod.o
  CC [M]  drivers/media/rc/keymaps/rc-pv951.mod.o
  CC [M]  drivers/media/rc/keymaps/rc-rc6-mce.mod.o
  CC [M]  drivers/media/rc/keymaps/rc-real-audio-220-32-keys.mod.o
  CC [M]  drivers/media/rc/keymaps/rc-reddo.mod.o
  CC [M]  drivers/media/rc/keymaps/rc-snapstream-firefly.mod.o
  CC [M]  drivers/media/rc/keymaps/rc-streamzap.mod.o
  CC [M]  drivers/media/rc/keymaps/rc-su3000.mod.o
  CC [M]  drivers/media/rc/keymaps/rc-tanix-tx3mini.mod.o
  CC [M]  drivers/media/rc/keymaps/rc-tanix-tx5max.mod.o
  CC [M]  drivers/media/rc/keymaps/rc-tbs-nec.mod.o
  CC [M]  drivers/media/rc/keymaps/rc-technisat-ts35.mod.o
  CC [M]  drivers/media/rc/keymaps/rc-technisat-usb2.mod.o
  CC [M]  drivers/media/rc/keymaps/rc-terratec-cinergy-c-pci.mod.o
  CC [M]  drivers/media/rc/keymaps/rc-terratec-cinergy-s2-hd.mod.o
  CC [M]  drivers/media/rc/keymaps/rc-terratec-cinergy-xs.mod.o
  CC [M]  drivers/media/rc/keymaps/rc-terratec-slim-2.mod.o
  CC [M]  drivers/media/rc/keymaps/rc-terratec-slim.mod.o
  CC [M]  drivers/media/rc/keymaps/rc-tevii-nec.mod.o
  CC [M]  drivers/media/rc/keymaps/rc-tivo.mod.o
  CC [M]  drivers/media/rc/keymaps/rc-total-media-in-hand-02.mod.o
  CC [M]  drivers/media/rc/keymaps/rc-total-media-in-hand.mod.o
  CC [M]  drivers/media/rc/keymaps/rc-trekstor.mod.o
  CC [M]  drivers/media/rc/keymaps/rc-tt-1500.mod.o
  CC [M]  drivers/media/rc/keymaps/rc-twinhan-dtv-cab-ci.mod.o
  CC [M]  drivers/media/rc/keymaps/rc-twinhan1027.mod.o
  CC [M]  drivers/media/rc/keymaps/rc-vega-s9x.mod.o
  CC [M]  drivers/media/rc/keymaps/rc-videomate-m1f.mod.o
  CC [M]  drivers/media/rc/keymaps/rc-videomate-s350.mod.o
  CC [M]  drivers/media/rc/keymaps/rc-videomate-tv-pvr.mod.o
  CC [M]  drivers/media/rc/keymaps/rc-videostrong-kii-pro.mod.o
  CC [M]  drivers/media/rc/keymaps/rc-wetek-hub.mod.o
  CC [M]  drivers/media/rc/keymaps/rc-wetek-play2.mod.o
  CC [M]  drivers/media/rc/keymaps/rc-winfast-usbii-deluxe.mod.o
  CC [M]  drivers/media/rc/keymaps/rc-winfast.mod.o
  CC [M]  drivers/media/rc/keymaps/rc-x96max.mod.o
  CC [M]  drivers/media/rc/keymaps/rc-xbox-360.mod.o
  CC [M]  drivers/media/rc/keymaps/rc-xbox-dvd.mod.o
  CC [M]  drivers/media/rc/keymaps/rc-zx-irdec.mod.o
  CC [M]  drivers/media/rc/rc-core.mod.o
  CC [M]  drivers/media/spi/cxd2880-spi.mod.o
  CC [M]  drivers/media/tuners/e4000.mod.o
  CC [M]  drivers/media/tuners/fc0011.mod.o
  CC [M]  drivers/media/tuners/fc0012.mod.o
  CC [M]  drivers/media/tuners/fc0013.mod.o
  CC [M]  drivers/media/tuners/fc2580.mod.o
  CC [M]  drivers/media/tuners/it913x.mod.o
  CC [M]  drivers/media/tuners/m88rs6000t.mod.o
  CC [M]  drivers/media/tuners/max2165.mod.o
  CC [M]  drivers/media/tuners/mc44s803.mod.o
  CC [M]  drivers/media/tuners/msi001.mod.o
  CC [M]  drivers/media/tuners/mt2060.mod.o
  CC [M]  drivers/media/tuners/mt2063.mod.o
  CC [M]  drivers/media/tuners/mt20xx.mod.o
  CC [M]  drivers/media/tuners/mt2131.mod.o
  CC [M]  drivers/media/tuners/mt2266.mod.o
  CC [M]  drivers/media/tuners/mxl301rf.mod.o
  CC [M]  drivers/media/tuners/mxl5005s.mod.o
  CC [M]  drivers/media/tuners/mxl5007t.mod.o
  CC [M]  drivers/media/tuners/qm1d1b0004.mod.o
  CC [M]  drivers/media/tuners/qm1d1c0042.mod.o
  CC [M]  drivers/media/tuners/qt1010.mod.o
  CC [M]  drivers/media/tuners/r820t.mod.o
  CC [M]  drivers/media/tuners/si2157.mod.o
  CC [M]  drivers/media/tuners/tda18212.mod.o
  CC [M]  drivers/media/tuners/tda18218.mod.o
  CC [M]  drivers/media/tuners/tda18250.mod.o
  CC [M]  drivers/media/tuners/tda18271.mod.o
  CC [M]  drivers/media/tuners/tda827x.mod.o
  CC [M]  drivers/media/tuners/tda8290.mod.o
  CC [M]  drivers/media/tuners/tda9887.mod.o
  CC [M]  drivers/media/tuners/tea5761.mod.o
  CC [M]  drivers/media/tuners/tea5767.mod.o
  CC [M]  drivers/media/tuners/tua9001.mod.o
  CC [M]  drivers/media/tuners/tuner-simple.mod.o
  CC [M]  drivers/media/tuners/tuner-types.mod.o
  CC [M]  drivers/media/tuners/xc2028.mod.o
  CC [M]  drivers/media/tuners/xc4000.mod.o
  CC [M]  drivers/media/tuners/xc5000.mod.o
  CC [M]  drivers/media/usb/uvc/uvcvideo.mod.o
  CC [M]  drivers/media/v4l2-core/v4l2-h264.mod.o
  CC [M]  drivers/media/v4l2-core/v4l2-jpeg.mod.o
  CC [M]  drivers/media/v4l2-core/v4l2-vp9.mod.o
  CC [M]  drivers/mfd/wcd934x.mod.o
  CC [M]  drivers/mfd/wm8994.mod.o
  CC [M]  drivers/misc/eeprom/at24.mod.o
  CC [M]  drivers/misc/eeprom/at25.mod.o
  CC [M]  drivers/misc/uacce/uacce.mod.o
  CC [M]  drivers/net/can/dev/can-dev.mod.o
  CC [M]  drivers/net/can/flexcan/flexcan.mod.o
  CC [M]  drivers/net/dsa/ocelot/mscc_felix.mod.o
  CC [M]  drivers/net/dsa/sja1105/sja1105.mod.o
  CC [M]  drivers/net/ethernet/atheros/atl1c/atl1c.mod.o
  CC [M]  drivers/net/ethernet/broadcom/bcmsysport.mod.o
  CC [M]  drivers/net/ethernet/broadcom/bnx2x/bnx2x.mod.o
  CC [M]  drivers/net/ethernet/broadcom/genet/genet.mod.o
  CC [M]  drivers/net/ethernet/mellanox/mlx4/mlx4_core.mod.o
  CC [M]  drivers/net/ethernet/mellanox/mlx4/mlx4_en.mod.o
  CC [M]  drivers/net/ethernet/mellanox/mlx5/core/mlx5_core.mod.o
  CC [M]  drivers/net/ethernet/qualcomm/emac/qcom-emac.mod.o
  CC [M]  drivers/net/ethernet/qualcomm/rmnet/rmnet.mod.o
  CC [M]  drivers/net/ethernet/stmicro/stmmac/dwmac-generic.mod.o
  CC [M]  drivers/net/macvlan.mod.o
  CC [M]  drivers/net/macvtap.mod.o
  CC [M]  drivers/net/mdio.mod.o
  CC [M]  drivers/net/mdio/mdio-bcm-unimac.mod.o
  CC [M]  drivers/net/phy/ax88796b.mod.o
  CC [M]  drivers/net/phy/bcm-phy-lib.mod.o
  CC [M]  drivers/net/phy/bcm54140.mod.o
  CC [M]  drivers/net/phy/bcm7xxx.mod.o
  CC [M]  drivers/net/phy/broadcom.mod.o
  CC [M]  drivers/net/phy/marvell.mod.o
  CC [M]  drivers/net/phy/marvell10g.mod.o
  CC [M]  drivers/net/phy/microchip.mod.o
  CC [M]  drivers/net/phy/smsc.mod.o
  CC [M]  drivers/net/tap.mod.o
  CC [M]  drivers/net/usb/asix.mod.o
  CC [M]  drivers/net/usb/ax88179_178a.mod.o
  CC [M]  drivers/net/usb/cdc_ether.mod.o
  CC [M]  drivers/net/usb/cdc_ncm.mod.o
  CC [M]  drivers/net/usb/cdc_subset.mod.o
  CC [M]  drivers/net/usb/dm9601.mod.o
  CC [M]  drivers/net/usb/lan78xx.mod.o
  CC [M]  drivers/net/usb/mcs7830.mod.o
  CC [M]  drivers/net/usb/net1080.mod.o
  CC [M]  drivers/net/usb/pegasus.mod.o
  CC [M]  drivers/net/usb/plusb.mod.o
  CC [M]  drivers/net/usb/r8153_ecm.mod.o
  CC [M]  drivers/net/usb/rtl8150.mod.o
  CC [M]  drivers/net/usb/smsc75xx.mod.o
  CC [M]  drivers/net/usb/smsc95xx.mod.o
  CC [M]  drivers/net/usb/sr9800.mod.o
  CC [M]  drivers/net/usb/zaurus.mod.o
  CC [M]  drivers/net/veth.mod.o
  CC [M]  drivers/net/wireless/ti/wl18xx/wl18xx.mod.o
  CC [M]  drivers/net/wireless/ti/wlcore/wlcore.mod.o
  CC [M]  drivers/net/wireless/ti/wlcore/wlcore_sdio.mod.o
  CC [M]  drivers/net/xen-netback/xen-netback.mod.o
  CC [M]  drivers/nfc/s3fwrn5/s3fwrn5.mod.o
  CC [M]  drivers/nfc/s3fwrn5/s3fwrn5_i2c.mod.o
  CC [M]  drivers/nvmem/nvmem-rmem.mod.o
  CC [M]  drivers/pci/controller/dwc/pci-meson.mod.o
  NM      System.map
  CC [M]  drivers/perf/arm-cci.mod.o
  CC [M]  drivers/perf/arm-ccn.mod.o
  CC [M]  drivers/perf/arm-cmn.mod.o
  CC [M]  drivers/perf/arm_dmc620_pmu.mod.o
  CC [M]  drivers/perf/arm_dsu_pmu.mod.o
  CC [M]  drivers/perf/arm_smmuv3_pmu.mod.o
  CC [M]  drivers/perf/arm_spe_pmu.mod.o
  SORTTAB vmlinux
  CC [M]  drivers/platform/chrome/cros_ec_chardev.mod.o
  CC [M]  drivers/power/supply/bq25890_charger.mod.o
  OBJCOPY arch/arm64/boot/Image
  CC [M]  drivers/power/supply/bq25980_charger.mod.o
  CC [M]  drivers/power/supply/max17042_battery.mod.o
  CC [M]  drivers/power/supply/sbs-battery.mod.o
  CC [M]  drivers/pwm/pwm-cros-ec.mod.o
  CC [M]  drivers/pwm/pwm-fsl-ftm.mod.o
  CC [M]  drivers/pwm/pwm-sl28cpld.mod.o
  GZIP    arch/arm64/boot/Image.gz
  CC [M]  drivers/regulator/tps65132-regulator.mod.o
  CC [M]  drivers/regulator/vctrl-regulator.mod.o
  CC [M]  drivers/remoteproc/imx_dsp_rproc.mod.o
  CC [M]  drivers/rpmsg/imx_rpmsg_pingpong.mod.o
  CC [M]  drivers/rpmsg/imx_rpmsg_tty.mod.o
  CC [M]  drivers/rpmsg/rpmsg_char.mod.o
  CC [M]  drivers/rpmsg/rpmsg_ctrl.mod.o
  CC [M]  drivers/rtc/rtc-ds1307.mod.o
  CC [M]  drivers/rtc/rtc-fsl-ftm-alarm.mod.o
  CC [M]  drivers/rtc/rtc-hym8563.mod.o
  CC [M]  drivers/rtc/rtc-m41t80.mod.o
  CC [M]  drivers/rtc/rtc-pcf2127.mod.o
  CC [M]  drivers/rtc/rtc-pcf2131.mod.o
  CC [M]  drivers/rtc/rtc-pcf85363.mod.o
  CC [M]  drivers/rtc/rtc-rk808.mod.o
  CC [M]  drivers/rtc/rtc-rv3028.mod.o
  CC [M]  drivers/rtc/rtc-rv8803.mod.o
  CC [M]  drivers/rtc/rtc-rx8581.mod.o
  CC [M]  drivers/scsi/mpt3sas/mpt3sas.mod.o
  CC [M]  drivers/scsi/raid_class.mod.o
  CC [M]  drivers/slimbus/slim-qcom-ctrl.mod.o
  CC [M]  drivers/slimbus/slimbus.mod.o
  CC [M]  drivers/soundwire/soundwire-bus.mod.o
  CC [M]  drivers/soundwire/soundwire-qcom.mod.o
  CC [M]  drivers/spi/spi-dw-mmio.mod.o
  CC [M]  drivers/spi/spi-dw.mod.o
  CC [M]  drivers/staging/media/imx/imx8-media-dev.mod.o
  CC [M]  drivers/tee/crypto/tee_crypto.mod.o
  CC [M]  drivers/tty/rpmsg_tty.mod.o
  CC [M]  drivers/usb/class/cdc-acm.mod.o
  CC [M]  drivers/usb/gadget/legacy/g_audio.mod.o
  CC [M]  drivers/usb/gadget/legacy/g_ether.mod.o
  CC [M]  drivers/usb/gadget/legacy/g_mass_storage.mod.o
  CC [M]  drivers/usb/gadget/legacy/g_serial.mod.o
  CC [M]  drivers/usb/gadget/legacy/g_zero.mod.o
  CC [M]  drivers/usb/host/xhci-pci-renesas.mod.o
  CC [M]  drivers/usb/host/xhci-pci.mod.o
  CC [M]  drivers/usb/misc/usbtest.mod.o
  CC [M]  drivers/usb/serial/cp210x.mod.o
  CC [M]  drivers/usb/serial/option.mod.o
  CC [M]  drivers/usb/serial/usb_wwan.mod.o
  CC [M]  drivers/usb/typec/hd3ss3220.mod.o
  CC [M]  drivers/usb/typec/tcpm/fusb302.mod.o
  CC [M]  drivers/usb/typec/tipd/tps6598x.mod.o
  CC [M]  drivers/video/backlight/lp855x_bl.mod.o
  CC [M]  drivers/watchdog/sl28cpld_wdt.mod.o
  CC [M]  drivers/xen/xen-pciback/xen-pciback.mod.o
  CC [M]  fs/btrfs/btrfs.mod.o
  CC [M]  fs/fuse/cuse.mod.o
  CC [M]  fs/fuse/fuse.mod.o
  CC [M]  fs/nfs/blocklayout/blocklayoutdriver.mod.o
  CC [M]  fs/overlayfs/overlay.mod.o
  CC [M]  lib/crc-ccitt.mod.o
  CC [M]  lib/crypto/libchacha.mod.o
  CC [M]  lib/crypto/libcurve25519-generic.mod.o
  CC [M]  lib/crypto/libdes.mod.o
  CC [M]  lib/crypto/libpoly1305.mod.o
  CC [M]  lib/raid6/raid6_pq.mod.o
  CC [M]  net/bridge/br_netfilter.mod.o
  CC [M]  net/bridge/netfilter/ebtables.mod.o
  CC [M]  net/can/can-bcm.mod.o
  CC [M]  net/can/can-gw.mod.o
  CC [M]  net/can/can-raw.mod.o
  CC [M]  net/can/can.mod.o
  CC [M]  net/core/pktgen.mod.o
  CC [M]  net/dsa/dsa_core.mod.o
  CC [M]  net/dsa/tag_ocelot.mod.o
  CC [M]  net/dsa/tag_ocelot_8021q.mod.o
  CC [M]  net/dsa/tag_sja1105.mod.o
  CC [M]  net/ipv4/ip_tunnel.mod.o
  CC [M]  net/ipv4/netfilter/ip_tables.mod.o
  CC [M]  net/ipv4/netfilter/ipt_REJECT.mod.o
  CC [M]  net/ipv4/netfilter/iptable_filter.mod.o
  CC [M]  net/ipv4/netfilter/iptable_mangle.mod.o
  CC [M]  net/ipv4/netfilter/iptable_nat.mod.o
  CC [M]  net/ipv4/netfilter/nf_defrag_ipv4.mod.o
  CC [M]  net/ipv4/netfilter/nf_reject_ipv4.mod.o
  CC [M]  net/ipv4/netfilter/nf_socket_ipv4.mod.o
  CC [M]  net/ipv4/netfilter/nf_tproxy_ipv4.mod.o
  CC [M]  net/ipv4/tunnel4.mod.o
  CC [M]  net/ipv6/netfilter/ip6_tables.mod.o
  CC [M]  net/ipv6/netfilter/ip6t_REJECT.mod.o
  CC [M]  net/ipv6/netfilter/ip6table_filter.mod.o
  CC [M]  net/ipv6/netfilter/ip6table_mangle.mod.o
  CC [M]  net/ipv6/netfilter/ip6table_nat.mod.o
  CC [M]  net/ipv6/netfilter/nf_defrag_ipv6.mod.o
  CC [M]  net/ipv6/netfilter/nf_reject_ipv6.mod.o
  CC [M]  net/ipv6/netfilter/nf_socket_ipv6.mod.o
  CC [M]  net/ipv6/netfilter/nf_tproxy_ipv6.mod.o
  CC [M]  net/ipv6/sit.mod.o
  CC [M]  net/netfilter/ipvs/ip_vs.mod.o
  CC [M]  net/netfilter/nf_conntrack.mod.o
  CC [M]  net/netfilter/nf_dup_netdev.mod.o
  CC [M]  net/netfilter/nf_flow_table.mod.o
  CC [M]  net/netfilter/nf_log_syslog.mod.o
  CC [M]  net/netfilter/nf_nat.mod.o
  CC [M]  net/netfilter/nfnetlink_osf.mod.o
  CC [M]  net/netfilter/nft_chain_nat.mod.o
  CC [M]  net/netfilter/nft_compat.mod.o
  CC [M]  net/netfilter/nft_ct.mod.o
  CC [M]  net/netfilter/nft_dup_netdev.mod.o
  CC [M]  net/netfilter/nft_fwd_netdev.mod.o
  CC [M]  net/netfilter/nft_masq.mod.o
  CC [M]  net/netfilter/nft_nat.mod.o
  CC [M]  net/netfilter/x_tables.mod.o
  CC [M]  net/netfilter/xt_CHECKSUM.mod.o
  CC [M]  net/netfilter/xt_LOG.mod.o
  CC [M]  net/netfilter/xt_MASQUERADE.mod.o
  CC [M]  net/netfilter/xt_addrtype.mod.o
  CC [M]  net/netfilter/xt_conntrack.mod.o
  CC [M]  net/netfilter/xt_ipvs.mod.o
  CC [M]  net/netfilter/xt_mark.mod.o
  CC [M]  net/netfilter/xt_nat.mod.o
  CC [M]  net/netfilter/xt_tcpudp.mod.o
  CC [M]  net/nfc/nci/nci.mod.o
  CC [M]  net/nfc/nfc.mod.o
  CC [M]  net/qrtr/qrtr-smd.mod.o
  CC [M]  net/qrtr/qrtr-tun.mod.o
  CC [M]  net/qrtr/qrtr.mod.o
  CC [M]  net/sched/act_gact.mod.o
  CC [M]  net/sched/act_gate.mod.o
  CC [M]  net/sched/act_mirred.mod.o
  CC [M]  net/sched/act_skbedit.mod.o
  CC [M]  net/sched/cls_basic.mod.o
  CC [M]  net/sched/cls_flower.mod.o
  CC [M]  net/sched/cls_u32.mod.o
  CC [M]  net/sched/sch_cbs.mod.o
  CC [M]  net/sched/sch_etf.mod.o
  CC [M]  net/sched/sch_ingress.mod.o
  CC [M]  net/sched/sch_mqprio.mod.o
  CC [M]  net/sched/sch_multiq.mod.o
  CC [M]  net/sched/sch_taprio.mod.o
  CC [M]  net/sunrpc/auth_gss/rpcsec_gss_krb5.mod.o
  CC [M]  samples/rpmsg/rpmsg_client_sample.mod.o
  CC [M]  security/keys/trusted-keys/trusted.mod.o
  CC [M]  sound/core/snd-hwdep.mod.o
  CC [M]  sound/drivers/snd-aloop.mod.o
  CC [M]  sound/soc/codecs/snd-soc-ak4458.mod.o
  CC [M]  sound/soc/codecs/snd-soc-ak4613.mod.o
  CC [M]  sound/soc/codecs/snd-soc-ak5558.mod.o
  CC [M]  sound/soc/codecs/snd-soc-cros-ec-codec.mod.o
  CC [M]  sound/soc/codecs/snd-soc-dmic.mod.o
  CC [M]  sound/soc/codecs/snd-soc-es7134.mod.o
  CC [M]  sound/soc/codecs/snd-soc-es7241.mod.o
  CC [M]  sound/soc/codecs/snd-soc-gtm601.mod.o
  CC [M]  sound/soc/codecs/snd-soc-lpass-macro-common.mod.o
  CC [M]  sound/soc/codecs/snd-soc-lpass-va-macro.mod.o
  CC [M]  sound/soc/codecs/snd-soc-lpass-wsa-macro.mod.o
  CC [M]  sound/soc/codecs/snd-soc-max98357a.mod.o
  CC [M]  sound/soc/codecs/snd-soc-max98927.mod.o
  CC [M]  sound/soc/codecs/snd-soc-msm8916-analog.mod.o
  CC [M]  sound/soc/codecs/snd-soc-msm8916-digital.mod.o
  CC [M]  sound/soc/codecs/snd-soc-pcm186x-i2c.mod.o
  CC [M]  sound/soc/codecs/snd-soc-pcm186x.mod.o
  CC [M]  sound/soc/codecs/snd-soc-pcm3168a-i2c.mod.o
  CC [M]  sound/soc/codecs/snd-soc-pcm3168a.mod.o
  CC [M]  sound/soc/codecs/snd-soc-pcm512x-i2c.mod.o
  CC [M]  sound/soc/codecs/snd-soc-pcm512x.mod.o
  CC [M]  sound/soc/codecs/snd-soc-rl6231.mod.o
  CC [M]  sound/soc/codecs/snd-soc-rpmsg-ak4497.mod.o
  CC [M]  sound/soc/codecs/snd-soc-rpmsg-wm8960-i2c.mod.o
  CC [M]  sound/soc/codecs/snd-soc-rpmsg-wm8960.mod.o
  CC [M]  sound/soc/codecs/snd-soc-rt5659.mod.o
  CC [M]  sound/soc/codecs/snd-soc-sgtl5000.mod.o
  CC [M]  sound/soc/codecs/snd-soc-simple-amplifier.mod.o
  CC [M]  sound/soc/codecs/snd-soc-simple-mux.mod.o
  CC [M]  sound/soc/codecs/snd-soc-spdif-rx.mod.o
  CC [M]  sound/soc/codecs/snd-soc-spdif-tx.mod.o
  CC [M]  sound/soc/codecs/snd-soc-tas571x.mod.o
  CC [M]  sound/soc/codecs/snd-soc-tlv320aic31xx.mod.o
  CC [M]  sound/soc/codecs/snd-soc-tpa6130a2.mod.o
  CC [M]  sound/soc/codecs/snd-soc-wcd-mbhc.mod.o
  CC [M]  sound/soc/codecs/snd-soc-wcd934x.mod.o
  CC [M]  sound/soc/codecs/snd-soc-wm-hubs.mod.o
  CC [M]  sound/soc/codecs/snd-soc-wm8904.mod.o
  CC [M]  sound/soc/codecs/snd-soc-wm8960.mod.o
  CC [M]  sound/soc/codecs/snd-soc-wm8962.mod.o
  CC [M]  sound/soc/codecs/snd-soc-wm8994.mod.o
  CC [M]  sound/soc/codecs/snd-soc-wsa881x.mod.o
  CC [M]  sound/soc/fsl/imx-audio-rpmsg.mod.o
  CC [M]  sound/soc/fsl/imx-pcm-rpmsg.mod.o
  CC [M]  sound/soc/fsl/snd-soc-fsl-asoc-card.mod.o
  CC [M]  sound/soc/fsl/snd-soc-fsl-asrc.mod.o
  CC [M]  sound/soc/fsl/snd-soc-fsl-aud2htx.mod.o
  CC [M]  sound/soc/fsl/snd-soc-fsl-audmix.mod.o
  CC [M]  sound/soc/fsl/snd-soc-fsl-easrc.mod.o
  CC [M]  sound/soc/fsl/snd-soc-fsl-esai.mod.o
  CC [M]  sound/soc/fsl/snd-soc-fsl-micfil.mod.o
  CC [M]  sound/soc/fsl/snd-soc-fsl-mqs.mod.o
  CC [M]  sound/soc/fsl/snd-soc-fsl-rpmsg.mod.o
  CC [M]  sound/soc/fsl/snd-soc-fsl-sai.mod.o
  CC [M]  sound/soc/fsl/snd-soc-fsl-spdif.mod.o
  CC [M]  sound/soc/fsl/snd-soc-fsl-ssi.mod.o
  CC [M]  sound/soc/fsl/snd-soc-fsl-utils.mod.o
  CC [M]  sound/soc/fsl/snd-soc-fsl-xcvr.mod.o
  CC [M]  sound/soc/fsl/snd-soc-imx-audmix.mod.o
  CC [M]  sound/soc/fsl/snd-soc-imx-audmux.mod.o
  CC [M]  sound/soc/fsl/snd-soc-imx-card.mod.o
  CC [M]  sound/soc/fsl/snd-soc-imx-hdmi.mod.o
  CC [M]  sound/soc/fsl/snd-soc-imx-pcm512x.mod.o
  CC [M]  sound/soc/fsl/snd-soc-imx-rpmsg.mod.o
  CC [M]  sound/soc/fsl/snd-soc-imx-sgtl5000.mod.o
  CC [M]  sound/soc/fsl/snd-soc-imx-spdif.mod.o
  CC [M]  sound/soc/sof/imx/imx-common.mod.o
  CC [M]  sound/soc/sof/imx/snd-sof-imx8.mod.o
  CC [M]  sound/soc/sof/imx/snd-sof-imx8m.mod.o
  CC [M]  sound/soc/sof/imx/snd-sof-imx8ulp.mod.o
  CC [M]  sound/soc/sof/snd-sof-of.mod.o
  CC [M]  sound/soc/sof/snd-sof-utils.mod.o
  CC [M]  sound/soc/sof/snd-sof.mod.o
  CC [M]  sound/soc/sof/xtensa/snd-sof-xtensa-dsp.mod.o
  CC [M]  sound/usb/snd-usb-audio.mod.o
  CC [M]  sound/usb/snd-usbmidi-lib.mod.o
  LD [M]  arch/arm64/crypto/aes-neon-blk.ko
  LD [M]  arch/arm64/crypto/aes-neon-bs.ko
  LD [M]  arch/arm64/crypto/chacha-neon.ko
  LD [M]  arch/arm64/crypto/crct10dif-ce.ko
  LD [M]  arch/arm64/crypto/polyval-ce.ko
  LD [M]  arch/arm64/crypto/sha3-ce.ko
  LD [M]  arch/arm64/crypto/sha512-arm64.ko
  LD [M]  arch/arm64/crypto/sha512-ce.ko
  LD [M]  arch/arm64/crypto/sm3-ce.ko
  LD [M]  arch/arm64/lib/xor-neon.ko
  LD [M]  crypto/af_alg.ko
  LD [M]  crypto/algif_aead.ko
  LD [M]  crypto/algif_hash.ko
  LD [M]  crypto/algif_rng.ko
  LD [M]  crypto/algif_skcipher.ko
  LD [M]  crypto/anubis.ko
  LD [M]  crypto/arc4.ko
  LD [M]  crypto/aria_generic.ko
  LD [M]  crypto/authenc.ko
  LD [M]  crypto/authencesn.ko
  LD [M]  crypto/blake2b_generic.ko
  LD [M]  crypto/blowfish_common.ko
  LD [M]  crypto/blowfish_generic.ko
  LD [M]  crypto/cast5_generic.ko
  LD [M]  crypto/camellia_generic.ko
  LD [M]  crypto/cast6_generic.ko
  LD [M]  crypto/cast_common.ko
  LD [M]  crypto/cbc.ko
  LD [M]  crypto/cfb.ko
  LD [M]  crypto/chacha20poly1305.ko
  LD [M]  crypto/chacha_generic.ko
  LD [M]  crypto/crypto_engine.ko
  LD [M]  crypto/cts.ko
  LD [M]  crypto/curve25519-generic.ko
  LD [M]  crypto/des_generic.ko
  LD [M]  crypto/dh_generic.ko
  LD [M]  crypto/essiv.ko
  LD [M]  crypto/fcrypt.ko
  LD [M]  crypto/khazad.ko
  LD [M]  crypto/lrw.ko
  LD [M]  crypto/md4.ko
  LD [M]  crypto/md5.ko
  LD [M]  crypto/ofb.ko
  LD [M]  crypto/pcbc.ko
  LD [M]  crypto/poly1305_generic.ko
  LD [M]  crypto/polyval-generic.ko
  LD [M]  crypto/rmd160.ko
  LD [M]  crypto/seed.ko
  LD [M]  crypto/serpent_generic.ko
  LD [M]  crypto/sha3_generic.ko
  LD [M]  crypto/sm3.ko
  LD [M]  crypto/sm3_generic.ko
  LD [M]  crypto/sm4.ko
  LD [M]  crypto/sm4_generic.ko
  LD [M]  crypto/streebog_generic.ko
  LD [M]  crypto/tcrypt.ko
  LD [M]  crypto/tea.ko
  LD [M]  crypto/tls.ko
  LD [M]  crypto/twofish_common.ko
  LD [M]  crypto/twofish_generic.ko
  LD [M]  crypto/vmac.ko
  LD [M]  crypto/wp512.ko
  LD [M]  crypto/xcbc.ko
  LD [M]  crypto/xor.ko
  LD [M]  crypto/xts.ko
  LD [M]  crypto/xxhash_generic.ko
  LD [M]  drivers/base/regmap/regmap-sdw.ko
  LD [M]  drivers/base/regmap/regmap-slimbus.ko
  LD [M]  drivers/base/regmap/regmap-spmi.ko
  LD [M]  drivers/block/nbd.ko
  LD [M]  drivers/block/xen-blkback/xen-blkback.ko
  LD [M]  drivers/bluetooth/btintel.ko
  LD [M]  drivers/bluetooth/btnxpuart.ko
  LD [M]  drivers/bluetooth/btrtl.ko
  LD [M]  drivers/bluetooth/btusb.ko
  LD [M]  drivers/char/ipmi/ipmi_devintf.ko
  LD [M]  drivers/char/ipmi/ipmi_msghandler.ko
  LD [M]  drivers/char/ipmi/ipmi_si.ko
  LD [M]  drivers/cpufreq/cppc_cpufreq.ko
  LD [M]  drivers/crypto/amlogic/amlogic-gxl-crypto.ko
  LD [M]  drivers/crypto/caam/caam.ko
  LD [M]  drivers/crypto/caam/caam_jr.ko
  LD [M]  drivers/crypto/caam/caamalg_desc.ko
  LD [M]  drivers/crypto/caam/caamhash_desc.ko
  LD [M]  drivers/crypto/caam/caamkeyblob_desc.ko
  LD [M]  drivers/crypto/caam/dpaa2_caam.ko
  LD [M]  drivers/crypto/caam/error.ko
  LD [M]  drivers/crypto/caam/fsl_jr_uio.ko
  LD [M]  drivers/crypto/caam/secvio.ko
  LD [M]  drivers/crypto/caam/sm_test.ko
  LD [M]  drivers/crypto/ccree/ccree.ko
  LD [M]  drivers/crypto/hisilicon/hisi_qm.ko
  LD [M]  drivers/crypto/hisilicon/hpre/hisi_hpre.ko
  LD [M]  drivers/crypto/hisilicon/sec2/hisi_sec2.ko
  LD [M]  drivers/crypto/hisilicon/trng/hisi-trng-v2.ko
  LD [M]  drivers/crypto/hisilicon/zip/hisi_zip.ko
  LD [M]  drivers/dma/bcm-sba-raid.ko
  LD [M]  drivers/dma/fsl-dpaa2-qdma/dpaa2-qdma.ko
  LD [M]  drivers/dma/fsl-qdma.ko
  LD [M]  drivers/dma/fsl-dpaa2-qdma/dpdmai.ko
  LD [M]  drivers/edac/layerscape_edac_mod.ko
  LD [M]  drivers/extcon/extcon-ptn5150.ko
  LD [M]  drivers/fpga/altera-freeze-bridge.ko
  LD [M]  drivers/fpga/fpga-bridge.ko
  LD [M]  drivers/fpga/fpga-region.ko
  LD [M]  drivers/fpga/of-fpga-region.ko
  LD [M]  drivers/gnss/gnss-mtk.ko
  LD [M]  drivers/gnss/gnss-serial.ko
  LD [M]  drivers/gnss/gnss.ko
  LD [M]  drivers/gpio/gpio-altera.ko
  LD [M]  drivers/gpio/gpio-bd9571mwv.ko
  LD [M]  drivers/gpio/gpio-regmap.ko
  LD [M]  drivers/gpio/gpio-sl28cpld.ko
  LD [M]  drivers/gpio/gpio-wcd934x.ko
  LD [M]  drivers/gpu/drm/arm/mali-dp.ko
  LD [M]  drivers/gpu/drm/bridge/display-connector.ko
  LD [M]  drivers/gpu/drm/bridge/lontium-lt8912b.ko
  LD [M]  drivers/gpu/drm/bridge/lontium-lt9611.ko
  LD [M]  drivers/gpu/drm/bridge/lontium-lt9611uxc.ko
  LD [M]  drivers/gpu/drm/bridge/parade-ps8640.ko
  LD [M]  drivers/gpu/drm/bridge/sii902x.ko
  LD [M]  drivers/gpu/drm/bridge/simple-bridge.ko
  LD [M]  drivers/gpu/drm/bridge/synopsys/dw-hdmi-ahb-audio.ko
  LD [M]  drivers/gpu/drm/bridge/synopsys/dw-hdmi-cec.ko
  LD [M]  drivers/gpu/drm/bridge/synopsys/dw-hdmi-i2s-audio.ko
  LD [M]  drivers/gpu/drm/bridge/thc63lvd1024.ko
  LD [M]  drivers/gpu/drm/bridge/ti-sn65dsi86.ko
  LD [M]  drivers/gpu/drm/display/drm_dp_aux_bus.ko
  LD [M]  drivers/gpu/drm/drm_shmem_helper.ko
  LD [M]  drivers/gpu/drm/drm_ttm_helper.ko
  LD [M]  drivers/gpu/drm/drm_vram_helper.ko
  LD [M]  drivers/gpu/drm/etnaviv/etnaviv.ko
  LD [M]  drivers/gpu/drm/hisilicon/hibmc/hibmc-drm.ko
  LD [M]  drivers/gpu/drm/hisilicon/kirin/dw_drm_dsi.ko
  LD [M]  drivers/gpu/drm/hisilicon/kirin/kirin-drm.ko
  LD [M]  drivers/gpu/drm/i2c/ch7006.ko
  LD [M]  drivers/gpu/drm/i2c/sil164.ko
  LD [M]  drivers/gpu/drm/i2c/tda998x.ko
  LD [M]  drivers/gpu/drm/lima/lima.ko
  LD [M]  drivers/gpu/drm/nouveau/nouveau.ko
  LD [M]  drivers/gpu/drm/panel/panel-boe-tv101wum-nl6.ko
  LD [M]  drivers/gpu/drm/panel/panel-lvds.ko
  LD [M]  drivers/gpu/drm/panel/panel-mantix-mlaf057we51.ko
  LD [M]  drivers/gpu/drm/panel/panel-sitronix-st7703.ko
  LD [M]  drivers/gpu/drm/panel/panel-truly-nt35597.ko
  LD [M]  drivers/gpu/drm/pl111/pl111_drm.ko
  LD [M]  drivers/gpu/drm/panfrost/panfrost.ko
  LD [M]  drivers/gpu/drm/rcar-du/rcar_dw_hdmi.ko
  LD [M]  drivers/gpu/drm/scheduler/gpu-sched.ko
  LD [M]  drivers/gpu/drm/ttm/ttm.ko
  LD [M]  drivers/hid/hid-multitouch.ko
  LD [M]  drivers/hid/i2c-hid/i2c-hid-acpi.ko
  LD [M]  drivers/hid/i2c-hid/i2c-hid-of.ko
  LD [M]  drivers/hid/i2c-hid/i2c-hid.ko
  LD [M]  drivers/hwmon/ina2xx.ko
  LD [M]  drivers/hwmon/ina3221.ko
  LD [M]  drivers/hwmon/lm90.ko
  LD [M]  drivers/hwmon/pwm-fan.ko
  LD [M]  drivers/hwmon/sl28cpld-hwmon.ko
  LD [M]  drivers/hwtracing/coresight/coresight-catu.ko
  LD [M]  drivers/hwtracing/coresight/coresight-cpu-debug.ko
  LD [M]  drivers/hwtracing/coresight/coresight-cti.ko
  LD [M]  drivers/hwtracing/coresight/coresight-etb10.ko
  LD [M]  drivers/hwtracing/coresight/coresight-stm.ko
  LD [M]  drivers/hwtracing/coresight/coresight-tpiu.ko
  LD [M]  drivers/hwtracing/stm/stm_core.ko
  LD [M]  drivers/i2c/busses/i2c-gpio.ko
  LD [M]  drivers/iio/accel/fxls8962af-core.ko
  LD [M]  drivers/iio/accel/fxls8962af-i2c.ko
  LD [M]  drivers/iio/accel/st_accel.ko
  LD [M]  drivers/iio/accel/st_accel_i2c.ko
  LD [M]  drivers/iio/accel/st_accel_spi.ko
  LD [M]  drivers/iio/adc/max9611.ko
  LD [M]  drivers/iio/adc/qcom-spmi-adc5.ko
  LD [M]  drivers/iio/adc/qcom-spmi-vadc.ko
  LD [M]  drivers/iio/adc/qcom-vadc-common.ko
  LD [M]  drivers/iio/common/cros_ec_sensors/cros_ec_sensors.ko
  LD [M]  drivers/iio/common/cros_ec_sensors/cros_ec_sensors_core.ko
  LD [M]  drivers/iio/common/st_sensors/st_sensors.ko
  LD [M]  drivers/iio/common/st_sensors/st_sensors_i2c.ko
  LD [M]  drivers/iio/common/st_sensors/st_sensors_spi.ko
  LD [M]  drivers/iio/gyro/st_gyro.ko
  LD [M]  drivers/iio/gyro/st_gyro_i2c.ko
  LD [M]  drivers/iio/gyro/st_gyro_spi.ko
  LD [M]  drivers/iio/imu/inv_mpu6050/inv-mpu6050-i2c.ko
  LD [M]  drivers/iio/imu/inv_mpu6050/inv-mpu6050.ko
  LD [M]  drivers/iio/imu/rpmsg_iio_pedometer.ko
  LD [M]  drivers/iio/light/cros_ec_light_prox.ko
  LD [M]  drivers/iio/light/vcnl4000.ko
  LD [M]  drivers/iio/light/vcnl4035.ko
  LD [M]  drivers/iio/magnetometer/st_magn.ko
  LD [M]  drivers/iio/magnetometer/st_magn_i2c.ko
  LD [M]  drivers/iio/magnetometer/st_magn_spi.ko
  LD [M]  drivers/iio/pressure/cros_ec_baro.ko
  LD [M]  drivers/iio/pressure/ms5611_core.ko
  LD [M]  drivers/iio/pressure/ms5611_i2c.ko
  LD [M]  drivers/input/keyboard/adc-keys.ko
  LD [M]  drivers/input/misc/pwm-vibra.ko
  LD [M]  drivers/input/misc/pwm-beeper.ko
  LD [M]  drivers/input/touchscreen/edt-ft5x06.ko
  LD [M]  drivers/input/touchscreen/atmel_mxt_ts.ko
  LD [M]  drivers/input/touchscreen/exc3000.ko
  LD [M]  drivers/input/touchscreen/goodix_ts.ko
  LD [M]  drivers/input/touchscreen/synaptics_dsx/synaptics_dsx_i2c.ko
  LD [M]  drivers/irqchip/irq-imx-mu-msi.ko
  LD [M]  drivers/leds/led-class-multicolor.ko
  LD [M]  drivers/leds/leds-lm3692x.ko
  LD [M]  drivers/leds/leds-pca9532.ko
  LD [M]  drivers/leds/leds-pca995x.ko
  LD [M]  drivers/md/dm-crypt.ko
  LD [M]  drivers/md/dm-log.ko
  LD [M]  drivers/md/dm-mirror.ko
  LD [M]  drivers/md/dm-mod.ko
  LD [M]  drivers/md/dm-region-hash.ko
  LD [M]  drivers/md/dm-zero.ko
  LD [M]  drivers/md/md-mod.ko
  LD [M]  drivers/media/dvb-frontends/a8293.ko
  LD [M]  drivers/media/dvb-frontends/af9033.ko
  LD [M]  drivers/media/dvb-frontends/af9013.ko
  LD [M]  drivers/media/dvb-frontends/ascot2e.ko
  LD [M]  drivers/media/dvb-frontends/atbm8830.ko
  LD [M]  drivers/media/dvb-frontends/au8522_common.ko
  LD [M]  drivers/media/dvb-frontends/au8522_decoder.ko
  LD [M]  drivers/media/dvb-frontends/au8522_dig.ko
  LD [M]  drivers/media/dvb-frontends/bcm3510.ko
  LD [M]  drivers/media/dvb-frontends/cx22700.ko
  LD [M]  drivers/media/dvb-frontends/cx22702.ko
  LD [M]  drivers/media/dvb-frontends/cx24110.ko
  LD [M]  drivers/media/dvb-frontends/cx24113.ko
  LD [M]  drivers/media/dvb-frontends/cx24116.ko
  LD [M]  drivers/media/dvb-frontends/cx24117.ko
  LD [M]  drivers/media/dvb-frontends/cx24120.ko
  LD [M]  drivers/media/dvb-frontends/cx24123.ko
  LD [M]  drivers/media/dvb-frontends/cxd2099.ko
  LD [M]  drivers/media/dvb-frontends/cxd2820r.ko
  LD [M]  drivers/media/dvb-frontends/cxd2841er.ko
  LD [M]  drivers/media/dvb-frontends/cxd2880/cxd2880.ko
  LD [M]  drivers/media/dvb-frontends/dib0070.ko
  LD [M]  drivers/media/dvb-frontends/dib0090.ko
  LD [M]  drivers/media/dvb-frontends/dib3000mb.ko
  LD [M]  drivers/media/dvb-frontends/dib3000mc.ko
  LD [M]  drivers/media/dvb-frontends/dib7000m.ko
  LD [M]  drivers/media/dvb-frontends/dib7000p.ko
  LD [M]  drivers/media/dvb-frontends/dib8000.ko
  LD [M]  drivers/media/dvb-frontends/dib9000.ko
  LD [M]  drivers/media/dvb-frontends/dibx000_common.ko
  LD [M]  drivers/media/dvb-frontends/drx39xyj/drx39xyj.ko
  LD [M]  drivers/media/dvb-frontends/drxd.ko
  LD [M]  drivers/media/dvb-frontends/drxk.ko
  LD [M]  drivers/media/dvb-frontends/ds3000.ko
  LD [M]  drivers/media/dvb-frontends/dvb-pll.ko
  LD [M]  drivers/media/dvb-frontends/ec100.ko
  LD [M]  drivers/media/dvb-frontends/helene.ko
  LD [M]  drivers/media/dvb-frontends/horus3a.ko
  LD [M]  drivers/media/dvb-frontends/isl6405.ko
  LD [M]  drivers/media/dvb-frontends/isl6421.ko
  LD [M]  drivers/media/dvb-frontends/isl6423.ko
  LD [M]  drivers/media/dvb-frontends/itd1000.ko
  LD [M]  drivers/media/dvb-frontends/ix2505v.ko
  LD [M]  drivers/media/dvb-frontends/l64781.ko
  LD [M]  drivers/media/dvb-frontends/lg2160.ko
  LD [M]  drivers/media/dvb-frontends/lgdt3305.ko
  LD [M]  drivers/media/dvb-frontends/lgdt3306a.ko
  LD [M]  drivers/media/dvb-frontends/lgdt330x.ko
  LD [M]  drivers/media/dvb-frontends/lgs8gl5.ko
  LD [M]  drivers/media/dvb-frontends/lgs8gxx.ko
  LD [M]  drivers/media/dvb-frontends/lnbh25.ko
  LD [M]  drivers/media/dvb-frontends/lnbh29.ko
  LD [M]  drivers/media/dvb-frontends/lnbp21.ko
  LD [M]  drivers/media/dvb-frontends/lnbp22.ko
  LD [M]  drivers/media/dvb-frontends/m88ds3103.ko
  LD [M]  drivers/media/dvb-frontends/m88rs2000.ko
  LD [M]  drivers/media/dvb-frontends/mb86a16.ko
  LD [M]  drivers/media/dvb-frontends/mb86a20s.ko
  LD [M]  drivers/media/dvb-frontends/mn88443x.ko
  LD [M]  drivers/media/dvb-frontends/mn88472.ko
  LD [M]  drivers/media/dvb-frontends/mn88473.ko
  LD [M]  drivers/media/dvb-frontends/mt312.ko
  LD [M]  drivers/media/dvb-frontends/mt352.ko
  LD [M]  drivers/media/dvb-frontends/mxl5xx.ko
  LD [M]  drivers/media/dvb-frontends/mxl692.ko
  LD [M]  drivers/media/dvb-frontends/nxt200x.ko
  LD [M]  drivers/media/dvb-frontends/nxt6000.ko
  LD [M]  drivers/media/dvb-frontends/or51132.ko
  LD [M]  drivers/media/dvb-frontends/or51211.ko
  LD [M]  drivers/media/dvb-frontends/rtl2830.ko
  LD [M]  drivers/media/dvb-frontends/rtl2832.ko
  LD [M]  drivers/media/dvb-frontends/rtl2832_sdr.ko
  LD [M]  drivers/media/dvb-frontends/s5h1409.ko
  LD [M]  drivers/media/dvb-frontends/s5h1411.ko
  LD [M]  drivers/media/dvb-frontends/s5h1420.ko
  LD [M]  drivers/media/dvb-frontends/s5h1432.ko
  LD [M]  drivers/media/dvb-frontends/s921.ko
  LD [M]  drivers/media/dvb-frontends/si2165.ko
  LD [M]  drivers/media/dvb-frontends/si2168.ko
  LD [M]  drivers/media/dvb-frontends/si21xx.ko
  LD [M]  drivers/media/dvb-frontends/sp2.ko
  LD [M]  drivers/media/dvb-frontends/sp887x.ko
  LD [M]  drivers/media/dvb-frontends/stb0899.ko
  LD [M]  drivers/media/dvb-frontends/stb6000.ko
  LD [M]  drivers/media/dvb-frontends/stb6100.ko
  LD [M]  drivers/media/dvb-frontends/stv0288.ko
  LD [M]  drivers/media/dvb-frontends/stv0297.ko
  LD [M]  drivers/media/dvb-frontends/stv0299.ko
  LD [M]  drivers/media/dvb-frontends/stv0367.ko
  LD [M]  drivers/media/dvb-frontends/stv0900.ko
  LD [M]  drivers/media/dvb-frontends/stv090x.ko
  LD [M]  drivers/media/dvb-frontends/stv0910.ko
  LD [M]  drivers/media/dvb-frontends/stv6110.ko
  LD [M]  drivers/media/dvb-frontends/stv6110x.ko
  LD [M]  drivers/media/dvb-frontends/stv6111.ko
  LD [M]  drivers/media/dvb-frontends/tc90522.ko
  LD [M]  drivers/media/dvb-frontends/tda10021.ko
  LD [M]  drivers/media/dvb-frontends/tda10023.ko
  LD [M]  drivers/media/dvb-frontends/tda10048.ko
  LD [M]  drivers/media/dvb-frontends/tda1004x.ko
  LD [M]  drivers/media/dvb-frontends/tda10071.ko
  LD [M]  drivers/media/dvb-frontends/tda10086.ko
  LD [M]  drivers/media/dvb-frontends/tda18271c2dd.ko
  LD [M]  drivers/media/dvb-frontends/tda665x.ko
  LD [M]  drivers/media/dvb-frontends/tda8083.ko
  LD [M]  drivers/media/dvb-frontends/tda8261.ko
  LD [M]  drivers/media/dvb-frontends/tda826x.ko
  LD [M]  drivers/media/dvb-frontends/ts2020.ko
  LD [M]  drivers/media/dvb-frontends/tua6100.ko
  LD [M]  drivers/media/dvb-frontends/ves1820.ko
  LD [M]  drivers/media/dvb-frontends/ves1x93.ko
  LD [M]  drivers/media/dvb-frontends/zd1301_demod.ko
  LD [M]  drivers/media/dvb-frontends/zl10036.ko
  LD [M]  drivers/media/dvb-frontends/zl10039.ko
  LD [M]  drivers/media/dvb-frontends/zl10353.ko
  LD [M]  drivers/media/i2c/imx219.ko
  LD [M]  drivers/media/i2c/ir-kbd-i2c.ko
  LD [M]  drivers/media/i2c/ov5645.ko
  LD [M]  drivers/media/platform/nxp/imx-jpeg/mxc-jpeg-encdec.ko
  LD [M]  drivers/media/platform/verisilicon/hantro-vpu.ko
  LD [M]  drivers/media/rc/gpio-ir-recv.ko
  LD [M]  drivers/media/rc/ir-imon-decoder.ko
  LD [M]  drivers/media/rc/ir-jvc-decoder.ko
  LD [M]  drivers/media/rc/ir-mce_kbd-decoder.ko
  LD [M]  drivers/media/rc/ir-nec-decoder.ko
  LD [M]  drivers/media/rc/ir-rc5-decoder.ko
  LD [M]  drivers/media/rc/ir-rc6-decoder.ko
  LD [M]  drivers/media/rc/ir-rcmm-decoder.ko
  LD [M]  drivers/media/rc/ir-sanyo-decoder.ko
  LD [M]  drivers/media/rc/ir-sharp-decoder.ko
  LD [M]  drivers/media/rc/ir-sony-decoder.ko
  LD [M]  drivers/media/rc/ir-xmp-decoder.ko
  LD [M]  drivers/media/rc/keymaps/rc-adstech-dvb-t-pci.ko
  LD [M]  drivers/media/rc/keymaps/rc-alink-dtu-m.ko
  LD [M]  drivers/media/rc/keymaps/rc-anysee.ko
  LD [M]  drivers/media/rc/keymaps/rc-apac-viewcomp.ko
  LD [M]  drivers/media/rc/keymaps/rc-astrometa-t2hybrid.ko
  LD [M]  drivers/media/rc/keymaps/rc-asus-pc39.ko
  LD [M]  drivers/media/rc/keymaps/rc-asus-ps3-100.ko
  LD [M]  drivers/media/rc/keymaps/rc-ati-tv-wonder-hd-600.ko
  LD [M]  drivers/media/rc/keymaps/rc-ati-x10.ko
  LD [M]  drivers/media/rc/keymaps/rc-avermedia-a16d.ko
  LD [M]  drivers/media/rc/keymaps/rc-avermedia-cardbus.ko
  LD [M]  drivers/media/rc/keymaps/rc-avermedia-dvbt.ko
  LD [M]  drivers/media/rc/keymaps/rc-avermedia-m135a.ko
  LD [M]  drivers/media/rc/keymaps/rc-avermedia-m733a-rm-k6.ko
  LD [M]  drivers/media/rc/keymaps/rc-avermedia-rm-ks.ko
  LD [M]  drivers/media/rc/keymaps/rc-avermedia.ko
  LD [M]  drivers/media/rc/keymaps/rc-avertv-303.ko
  LD [M]  drivers/media/rc/keymaps/rc-azurewave-ad-tu700.ko
  LD [M]  drivers/media/rc/keymaps/rc-beelink-gs1.ko
  LD [M]  drivers/media/rc/keymaps/rc-behold-columbus.ko
  LD [M]  drivers/media/rc/keymaps/rc-behold.ko
  LD [M]  drivers/media/rc/keymaps/rc-budget-ci-old.ko
  LD [M]  drivers/media/rc/keymaps/rc-cinergy-1400.ko
  LD [M]  drivers/media/rc/keymaps/rc-cinergy.ko
  LD [M]  drivers/media/rc/keymaps/rc-ct-90405.ko
  LD [M]  drivers/media/rc/keymaps/rc-d680-dmb.ko
  LD [M]  drivers/media/rc/keymaps/rc-delock-61959.ko
  LD [M]  drivers/media/rc/keymaps/rc-dib0700-nec.ko
  LD [M]  drivers/media/rc/keymaps/rc-dib0700-rc5.ko
  LD [M]  drivers/media/rc/keymaps/rc-digitalnow-tinytwin.ko
  LD [M]  drivers/media/rc/keymaps/rc-digittrade.ko
  LD [M]  drivers/media/rc/keymaps/rc-dm1105-nec.ko
  LD [M]  drivers/media/rc/keymaps/rc-dntv-live-dvb-t.ko
  LD [M]  drivers/media/rc/keymaps/rc-dntv-live-dvbt-pro.ko
  LD [M]  drivers/media/rc/keymaps/rc-dtt200u.ko
  LD [M]  drivers/media/rc/keymaps/rc-dvbsky.ko
  LD [M]  drivers/media/rc/keymaps/rc-dvico-mce.ko
  LD [M]  drivers/media/rc/keymaps/rc-dvico-portable.ko
  LD [M]  drivers/media/rc/keymaps/rc-em-terratec.ko
  LD [M]  drivers/media/rc/keymaps/rc-encore-enltv-fm53.ko
  LD [M]  drivers/media/rc/keymaps/rc-encore-enltv.ko
  LD [M]  drivers/media/rc/keymaps/rc-encore-enltv2.ko
  LD [M]  drivers/media/rc/keymaps/rc-evga-indtube.ko
  LD [M]  drivers/media/rc/keymaps/rc-eztv.ko
  LD [M]  drivers/media/rc/keymaps/rc-flydvb.ko
  LD [M]  drivers/media/rc/keymaps/rc-flyvideo.ko
  LD [M]  drivers/media/rc/keymaps/rc-fusionhdtv-mce.ko
  LD [M]  drivers/media/rc/keymaps/rc-gadmei-rm008z.ko
  LD [M]  drivers/media/rc/keymaps/rc-geekbox.ko
  LD [M]  drivers/media/rc/keymaps/rc-genius-tvgo-a11mce.ko
  LD [M]  drivers/media/rc/keymaps/rc-gotview7135.ko
  LD [M]  drivers/media/rc/keymaps/rc-hauppauge.ko
  LD [M]  drivers/media/rc/keymaps/rc-hisi-poplar.ko
  LD [M]  drivers/media/rc/keymaps/rc-hisi-tv-demo.ko
  LD [M]  drivers/media/rc/keymaps/rc-imon-mce.ko
  LD [M]  drivers/media/rc/keymaps/rc-imon-pad.ko
  LD [M]  drivers/media/rc/keymaps/rc-imon-rsc.ko
  LD [M]  drivers/media/rc/keymaps/rc-iodata-bctv7e.ko
  LD [M]  drivers/media/rc/keymaps/rc-it913x-v1.ko
  LD [M]  drivers/media/rc/keymaps/rc-it913x-v2.ko
  LD [M]  drivers/media/rc/keymaps/rc-kaiomy.ko
  LD [M]  drivers/media/rc/keymaps/rc-khadas.ko
  LD [M]  drivers/media/rc/keymaps/rc-khamsin.ko
  LD [M]  drivers/media/rc/keymaps/rc-kworld-315u.ko
  LD [M]  drivers/media/rc/keymaps/rc-kworld-pc150u.ko
  LD [M]  drivers/media/rc/keymaps/rc-kworld-plus-tv-analog.ko
  LD [M]  drivers/media/rc/keymaps/rc-leadtek-y04g0051.ko
  LD [M]  drivers/media/rc/keymaps/rc-lme2510.ko
  LD [M]  drivers/media/rc/keymaps/rc-manli.ko
  LD [M]  drivers/media/rc/keymaps/rc-mecool-kii-pro.ko
  LD [M]  drivers/media/rc/keymaps/rc-mecool-kiii-pro.ko
  LD [M]  drivers/media/rc/keymaps/rc-medion-x10-digitainer.ko
  LD [M]  drivers/media/rc/keymaps/rc-medion-x10-or2x.ko
  LD [M]  drivers/media/rc/keymaps/rc-medion-x10.ko
  LD [M]  drivers/media/rc/keymaps/rc-minix-neo.ko
  LD [M]  drivers/media/rc/keymaps/rc-msi-digivox-ii.ko
  LD [M]  drivers/media/rc/keymaps/rc-msi-digivox-iii.ko
  LD [M]  drivers/media/rc/keymaps/rc-msi-tvanywhere-plus.ko
  LD [M]  drivers/media/rc/keymaps/rc-msi-tvanywhere.ko
  LD [M]  drivers/media/rc/keymaps/rc-nebula.ko
  LD [M]  drivers/media/rc/keymaps/rc-nec-terratec-cinergy-xs.ko
  LD [M]  drivers/media/rc/keymaps/rc-norwood.ko
  LD [M]  drivers/media/rc/keymaps/rc-npgtech.ko
  LD [M]  drivers/media/rc/keymaps/rc-odroid.ko
  LD [M]  drivers/media/rc/keymaps/rc-pctv-sedna.ko
  LD [M]  drivers/media/rc/keymaps/rc-pine64.ko
  LD [M]  drivers/media/rc/keymaps/rc-pinnacle-color.ko
  LD [M]  drivers/media/rc/keymaps/rc-pinnacle-grey.ko
  LD [M]  drivers/media/rc/keymaps/rc-pinnacle-pctv-hd.ko
  LD [M]  drivers/media/rc/keymaps/rc-pixelview-002t.ko
  LD [M]  drivers/media/rc/keymaps/rc-pixelview-mk12.ko
  LD [M]  drivers/media/rc/keymaps/rc-pixelview-new.ko
  LD [M]  drivers/media/rc/keymaps/rc-pixelview.ko
  LD [M]  drivers/media/rc/keymaps/rc-powercolor-real-angel.ko
  LD [M]  drivers/media/rc/keymaps/rc-proteus-2309.ko
  LD [M]  drivers/media/rc/keymaps/rc-purpletv.ko
  LD [M]  drivers/media/rc/keymaps/rc-pv951.ko
  LD [M]  drivers/media/rc/keymaps/rc-rc6-mce.ko
  LD [M]  drivers/media/rc/keymaps/rc-real-audio-220-32-keys.ko
  LD [M]  drivers/media/rc/keymaps/rc-reddo.ko
  LD [M]  drivers/media/rc/keymaps/rc-snapstream-firefly.ko
  LD [M]  drivers/media/rc/keymaps/rc-streamzap.ko
  LD [M]  drivers/media/rc/keymaps/rc-su3000.ko
  LD [M]  drivers/media/rc/keymaps/rc-tanix-tx3mini.ko
  LD [M]  drivers/media/rc/keymaps/rc-tanix-tx5max.ko
  LD [M]  drivers/media/rc/keymaps/rc-tbs-nec.ko
  LD [M]  drivers/media/rc/keymaps/rc-technisat-ts35.ko
  LD [M]  drivers/media/rc/keymaps/rc-technisat-usb2.ko
  LD [M]  drivers/media/rc/keymaps/rc-terratec-cinergy-c-pci.ko
  LD [M]  drivers/media/rc/keymaps/rc-terratec-cinergy-s2-hd.ko
  LD [M]  drivers/media/rc/keymaps/rc-terratec-cinergy-xs.ko
  LD [M]  drivers/media/rc/keymaps/rc-terratec-slim-2.ko
  LD [M]  drivers/media/rc/keymaps/rc-terratec-slim.ko
  LD [M]  drivers/media/rc/keymaps/rc-tevii-nec.ko
  LD [M]  drivers/media/rc/keymaps/rc-tivo.ko
  LD [M]  drivers/media/rc/keymaps/rc-total-media-in-hand-02.ko
  LD [M]  drivers/media/rc/keymaps/rc-total-media-in-hand.ko
  LD [M]  drivers/media/rc/keymaps/rc-trekstor.ko
  LD [M]  drivers/media/rc/keymaps/rc-tt-1500.ko
  LD [M]  drivers/media/rc/keymaps/rc-twinhan-dtv-cab-ci.ko
  LD [M]  drivers/media/rc/keymaps/rc-twinhan1027.ko
  LD [M]  drivers/media/rc/keymaps/rc-vega-s9x.ko
  LD [M]  drivers/media/rc/keymaps/rc-videomate-m1f.ko
  LD [M]  drivers/media/rc/keymaps/rc-videomate-s350.ko
  LD [M]  drivers/media/rc/keymaps/rc-videomate-tv-pvr.ko
  LD [M]  drivers/media/rc/keymaps/rc-videostrong-kii-pro.ko
  LD [M]  drivers/media/rc/keymaps/rc-wetek-hub.ko
  LD [M]  drivers/media/rc/keymaps/rc-wetek-play2.ko
  LD [M]  drivers/media/rc/keymaps/rc-winfast-usbii-deluxe.ko
  LD [M]  drivers/media/rc/keymaps/rc-winfast.ko
  LD [M]  drivers/media/rc/keymaps/rc-x96max.ko
  LD [M]  drivers/media/rc/keymaps/rc-xbox-360.ko
  LD [M]  drivers/media/rc/keymaps/rc-xbox-dvd.ko
  LD [M]  drivers/media/rc/keymaps/rc-zx-irdec.ko
  LD [M]  drivers/media/rc/rc-core.ko
  LD [M]  drivers/media/spi/cxd2880-spi.ko
  LD [M]  drivers/media/tuners/e4000.ko
  LD [M]  drivers/media/tuners/fc0011.ko
  LD [M]  drivers/media/tuners/fc0012.ko
  LD [M]  drivers/media/tuners/fc0013.ko
  LD [M]  drivers/media/tuners/fc2580.ko
  LD [M]  drivers/media/tuners/it913x.ko
  LD [M]  drivers/media/tuners/m88rs6000t.ko
  LD [M]  drivers/media/tuners/max2165.ko
  LD [M]  drivers/media/tuners/mc44s803.ko
  LD [M]  drivers/media/tuners/msi001.ko
  LD [M]  drivers/media/tuners/mt2060.ko
  LD [M]  drivers/media/tuners/mt2063.ko
  LD [M]  drivers/media/tuners/mt20xx.ko
  LD [M]  drivers/media/tuners/mt2131.ko
  LD [M]  drivers/media/tuners/mt2266.ko
  LD [M]  drivers/media/tuners/mxl301rf.ko
  LD [M]  drivers/media/tuners/mxl5005s.ko
  LD [M]  drivers/media/tuners/mxl5007t.ko
  LD [M]  drivers/media/tuners/qm1d1b0004.ko
  LD [M]  drivers/media/tuners/qm1d1c0042.ko
  LD [M]  drivers/media/tuners/qt1010.ko
  LD [M]  drivers/media/tuners/r820t.ko
  LD [M]  drivers/media/tuners/si2157.ko
  LD [M]  drivers/media/tuners/tda18212.ko
  LD [M]  drivers/media/tuners/tda18218.ko
  LD [M]  drivers/media/tuners/tda18250.ko
  LD [M]  drivers/media/tuners/tda18271.ko
  LD [M]  drivers/media/tuners/tda827x.ko
  LD [M]  drivers/media/tuners/tda8290.ko
  LD [M]  drivers/media/tuners/tda9887.ko
  LD [M]  drivers/media/tuners/tea5761.ko
  LD [M]  drivers/media/tuners/tea5767.ko
  LD [M]  drivers/media/tuners/tua9001.ko
  LD [M]  drivers/media/tuners/tuner-simple.ko
  LD [M]  drivers/media/tuners/tuner-types.ko
  LD [M]  drivers/media/tuners/xc2028.ko
  LD [M]  drivers/media/tuners/xc4000.ko
  LD [M]  drivers/media/tuners/xc5000.ko
  LD [M]  drivers/media/usb/uvc/uvcvideo.ko
  LD [M]  drivers/media/v4l2-core/v4l2-h264.ko
  LD [M]  drivers/media/v4l2-core/v4l2-jpeg.ko
  LD [M]  drivers/media/v4l2-core/v4l2-vp9.ko
  LD [M]  drivers/mfd/wcd934x.ko
  LD [M]  drivers/mfd/wm8994.ko
  LD [M]  drivers/misc/eeprom/at24.ko
  LD [M]  drivers/misc/eeprom/at25.ko
  LD [M]  drivers/misc/uacce/uacce.ko
  LD [M]  drivers/net/can/dev/can-dev.ko
  LD [M]  drivers/net/can/flexcan/flexcan.ko
  LD [M]  drivers/net/dsa/ocelot/mscc_felix.ko
  LD [M]  drivers/net/dsa/sja1105/sja1105.ko
  LD [M]  drivers/net/ethernet/atheros/atl1c/atl1c.ko
  LD [M]  drivers/net/ethernet/broadcom/bcmsysport.ko
  LD [M]  drivers/net/ethernet/broadcom/bnx2x/bnx2x.ko
  LD [M]  drivers/net/ethernet/broadcom/genet/genet.ko
  LD [M]  drivers/net/ethernet/mellanox/mlx4/mlx4_core.ko
  LD [M]  drivers/net/ethernet/mellanox/mlx4/mlx4_en.ko
  LD [M]  drivers/net/ethernet/mellanox/mlx5/core/mlx5_core.ko
  LD [M]  drivers/net/ethernet/qualcomm/emac/qcom-emac.ko
  LD [M]  drivers/net/ethernet/qualcomm/rmnet/rmnet.ko
  LD [M]  drivers/net/ethernet/stmicro/stmmac/dwmac-generic.ko
  LD [M]  drivers/net/macvlan.ko
  LD [M]  drivers/net/macvtap.ko
  LD [M]  drivers/net/mdio.ko
  LD [M]  drivers/net/mdio/mdio-bcm-unimac.ko
  LD [M]  drivers/net/phy/ax88796b.ko
  LD [M]  drivers/net/phy/bcm-phy-lib.ko
  LD [M]  drivers/net/phy/bcm54140.ko
  LD [M]  drivers/net/phy/bcm7xxx.ko
  LD [M]  drivers/net/phy/broadcom.ko
  LD [M]  drivers/net/phy/marvell.ko
  LD [M]  drivers/net/phy/marvell10g.ko
  LD [M]  drivers/net/phy/microchip.ko
  LD [M]  drivers/net/phy/smsc.ko
  LD [M]  drivers/net/tap.ko
  LD [M]  drivers/net/usb/asix.ko
  LD [M]  drivers/net/usb/ax88179_178a.ko
  LD [M]  drivers/net/usb/cdc_ether.ko
  LD [M]  drivers/net/usb/cdc_ncm.ko
  LD [M]  drivers/net/usb/cdc_subset.ko
  LD [M]  drivers/net/usb/dm9601.ko
  LD [M]  drivers/net/usb/lan78xx.ko
  LD [M]  drivers/net/usb/mcs7830.ko
  LD [M]  drivers/net/usb/net1080.ko
  LD [M]  drivers/net/usb/pegasus.ko
  LD [M]  drivers/net/usb/plusb.ko
  LD [M]  drivers/net/usb/r8153_ecm.ko
  LD [M]  drivers/net/usb/rtl8150.ko
  LD [M]  drivers/net/usb/smsc75xx.ko
  LD [M]  drivers/net/usb/smsc95xx.ko
  LD [M]  drivers/net/usb/sr9800.ko
  LD [M]  drivers/net/usb/zaurus.ko
  LD [M]  drivers/net/veth.ko
  LD [M]  drivers/net/wireless/ti/wl18xx/wl18xx.ko
  LD [M]  drivers/net/wireless/ti/wlcore/wlcore.ko
  LD [M]  drivers/net/wireless/ti/wlcore/wlcore_sdio.ko
  LD [M]  drivers/net/xen-netback/xen-netback.ko
  LD [M]  drivers/nfc/s3fwrn5/s3fwrn5.ko
  LD [M]  drivers/nfc/s3fwrn5/s3fwrn5_i2c.ko
  LD [M]  drivers/nvmem/nvmem-rmem.ko
  LD [M]  drivers/pci/controller/dwc/pci-meson.ko
  LD [M]  drivers/perf/arm-cci.ko
  LD [M]  drivers/perf/arm-ccn.ko
  LD [M]  drivers/perf/arm-cmn.ko
  LD [M]  drivers/perf/arm_dmc620_pmu.ko
  LD [M]  drivers/perf/arm_dsu_pmu.ko
  LD [M]  drivers/perf/arm_smmuv3_pmu.ko
  LD [M]  drivers/perf/arm_spe_pmu.ko
  LD [M]  drivers/platform/chrome/cros_ec_chardev.ko
  LD [M]  drivers/power/supply/bq25890_charger.ko
  LD [M]  drivers/power/supply/bq25980_charger.ko
  LD [M]  drivers/power/supply/max17042_battery.ko
  LD [M]  drivers/power/supply/sbs-battery.ko
  LD [M]  drivers/pwm/pwm-cros-ec.ko
  LD [M]  drivers/pwm/pwm-fsl-ftm.ko
  LD [M]  drivers/pwm/pwm-sl28cpld.ko
  LD [M]  drivers/regulator/tps65132-regulator.ko
  LD [M]  drivers/regulator/vctrl-regulator.ko
  LD [M]  drivers/remoteproc/imx_dsp_rproc.ko
  LD [M]  drivers/rpmsg/imx_rpmsg_pingpong.ko
  LD [M]  drivers/rpmsg/imx_rpmsg_tty.ko
  LD [M]  drivers/rpmsg/rpmsg_char.ko
  LD [M]  drivers/rpmsg/rpmsg_ctrl.ko
  LD [M]  drivers/rtc/rtc-ds1307.ko
  LD [M]  drivers/rtc/rtc-fsl-ftm-alarm.ko
  LD [M]  drivers/rtc/rtc-hym8563.ko
  LD [M]  drivers/rtc/rtc-m41t80.ko
  LD [M]  drivers/rtc/rtc-pcf2127.ko
  LD [M]  drivers/rtc/rtc-pcf2131.ko
  LD [M]  drivers/rtc/rtc-pcf85363.ko
  LD [M]  drivers/rtc/rtc-rk808.ko
  LD [M]  drivers/rtc/rtc-rv3028.ko
  LD [M]  drivers/rtc/rtc-rv8803.ko
  LD [M]  drivers/rtc/rtc-rx8581.ko
  LD [M]  drivers/scsi/mpt3sas/mpt3sas.ko
  LD [M]  drivers/scsi/raid_class.ko
  LD [M]  drivers/slimbus/slim-qcom-ctrl.ko
  LD [M]  drivers/slimbus/slimbus.ko
  LD [M]  drivers/soundwire/soundwire-bus.ko
  LD [M]  drivers/soundwire/soundwire-qcom.ko
  LD [M]  drivers/spi/spi-dw-mmio.ko
  LD [M]  drivers/spi/spi-dw.ko
  LD [M]  drivers/staging/media/imx/imx8-media-dev.ko
  LD [M]  drivers/tee/crypto/tee_crypto.ko
  LD [M]  drivers/tty/rpmsg_tty.ko
  LD [M]  drivers/usb/class/cdc-acm.ko
  LD [M]  drivers/usb/gadget/legacy/g_audio.ko
  LD [M]  drivers/usb/gadget/legacy/g_ether.ko
  LD [M]  drivers/usb/gadget/legacy/g_mass_storage.ko
  LD [M]  drivers/usb/gadget/legacy/g_serial.ko
  LD [M]  drivers/usb/gadget/legacy/g_zero.ko
  LD [M]  drivers/usb/host/xhci-pci-renesas.ko
  LD [M]  drivers/usb/host/xhci-pci.ko
  LD [M]  drivers/usb/misc/usbtest.ko
  LD [M]  drivers/usb/serial/cp210x.ko
  LD [M]  drivers/usb/serial/option.ko
  LD [M]  drivers/usb/serial/usb_wwan.ko
  LD [M]  drivers/usb/typec/hd3ss3220.ko
  LD [M]  drivers/usb/typec/tcpm/fusb302.ko
  LD [M]  drivers/usb/typec/tipd/tps6598x.ko
  LD [M]  drivers/video/backlight/lp855x_bl.ko
  LD [M]  drivers/watchdog/sl28cpld_wdt.ko
  LD [M]  drivers/xen/xen-pciback/xen-pciback.ko
  LD [M]  fs/btrfs/btrfs.ko
  LD [M]  fs/fuse/cuse.ko
  LD [M]  fs/fuse/fuse.ko
  LD [M]  fs/nfs/blocklayout/blocklayoutdriver.ko
  LD [M]  fs/overlayfs/overlay.ko
  LD [M]  lib/crc-ccitt.ko
  LD [M]  lib/crypto/libchacha.ko
  LD [M]  lib/crypto/libcurve25519-generic.ko
  LD [M]  lib/crypto/libdes.ko
  LD [M]  lib/crypto/libpoly1305.ko
  LD [M]  lib/raid6/raid6_pq.ko
  LD [M]  net/bridge/br_netfilter.ko
  LD [M]  net/bridge/netfilter/ebtables.ko
  LD [M]  net/can/can-bcm.ko
  LD [M]  net/can/can-gw.ko
  LD [M]  net/can/can-raw.ko
  LD [M]  net/can/can.ko
  LD [M]  net/core/pktgen.ko
  LD [M]  net/dsa/dsa_core.ko
  LD [M]  net/dsa/tag_ocelot.ko
  LD [M]  net/dsa/tag_ocelot_8021q.ko
  LD [M]  net/dsa/tag_sja1105.ko
  LD [M]  net/ipv4/ip_tunnel.ko
  LD [M]  net/ipv4/netfilter/ip_tables.ko
  LD [M]  net/ipv4/netfilter/ipt_REJECT.ko
  LD [M]  net/ipv4/netfilter/iptable_filter.ko
  LD [M]  net/ipv4/netfilter/iptable_mangle.ko
  LD [M]  net/ipv4/netfilter/iptable_nat.ko
  LD [M]  net/ipv4/netfilter/nf_defrag_ipv4.ko
  LD [M]  net/ipv4/netfilter/nf_reject_ipv4.ko
  LD [M]  net/ipv4/netfilter/nf_socket_ipv4.ko
  LD [M]  net/ipv4/netfilter/nf_tproxy_ipv4.ko
  LD [M]  net/ipv4/tunnel4.ko
  LD [M]  net/ipv6/netfilter/ip6_tables.ko
  LD [M]  net/ipv6/netfilter/ip6t_REJECT.ko
  LD [M]  net/ipv6/netfilter/ip6table_filter.ko
  LD [M]  net/ipv6/netfilter/ip6table_mangle.ko
  LD [M]  net/ipv6/netfilter/ip6table_nat.ko
  LD [M]  net/ipv6/netfilter/nf_defrag_ipv6.ko
  LD [M]  net/ipv6/netfilter/nf_reject_ipv6.ko
  LD [M]  net/ipv6/netfilter/nf_socket_ipv6.ko
  LD [M]  net/ipv6/netfilter/nf_tproxy_ipv6.ko
  LD [M]  net/ipv6/sit.ko
  LD [M]  net/netfilter/ipvs/ip_vs.ko
  LD [M]  net/netfilter/nf_conntrack.ko
  LD [M]  net/netfilter/nf_dup_netdev.ko
  LD [M]  net/netfilter/nf_flow_table.ko
  LD [M]  net/netfilter/nf_log_syslog.ko
  LD [M]  net/netfilter/nf_nat.ko
  LD [M]  net/netfilter/nfnetlink_osf.ko
  LD [M]  net/netfilter/nft_chain_nat.ko
  LD [M]  net/netfilter/nft_compat.ko
  LD [M]  net/netfilter/nft_ct.ko
  LD [M]  net/netfilter/nft_dup_netdev.ko
  LD [M]  net/netfilter/nft_fwd_netdev.ko
  LD [M]  net/netfilter/nft_masq.ko
  LD [M]  net/netfilter/nft_nat.ko
  LD [M]  net/netfilter/x_tables.ko
  LD [M]  net/netfilter/xt_CHECKSUM.ko
  LD [M]  net/netfilter/xt_LOG.ko
  LD [M]  net/netfilter/xt_MASQUERADE.ko
  LD [M]  net/netfilter/xt_addrtype.ko
  LD [M]  net/netfilter/xt_conntrack.ko
  LD [M]  net/netfilter/xt_ipvs.ko
  LD [M]  net/netfilter/xt_mark.ko
  LD [M]  net/netfilter/xt_nat.ko
  LD [M]  net/netfilter/xt_tcpudp.ko
  LD [M]  net/nfc/nci/nci.ko
  LD [M]  net/nfc/nfc.ko
  LD [M]  net/qrtr/qrtr-smd.ko
  LD [M]  net/qrtr/qrtr-tun.ko
  LD [M]  net/qrtr/qrtr.ko
  LD [M]  net/sched/act_gact.ko
  LD [M]  net/sched/act_gate.ko
  LD [M]  net/sched/act_mirred.ko
  LD [M]  net/sched/act_skbedit.ko
  LD [M]  net/sched/cls_basic.ko
  LD [M]  net/sched/cls_flower.ko
  LD [M]  net/sched/cls_u32.ko
  LD [M]  net/sched/sch_cbs.ko
  LD [M]  net/sched/sch_etf.ko
  LD [M]  net/sched/sch_ingress.ko
  LD [M]  net/sched/sch_mqprio.ko
  LD [M]  net/sched/sch_multiq.ko
  LD [M]  net/sched/sch_taprio.ko
  LD [M]  net/sunrpc/auth_gss/rpcsec_gss_krb5.ko
  LD [M]  samples/rpmsg/rpmsg_client_sample.ko
  LD [M]  security/keys/trusted-keys/trusted.ko
  LD [M]  sound/core/snd-hwdep.ko
  LD [M]  sound/drivers/snd-aloop.ko
  LD [M]  sound/soc/codecs/snd-soc-ak4458.ko
  LD [M]  sound/soc/codecs/snd-soc-ak4613.ko
  LD [M]  sound/soc/codecs/snd-soc-ak5558.ko
  LD [M]  sound/soc/codecs/snd-soc-cros-ec-codec.ko
  LD [M]  sound/soc/codecs/snd-soc-dmic.ko
  LD [M]  sound/soc/codecs/snd-soc-es7134.ko
  LD [M]  sound/soc/codecs/snd-soc-es7241.ko
  LD [M]  sound/soc/codecs/snd-soc-gtm601.ko
  LD [M]  sound/soc/codecs/snd-soc-lpass-macro-common.ko
  LD [M]  sound/soc/codecs/snd-soc-lpass-va-macro.ko
  LD [M]  sound/soc/codecs/snd-soc-lpass-wsa-macro.ko
  LD [M]  sound/soc/codecs/snd-soc-max98357a.ko
  LD [M]  sound/soc/codecs/snd-soc-max98927.ko
  LD [M]  sound/soc/codecs/snd-soc-msm8916-analog.ko
  LD [M]  sound/soc/codecs/snd-soc-msm8916-digital.ko
  LD [M]  sound/soc/codecs/snd-soc-pcm186x-i2c.ko
  LD [M]  sound/soc/codecs/snd-soc-pcm186x.ko
  LD [M]  sound/soc/codecs/snd-soc-pcm3168a-i2c.ko
  LD [M]  sound/soc/codecs/snd-soc-pcm3168a.ko
  LD [M]  sound/soc/codecs/snd-soc-pcm512x-i2c.ko
  LD [M]  sound/soc/codecs/snd-soc-pcm512x.ko
  LD [M]  sound/soc/codecs/snd-soc-rl6231.ko
  LD [M]  sound/soc/codecs/snd-soc-rpmsg-ak4497.ko
  LD [M]  sound/soc/codecs/snd-soc-rpmsg-wm8960-i2c.ko
  LD [M]  sound/soc/codecs/snd-soc-rpmsg-wm8960.ko
  LD [M]  sound/soc/codecs/snd-soc-rt5659.ko
  LD [M]  sound/soc/codecs/snd-soc-sgtl5000.ko
  LD [M]  sound/soc/codecs/snd-soc-simple-amplifier.ko
  LD [M]  sound/soc/codecs/snd-soc-simple-mux.ko
  LD [M]  sound/soc/codecs/snd-soc-spdif-rx.ko
  LD [M]  sound/soc/codecs/snd-soc-spdif-tx.ko
  LD [M]  sound/soc/codecs/snd-soc-tas571x.ko
  LD [M]  sound/soc/codecs/snd-soc-tlv320aic31xx.ko
  LD [M]  sound/soc/codecs/snd-soc-tpa6130a2.ko
  LD [M]  sound/soc/codecs/snd-soc-wcd-mbhc.ko
  LD [M]  sound/soc/codecs/snd-soc-wcd934x.ko
  LD [M]  sound/soc/codecs/snd-soc-wm-hubs.ko
  LD [M]  sound/soc/codecs/snd-soc-wm8904.ko
  LD [M]  sound/soc/codecs/snd-soc-wm8960.ko
  LD [M]  sound/soc/codecs/snd-soc-wm8962.ko
  LD [M]  sound/soc/codecs/snd-soc-wm8994.ko
  LD [M]  sound/soc/codecs/snd-soc-wsa881x.ko
  LD [M]  sound/soc/fsl/imx-audio-rpmsg.ko
  LD [M]  sound/soc/fsl/imx-pcm-rpmsg.ko
  LD [M]  sound/soc/fsl/snd-soc-fsl-asoc-card.ko
  LD [M]  sound/soc/fsl/snd-soc-fsl-asrc.ko
  LD [M]  sound/soc/fsl/snd-soc-fsl-aud2htx.ko
  LD [M]  sound/soc/fsl/snd-soc-fsl-audmix.ko
  LD [M]  sound/soc/fsl/snd-soc-fsl-easrc.ko
  LD [M]  sound/soc/fsl/snd-soc-fsl-esai.ko
  LD [M]  sound/soc/fsl/snd-soc-fsl-micfil.ko
  LD [M]  sound/soc/fsl/snd-soc-fsl-mqs.ko
  LD [M]  sound/soc/fsl/snd-soc-fsl-rpmsg.ko
  LD [M]  sound/soc/fsl/snd-soc-fsl-sai.ko
  LD [M]  sound/soc/fsl/snd-soc-fsl-spdif.ko
  LD [M]  sound/soc/fsl/snd-soc-fsl-ssi.ko
  LD [M]  sound/soc/fsl/snd-soc-fsl-utils.ko
  LD [M]  sound/soc/fsl/snd-soc-fsl-xcvr.ko
  LD [M]  sound/soc/fsl/snd-soc-imx-audmix.ko
  LD [M]  sound/soc/fsl/snd-soc-imx-audmux.ko
  LD [M]  sound/soc/fsl/snd-soc-imx-card.ko
  LD [M]  sound/soc/fsl/snd-soc-imx-hdmi.ko
  LD [M]  sound/soc/fsl/snd-soc-imx-pcm512x.ko
  LD [M]  sound/soc/fsl/snd-soc-imx-rpmsg.ko
  LD [M]  sound/soc/fsl/snd-soc-imx-sgtl5000.ko
  LD [M]  sound/soc/fsl/snd-soc-imx-spdif.ko
  LD [M]  sound/soc/sof/imx/imx-common.ko
  LD [M]  sound/soc/sof/imx/snd-sof-imx8.ko
  LD [M]  sound/soc/sof/imx/snd-sof-imx8m.ko
  LD [M]  sound/soc/sof/imx/snd-sof-imx8ulp.ko
  LD [M]  sound/soc/sof/snd-sof-of.ko
  LD [M]  sound/soc/sof/snd-sof-utils.ko
  LD [M]  sound/soc/sof/snd-sof.ko
  LD [M]  sound/soc/sof/xtensa/snd-sof-xtensa-dsp.ko
  LD [M]  sound/usb/snd-usb-audio.ko
  LD [M]  sound/usb/snd-usbmidi-lib.ko
make: Leaving directory '/home/osaleem/repos/linux-imx'
